,Tile,Response,Timestamp,UserID
0,taz-bui-01068,1,2023-10-21 15:08:39,Skyler
1,jor-sau-01378,0,2023-10-21 15:08:40,Skyler
2,chl-arg-13965,0,2023-10-21 15:08:42,Skyler
3,ang-zam-01418,0,2023-10-21 15:08:43,Skyler
4,hai-dom-00065,1,2023-10-21 15:08:45,Skyler
5,mex-gua-01662,1,2023-10-21 15:08:49,Skyler
6,bra-bol-04358,1,2023-10-21 15:08:50,Skyler
7,cdi-gha-01328,1,2023-10-21 15:08:52,Skyler
8,bra-par-03266,1,2023-10-21 15:08:54,Skyler
9,mal-ins-02321,0,2023-10-21 15:08:55,Skyler
10,chn-mon-02582,0,2023-10-21 15:26:16,Skyler
11,ven-guy-00404,1,2023-10-21 15:26:18,Skyler
12,rus-fin-00822,1,2023-10-21 15:26:19,Skyler
13,bra-par-03266,1,2023-10-21 15:26:21,Skyler
14,cha-sud-00334,0,2023-10-21 15:26:24,Skyler
15,gmy-aus-01115,0,2023-10-21 15:26:28,Skyler
16,sud-ssd-05375,1,2023-10-21 15:26:38,Skyler
17,taz-zam-00413,0,2023-10-22 18:00:36,akula
18,chn-mon-12130,0,2023-10-22 18:00:37,akula
19,afg-taj-02060,0,2023-10-22 18:00:41,akula
20,chn-mon-11580,1,2023-10-22 18:00:46,akula
21,chn-mya-04093,0,2023-10-22 18:00:49,akula
22,ind-nep-02765,0,2023-10-22 18:00:52,akula
23,drc-bui-00295,0,2023-10-22 18:00:53,akula
24,chn-mon-01776,1,2023-10-22 18:00:56,akula
25,mya-thi-03860,1,2023-10-22 18:00:58,akula
26,swz-ita-00735,1,2023-10-22 18:01:04,akula
27,chn-mya-03701,1,2023-10-22 18:01:05,akula
28,usa-mex-01257,1,2023-10-22 18:01:09,akula
29,cao-cha-01301,0,2023-10-22 18:01:12,akula
30,hai-dom-00065,1,2023-10-22 18:01:16,akula
31,mya-thi-02349,1,2023-10-22 18:01:18,akula
32,mal-ins-03995,0,2023-10-22 18:01:21,akula
33,ang-zam-00470,0,2023-10-22 18:01:25,akula
34,chn-nep-00299,0,2023-10-22 18:01:31,akula
35,irn-irq-01016,1,2023-10-22 18:01:33,akula
36,chn-ind-04676,0,2023-10-22 18:01:36,akula
37,ven-bra-02061,1,2023-10-22 18:01:38,akula
38,chl-arg-13965,0,2023-10-22 18:01:42,akula
39,cao-cha-01269,1,2023-10-22 18:01:44,akula
40,cha-sud-01195,0,2023-10-22 18:01:47,akula
41,rus-kzk-09750,1,2023-10-22 18:01:49,akula
42,nir-nig-00001,1,2023-10-22 18:01:51,akula
43,saf-les-00014,1,2023-10-22 18:01:52,akula
44,sud-egy-01673,0,2023-10-22 18:01:57,akula
45,sau-yem-01745,0,2023-10-22 18:01:58,akula
46,taz-mzm-01604,1,2023-10-22 18:02:02,akula
47,kyr-kzk-00455,0,2023-10-22 18:02:03,akula
48,afg-tkm-01091,0,2023-10-22 18:02:09,akula
49,chn-prk-02114,0,2023-10-22 18:02:16,akula
50,aze-irn-00445,1,2023-10-22 18:02:18,akula
51,rus-kzk-01768,1,2023-10-22 18:02:19,akula
52,ang-zam-00903,0,2023-10-22 18:02:21,akula
53,saf-bot-01453,1,2023-10-22 18:02:30,akula
54,chl-arg-08320,0,2023-10-22 18:02:40,akula
55,col-ven-04040,0,2023-10-22 18:02:43,akula
56,bra-arg-02248,1,2023-10-22 18:02:45,akula
57,mal-ins-03348,0,2023-10-22 18:02:47,akula
58,usa-can-11981,1,2023-10-22 18:02:49,akula
59,zim-saf-00317,1,2023-10-22 18:02:51,akula
60,hun-cro-00157,1,2023-10-22 18:02:53,akula
61,spn-por-02787,1,2023-10-22 18:02:54,akula
62,cen-drc-02969,1,2023-10-22 18:02:56,akula
63,bra-bol-08165,1,2023-10-22 18:02:57,akula
64,ken-taz-01617,0,2023-10-22 18:02:59,akula
65,ind-pak-00697,0,2023-10-22 18:03:02,akula
66,irq-syr-01424,1,2023-10-22 18:03:03,akula
67,nam-bot-01991,1,2023-10-22 18:03:05,akula
68,saf-bot-02217,1,2023-10-22 18:03:06,akula
69,fin-swd-00131,1,2023-10-22 18:03:08,akula
70,sud-egy-03004,0,2023-10-22 18:03:10,akula
71,syr-jor-00724,0,2023-10-22 18:03:12,akula
72,rus-blr-01140,1,2023-10-22 18:03:13,akula
73,ins-png-01227,1,2023-10-22 18:03:14,akula
74,rus-kzk-01768,1,2023-10-22 18:03:16,akula
75,chl-arg-04303,1,2023-10-22 18:03:20,akula
76,usa-can-11981,1,2023-10-22 18:03:29,akula
77,bra-par-02893,0,2023-10-22 18:03:30,akula
78,mal-ins-02411,0,2023-10-22 18:03:32,akula
79,afg-taj-02419,1,2023-10-22 18:03:36,akula
80,chn-ind-02784,0,2023-10-22 18:03:38,akula
81,sen-gui-00453,0,2023-10-22 18:03:40,akula
82,sud-ssd-02130,0,2023-10-22 18:03:41,akula
83,rus-mon-03033,0,2023-10-22 18:03:43,akula
84,drc-taz-00065,0,2023-10-22 18:03:44,akula
85,ang-nam-00298,1,2023-10-22 18:03:48,akula
86,spn-por-03538,1,2023-10-22 18:03:50,akula
87,cro-yug-00057,1,2023-10-22 18:03:53,akula
88,drc-uga-01595,0,2023-10-22 18:03:55,akula
89,cha-lib-02010,0,2023-10-22 18:03:57,akula
90,chl-arg-04303,1,2023-10-22 18:04:05,akula
91,sen-maa-00910,1,2023-10-22 18:04:36,akula
92,uzb-kzk-00495,1,2023-10-23 17:27:42,ellor
93,ven-bra-02061,1,2023-10-23 17:27:44,ellor
94,gam-sen-01696,1,2023-10-23 17:27:45,ellor
95,irn-afg-01626,1,2023-10-23 17:27:52,ellor
96,chn-pak-00947,0,2023-10-23 17:27:56,ellor
97,guy-sur-01674,1,2023-10-23 17:27:57,ellor
98,per-bra-05689,0,2023-10-23 17:27:59,ellor
99,chn-pak-00947,1,2023-10-23 17:28:01,ellor
100,kyr-kzk-00455,0,2023-10-23 17:28:05,ellor
101,mal-ins-01080,0,2023-10-23 17:28:07,ellor
102,chn-ind-03024,1,2023-10-23 17:28:08,ellor
103,afg-taj-02073,1,2023-10-23 17:28:10,ellor
104,gam-sen-01696,1,2023-10-23 17:28:12,ellor
105,drc-ang-03609,0,2023-10-23 17:28:15,ellor
106,sud-egy-03004,1,2023-10-23 17:28:17,ellor
107,gha-tog-01945,1,2023-10-23 17:28:19,ellor
108,tur-syr-02179,1,2023-10-23 17:28:21,ellor
109,usa-can-11217,1,2023-10-23 17:28:24,ellor
110,bra-frn-01275,0,2023-10-23 17:28:25,ellor
111,som-eth-03148,0,2023-10-23 17:28:27,ellor
112,chn-mon-05624,0,2023-10-23 17:28:29,ellor
113,sud-ssd-01341,0,2023-10-23 17:28:31,ellor
114,mya-thi-02317,1,2023-10-23 17:28:33,ellor
115,guy-bra-02912,0,2023-10-23 17:28:34,ellor
116,eth-ssd-01367,1,2023-10-23 17:28:36,ellor
117,irn-irq-03230,1,2023-10-23 17:28:38,ellor
118,rus-kzk-12262,1,2023-10-23 17:28:40,ellor
119,yug-kos-00637,1,2023-10-23 17:28:45,ellor
120,uzb-kzk-02073,0,2023-10-23 17:28:47,ellor
121,cam-drv-02515,1,2023-10-23 17:28:51,ellor
122,pan-col-00526,0,2023-10-23 17:28:56,ellor
123,chn-ind-05502,1,2023-10-23 17:28:58,ellor
124,rus-kzk-01418,1,2023-10-23 17:29:00,ellor
125,rus-chn-02802,1,2023-10-23 17:29:01,ellor
126,nir-bfo-00385,1,2023-10-23 17:29:03,ellor
127,sud-egy-04227,0,2023-10-23 17:29:17,ellor
128,som-eth-04405,1,2023-10-23 17:29:29,ellor
129,rus-mon-01595,1,2023-10-23 17:29:30,ellor
130,ind-bng-00821,1,2023-10-23 17:29:33,ellor
131,bra-bol-01219,1,2023-10-23 17:29:34,ellor
132,chn-ind-00314,0,2023-10-23 17:29:37,ellor
133,sau-oma-00531,0,2023-10-23 17:29:39,ellor
134,cao-cha-02658,1,2023-10-23 17:29:46,ellor
135,taj-kyr-00601,1,2023-10-23 17:29:50,ellor
136,chl-arg-07798,1,2023-10-23 17:29:52,ellor
137,chn-pak-00170,0,2023-10-23 17:30:11,ellor
138,uga-ssd-00672,1,2023-10-23 17:30:13,ellor
139,saf-bot-00914,1,2023-10-23 17:30:15,ellor
140,usa-mex-05899,1,2023-10-23 17:30:19,ellor
141,bra-arg-00159,0,2023-10-23 17:30:22,ellor
142,usa-can-02711,1,2023-10-23 17:30:39,ellor
143,mya-thi-01149,0,2023-10-23 17:30:41,ellor
144,chn-prk-02114,1,2023-10-23 17:30:43,ellor
145,grc-tur-00525,1,2023-10-23 17:30:48,ellor
146,cen-cha-03868,1,2023-10-23 17:30:56,ellor
147,taj-kyr-01875,1,2023-10-23 17:30:58,ellor
148,rus-blr-02400,0,2023-10-23 17:31:00,ellor
149,ken-ssd-00662,1,2023-10-23 17:31:02,ellor
150,cao-nig-00319,1,2023-10-23 17:31:03,ellor
151,mli-alg-03358,0,2023-10-23 17:31:05,ellor
152,cao-cha-01301,0,2023-10-23 17:31:08,ellor
153,chn-prk-02828,1,2023-10-23 17:31:10,ellor
154,sau-yem-03000,1,2023-10-23 17:31:14,ellor
155,alg-lib-01004,1,2023-10-23 17:31:15,ellor
156,cen-drc-02664,1,2023-10-23 17:31:16,ellor
157,ind-pak-02467,1,2023-10-23 17:31:21,ellor
158,mli-nir-01939,0,2023-10-23 17:31:23,ellor
159,uga-ssd-00536,1,2023-10-23 17:31:26,ellor
160,cao-cen-01900,1,2023-10-23 17:31:28,ellor
161,ind-nep-02765,0,2023-10-23 17:31:32,ellor
162,chn-ind-06259,1,2023-10-23 17:31:35,ellor
163,drc-uga-01291,1,2023-10-23 17:31:38,ellor
164,hon-sal-00705,1,2023-10-23 17:31:40,ellor
165,chn-mon-03050,1,2023-10-23 17:31:42,ellor
166,ken-eth-02018,1,2023-10-23 17:31:44,ellor
167,mzm-maw-01242,1,2023-10-23 17:31:47,ellor
168,swz-gmy-00267,1,2023-10-23 17:31:57,ellor
169,cao-nig-00319,1,2023-10-23 17:31:59,ellor
170,usa-mex-04888,1,2023-10-23 17:32:00,ellor
171,ven-guy-00251,0,2023-10-23 17:32:04,ellor
172,kyr-chn-00467,1,2023-10-23 17:32:05,ellor
173,irn-pak-00848,1,2023-10-23 17:32:07,ellor
174,bra-arg-00159,0,2023-10-23 17:32:08,ellor
175,rus-ukr-01391,1,2023-10-23 17:32:10,ellor
176,mli-sen-00475,1,2023-10-23 17:32:12,ellor
177,nir-cha-01473,0,2023-10-23 17:32:15,ellor
178,hon-nic-02019,0,2023-10-23 17:32:18,ellor
179,cos-pan-00202,0,2023-10-23 17:32:22,ellor
180,rus-kzk-05812,1,2023-10-23 17:32:25,ellor
181,chl-arg-07798,1,2023-10-23 17:32:29,ellor
182,cen-con-00578,0,2023-10-23 17:32:33,ellor
183,ind-nep-00708,1,2023-10-23 17:32:36,ellor
184,chn-prk-02564,1,2023-10-23 17:32:37,ellor
185,usa-can-15974,1,2023-10-23 17:32:38,ellor
186,saf-nam-01253,1,2023-10-23 17:32:44,ellor
187,lit-blr-00738,1,2023-10-23 17:32:51,ellor
188,tun-lib-00408,0,2023-10-23 17:32:56,ellor
189,saf-les-00094,0,2023-10-23 17:33:01,ellor
190,cdi-gha-00726,1,2023-10-23 17:33:04,ellor
191,rus-blr-01140,1,2023-10-23 17:33:05,ellor
192,sud-ssd-03833,0,2023-10-23 17:33:07,ellor
193,spn-por-03538,1,2023-10-23 17:33:09,ellor
194,ven-guy-00251,0,2023-10-23 17:33:11,ellor
195,taz-mzm-01604,1,2023-10-23 17:33:14,ellor
196,rus-chn-01471,0,2023-10-23 17:33:16,ellor
197,arm-aze-00637,1,2023-10-23 17:33:17,ellor
198,taz-zam-00413,0,2023-10-23 17:33:20,ellor
199,mli-nir-01267,0,2023-10-23 17:33:22,ellor
200,col-ven-01885,0,2023-10-23 17:33:25,ellor
201,rus-kzk-10233,1,2023-10-23 17:33:27,ellor
202,kyr-uzb-00237,1,2023-10-23 17:33:29,ellor
203,ins-etm-00310,1,2023-10-23 17:33:30,ellor
204,mli-alg-03291,0,2023-10-23 17:33:32,ellor
205,gab-con-02108,1,2023-10-23 17:33:36,ellor
206,ind-pak-00106,0,2023-10-23 17:33:42,ellor
207,afg-taj-02419,1,2023-10-23 17:33:44,ellor
208,cro-bos-01555,1,2023-10-23 17:33:47,ellor
209,usa-can-03465,1,2023-10-23 17:33:49,ellor
210,mya-thi-04396,0,2023-10-23 17:33:53,ellor
211,gnb-sen-00246,0,2023-10-23 17:33:58,ellor
212,afg-pak-04723,1,2023-10-23 17:34:01,ellor
213,ken-ssd-00662,1,2023-10-23 17:34:02,ellor
214,swz-ita-00735,1,2023-10-23 17:34:05,ellor
215,mli-maa-04630,0,2023-10-23 17:34:10,ellor
216,usa-can-07186,1,2023-10-23 17:34:14,ellor
217,mli-cdi-00459,1,2023-10-23 17:34:16,ellor
218,mli-maa-03054,0,2023-10-23 17:34:17,ellor
219,arm-aze-00390,1,2023-10-23 17:34:24,ellor
220,sud-egy-00216,0,2023-10-23 17:34:26,ellor
221,rus-ukr-03179,1,2023-10-23 17:34:28,ellor
222,tkm-kzk-00928,1,2023-10-23 17:34:29,ellor
223,mli-nir-01939,1,2023-10-23 17:34:31,ellor
224,ind-bhu-00625,0,2023-10-23 17:34:38,ellor
225,chn-ind-09508,0,2023-10-23 17:34:42,ellor
226,uga-ssd-00536,1,2023-10-23 17:34:46,ellor
227,bra-bol-07830,0,2023-10-23 17:34:49,ellor
228,drc-uga-01595,0,2023-10-23 17:34:52,ellor
229,ind-pak-00106,0,2023-10-23 17:34:54,ellor
230,nir-alg-00100,1,2023-10-23 17:34:57,ellor
231,cao-cha-02658,1,2023-10-23 17:35:00,ellor
232,nir-lib-00583,1,2023-10-23 17:35:06,ellor
233,taz-mzm-01604,1,2023-10-23 17:35:09,ellor
234,nam-bot-02250,1,2023-10-23 17:35:12,ellor
235,arm-aze-00390,1,2023-10-23 17:35:13,ellor
236,ang-zam-01087,0,2023-10-23 17:35:16,ellor
237,usa-can-09306,0,2023-10-23 17:35:25,ellor
238,ind-pak-07645,1,2023-10-23 17:35:28,ellor
239,mor-alg-02821,1,2023-10-23 17:35:30,ellor
240,bul-rom-00329,0,2023-10-23 17:35:32,ellor
241,hun-rom-00314,1,2023-10-23 17:35:34,ellor
242,gha-tog-01966,1,2023-10-23 17:35:36,ellor
243,ind-pak-06975,0,2023-10-23 17:35:38,ellor
244,rus-grg-00697,1,2023-10-23 17:35:40,ellor
245,nir-nig-02899,0,2023-10-23 17:35:46,ellor
246,drc-zam-04402,0,2023-10-23 17:35:50,ellor
247,lat-lit-01020,1,2023-10-23 17:35:52,ellor
248,maa-alg-00113,1,2023-10-23 17:35:57,ellor
249,bra-arg-02248,1,2023-10-23 17:35:59,ellor
250,sau-yem-02745,1,2023-10-23 17:36:02,ellor
251,uzb-kzk-00429,1,2023-10-23 17:36:05,ellor
252,jor-isr-00271,1,2023-10-23 17:36:08,ellor
253,sau-yem-03000,1,2023-10-23 17:36:13,ellor
254,mac-grc-00351,1,2023-10-23 17:36:16,ellor
255,hun-cro-00228,1,2023-10-23 17:36:24,ellor
256,rus-ukr-01535,1,2023-10-23 17:36:26,ellor
257,chl-arg-07798,1,2023-10-23 17:36:28,ellor
258,taz-zam-00494,1,2023-10-23 17:36:31,ellor
259,usa-mex-04888,1,2023-10-23 17:36:33,ellor
260,col-ven-03172,0,2023-10-23 17:36:34,ellor
261,rus-chn-04501,0,2023-10-23 17:36:36,ellor
262,taz-mzm-00206,1,2023-10-23 17:36:39,ellor
263,irq-jor-00400,1,2023-10-23 17:36:40,ellor
264,jor-sau-00905,1,2023-10-23 17:36:41,ellor
265,grg-tur-00197,0,2023-10-23 17:36:44,ellor
266,bra-bol-03492,1,2023-10-23 17:36:46,ellor
267,syr-jor-00724,1,2023-10-23 17:36:53,ellor
268,uga-ssd-00442,0,2023-10-23 17:36:57,ellor
269,chn-mya-00877,1,2023-10-23 17:36:59,ellor
270,ind-pak-02118,1,2023-10-23 17:37:01,ellor
271,mld-ukr-01870,1,2023-10-23 17:37:03,ellor
272,spn-por-03232,1,2023-10-23 17:37:04,ellor
273,bol-chl-02070,1,2023-10-23 17:37:10,ellor
274,ind-nep-02765,0,2023-10-23 17:37:12,ellor
275,arm-aze-02412,1,2023-10-23 17:37:18,ellor
276,grg-aze-00649,1,2023-10-23 17:37:20,ellor
277,rus-aze-00491,1,2023-10-23 17:37:24,ellor
278,rus-kzk-02477,1,2023-10-23 17:37:26,ellor
279,mor-alg-02138,1,2023-10-23 17:37:32,ellor
280,ang-nam-02456,1,2023-10-23 17:37:35,ellor
281,ind-nep-00273,1,2023-10-23 17:37:40,ellor
282,mli-maa-01022,1,2023-10-23 17:37:43,ellor
283,rus-kzk-02382,1,2023-10-23 17:37:52,ellor
284,nir-cha-01473,0,2023-10-23 17:37:55,ellor
285,rus-kzk-10911,1,2023-10-23 17:37:58,ellor
286,taj-kyr-00601,1,2023-10-23 17:38:01,ellor
287,mya-thi-02317,1,2023-10-23 17:38:08,ellor
288,taj-kyr-01646,1,2023-10-23 17:38:11,ellor
289,irn-irq-03057,1,2023-10-23 17:38:13,ellor
290,ven-bra-02061,1,2023-10-23 17:38:15,ellor
291,cam-drv-02515,1,2023-10-23 17:38:20,ellor
292,nir-bfo-00385,1,2023-10-23 17:38:22,ellor
293,hai-dom-00766,1,2023-10-23 17:38:24,ellor
294,swz-ita-01509,1,2023-10-23 17:38:28,ellor
295,pol-czr-00637,1,2023-10-23 17:38:30,ellor
296,drc-uga-01167,1,2023-10-23 17:38:31,ellor
297,cao-cha-01269,1,2023-10-23 17:38:34,ellor
298,chn-mya-03184,1,2023-10-23 17:38:37,ellor
299,drc-ssd-00486,0,2023-10-23 17:38:39,ellor
300,kyr-kzk-00455,0,2023-10-23 17:38:43,ellor
301,guy-bra-00711,0,2023-10-23 17:38:45,ellor
302,usa-mex-07328,1,2023-10-23 17:38:47,ellor
303,frn-ita-00871,1,2023-10-23 17:38:49,ellor
304,cdi-gha-01328,1,2023-10-23 17:38:51,ellor
305,arm-aze-02412,1,2023-10-23 17:38:52,ellor
306,rus-fin-01143,1,2023-10-23 17:38:55,ellor
307,mld-ukr-01482,1,2023-10-23 17:38:56,ellor
308,guy-sur-00184,0,2023-10-23 17:39:05,ellor
309,chn-mya-03184,1,2023-10-23 17:39:09,ellor
310,cha-lib-02010,0,2023-10-23 17:39:13,ellor
311,col-bra-01303,0,2023-10-23 17:39:16,ellor
312,taz-rwa-00026,1,2023-10-23 17:39:18,ellor
313,usa-can-11217,1,2023-10-23 17:39:21,ellor
314,usa-can-11217,1,2023-10-23 17:39:27,ellor
315,irn-pak-00285,1,2023-10-23 17:39:35,ellor
316,col-bra-01646,0,2023-10-23 17:39:38,ellor
317,hun-cro-00157,1,2023-10-23 17:39:42,ellor
318,ukr-blr-01377,1,2023-10-23 17:39:43,ellor
319,mor-alg-01949,1,2023-10-23 17:39:45,ellor
320,nir-nig-02899,0,2023-10-23 17:39:50,ellor
321,nir-bfo-00872,0,2023-10-23 17:39:55,ellor
322,usa-can-11785,1,2023-10-23 17:39:59,ellor
323,irn-pak-00848,1,2023-10-23 17:40:00,ellor
324,swd-nor-02138,0,2023-10-23 17:40:12,ellor
325,mzm-maw-02515,1,2023-10-23 17:40:25,ellor
326,kyr-chn-00222,1,2023-10-23 17:40:28,ellor
327,mzm-zim-00652,0,2023-10-23 17:40:29,ellor
328,drc-bui-00371,0,2023-10-23 17:40:32,ellor
329,mli-bfo-00885,1,2023-10-23 17:40:34,ellor
330,nir-cha-00776,0,2023-10-23 17:40:36,ellor
331,cos-pan-00229,1,2023-10-23 17:40:39,ellor
332,yug-bos-00531,1,2023-10-23 17:40:42,ellor
333,syr-leb-00314,1,2023-10-23 17:40:44,ellor
334,ang-nam-01044,1,2023-10-23 17:40:46,ellor
335,yug-bos-00449,1,2023-10-23 17:40:48,ellor
336,gam-sen-01001,1,2023-10-23 17:40:50,ellor
337,chn-mon-04067,0,2023-10-23 17:40:59,ellor
338,uzb-kzk-00495,1,2023-10-23 17:41:01,ellor
339,cen-con-00572,0,2023-10-23 17:41:08,ellor
340,drc-ssd-01442,1,2023-10-23 17:41:10,ellor
341,rus-fin-02784,1,2023-10-23 17:41:12,ellor
342,uzb-kzk-05828,1,2023-10-23 17:41:14,ellor
343,chl-arg-08364,1,2023-10-23 17:41:16,ellor
344,mli-maa-02551,1,2023-10-23 17:41:19,ellor
345,drc-bui-00295,0,2023-10-23 17:41:21,ellor
346,mzm-zim-02264,1,2023-10-23 17:41:25,ellor
347,ben-nig-00337,1,2023-10-23 17:41:36,ellor
348,chn-mya-00877,1,2023-10-23 17:41:38,ellor
349,mli-sen-00475,1,2023-10-23 17:41:40,ellor
350,jor-isr-00271,1,2023-10-23 17:41:45,ellor
351,maa-alg-00113,1,2023-10-23 17:41:48,ellor
352,cha-lib-00461,0,2023-10-23 17:41:50,ellor
353,cao-cen-00333,1,2023-10-23 17:41:54,ellor
354,taz-mzm-01351,1,2023-10-23 17:41:57,ellor
355,som-eth-02235,0,2023-10-23 17:42:00,ellor
356,rus-mon-03033,1,2023-10-23 17:42:02,ellor
357,usa-can-03030,1,2023-10-23 17:42:05,ellor
358,cdi-gha-01328,1,2023-10-23 17:42:07,ellor
359,rus-kzk-10911,1,2023-10-23 17:42:18,ellor
360,gab-con-02108,1,2023-10-23 17:42:20,ellor
361,afg-taj-00401,1,2023-10-23 17:42:23,ellor
362,mzm-zim-00600,1,2023-10-23 17:42:26,ellor
363,chl-arg-11031,1,2023-10-23 17:42:40,ellor
364,rus-chn-10231,1,2023-10-23 17:42:42,ellor
365,drc-ang-03609,0,2023-10-23 17:42:44,ellor
366,pol-slo-00543,1,2023-10-23 17:42:47,ellor
367,usa-can-18505,1,2023-10-23 17:42:50,ellor
368,drc-zam-04989,1,2023-10-23 17:42:52,ellor
369,chn-mon-09756,1,2023-10-23 17:42:56,ellor
370,bra-bol-01685,1,2023-10-23 17:43:03,ellor
371,chn-mon-07710,1,2023-10-23 17:43:05,ellor
372,con-drc-01592,0,2023-10-23 17:43:07,ellor
373,rus-mon-05077,1,2023-10-23 17:43:10,ellor
374,cen-con-00578,0,2023-10-23 17:43:14,ellor
375,tur-syr-01952,1,2023-10-23 17:43:16,ellor
376,taz-bui-00241,1,2023-10-23 17:43:18,ellor
377,mya-lao-00158,1,2023-10-23 17:43:21,ellor
378,eqg-cao-00307,0,2023-10-23 17:43:24,ellor
379,pan-col-00526,0,2023-10-23 17:43:27,ellor
380,ukg-ire-00614,1,2023-10-23 17:43:29,ellor
381,usa-can-03030,1,2023-10-23 17:43:32,ellor
382,sud-ssd-05375,1,2023-10-23 17:43:35,ellor
383,gab-con-00836,0,2023-10-23 17:43:40,ellor
384,dji-eth-00274,1,2023-10-23 17:43:43,ellor
385,rus-kzk-03415,1,2023-10-23 17:43:45,ellor
386,mzm-zim-00652,0,2023-10-23 17:44:27,ellor
387,kyr-uzb-00980,1,2023-10-23 17:44:37,ellor
388,kyr-kzk-02169,1,2023-10-23 17:44:40,ellor
389,irn-tkm-01711,1,2023-10-23 17:44:42,ellor
390,sen-maa-00910,1,2023-10-23 17:44:45,ellor
391,rus-blr-01140,1,2023-10-23 17:44:47,ellor
392,fin-swd-01427,1,2023-10-23 17:44:49,ellor
393,rus-kzk-09750,1,2023-10-23 17:44:51,ellor
394,fin-swd-00131,1,2023-10-23 17:44:59,ellor
395,sud-egy-03789,1,2023-10-23 17:45:05,ellor
396,drc-ssd-00486,0,2023-10-23 17:45:07,ellor
397,uga-rwa-00069,1,2023-10-23 17:45:11,ellor
398,bra-bol-03492,1,2023-10-23 17:45:13,ellor
399,ang-zam-00903,0,2023-10-23 17:45:18,ellor
400,ind-nep-02894,1,2023-10-23 17:45:25,ellor
401,nir-nig-02926,0,2023-10-23 17:45:29,ellor
402,taj-kyr-01691,1,2023-10-23 17:45:36,ellor
403,mal-ins-01555,0,2023-10-23 17:45:40,ellor
404,swd-nor-02138,0,2023-10-23 17:45:48,ellor
405,spn-por-03034,1,2023-10-23 17:45:50,ellor
406,hon-sal-00705,1,2023-10-23 17:45:52,ellor
407,gnb-sen-00246,0,2023-10-23 17:46:07,ellor
408,usa-mex-00643,1,2023-10-23 17:46:10,ellor
409,irn-pak-00575,1,2023-10-23 17:46:15,ellor
410,usa-can-11785,1,2023-10-23 17:46:17,ellor
411,mli-bfo-00885,1,2023-10-23 17:46:20,ellor
412,alb-grc-00049,0,2023-10-23 17:46:23,ellor
413,mex-gua-00908,1,2023-10-23 17:46:24,ellor
414,rus-blr-01433,0,2023-10-23 17:46:27,ellor
415,guy-sur-01674,1,2023-10-23 17:46:29,ellor
416,hun-cro-00170,1,2023-10-23 17:46:33,ellor
417,uzb-kzk-00429,0,2023-10-23 17:46:35,ellor
418,cen-con-00578,0,2023-10-23 17:46:38,ellor
419,col-bra-01414,1,2023-10-23 17:46:40,ellor
420,chn-pak-00170,1,2023-10-23 17:47:01,ellor
421,yug-bul-00119,1,2023-10-23 17:47:05,ellor
422,cen-drc-01818,1,2023-10-23 17:47:13,ellor
423,saf-nam-00289,1,2023-10-23 17:47:15,ellor
424,ind-mya-02317,1,2023-10-23 17:47:17,ellor
425,chn-mon-11962,1,2023-10-23 17:47:19,ellor
426,sud-egy-00060,0,2023-10-23 17:47:30,ellor
427,maa-alg-00857,0,2023-10-23 17:47:35,ellor
428,gam-sen-01001,1,2023-10-23 17:47:41,ellor
429,sud-ssd-05375,1,2023-10-23 17:47:45,ellor
430,gab-con-00836,0,2023-10-23 17:47:49,ellor
431,ven-guy-00404,1,2023-10-23 17:48:03,ellor
432,mal-ins-03120,0,2023-10-23 17:48:09,ellor
433,gmy-czr-01047,1,2023-10-23 17:48:17,ellor
434,rus-kzk-05812,1,2023-10-23 17:48:22,ellor
435,rus-kzk-10233,1,2023-10-23 17:48:24,ellor
436,som-eth-04405,1,2023-10-23 17:48:48,ellor
437,uzb-kzk-05947,0,2023-10-23 17:48:52,ellor
438,chn-mon-05844,1,2023-10-23 17:49:06,ellor
439,spn-por-03034,1,2023-10-23 17:49:08,ellor
440,rus-chn-09360,1,2023-10-23 17:49:11,ellor
441,rus-kzk-15257,1,2023-10-23 17:49:13,ellor
442,saf-les-01382,1,2023-10-23 17:49:16,ellor
443,yug-bos-00531,1,2023-10-23 17:49:19,ellor
444,ind-mya-01603,0,2023-10-23 17:49:23,ellor
445,afg-taj-02419,1,2023-10-23 17:49:25,ellor
446,saf-nam-00607,1,2023-10-23 17:49:27,ellor
447,ind-mya-01603,0,2023-10-23 17:49:29,ellor
448,ind-pak-01567,1,2023-10-23 17:49:32,ellor
449,mzm-maw-02453,1,2023-10-23 17:49:34,ellor
450,hon-nic-00340,1,2023-10-23 17:49:36,ellor
451,cao-cha-01427,1,2023-10-23 17:49:38,ellor
452,chl-arg-13984,1,2023-10-23 17:49:43,ellor
453,spn-por-03366,1,2023-10-23 17:49:46,ellor
454,col-per-01921,0,2023-10-23 17:49:49,ellor
455,cam-drv-00363,1,2023-10-23 17:49:52,ellor
456,chn-ind-05502,1,2023-10-23 17:49:54,ellor
457,afg-pak-04640,1,2023-10-23 17:49:56,ellor
458,rus-ukr-01635,1,2023-10-23 17:49:59,ellor
459,spn-por-01677,1,2023-10-23 17:50:03,ellor
460,nir-bfo-00258,0,2023-10-23 17:50:11,ellor
461,rus-chn-06045,0,2023-10-23 17:50:32,ellor
462,mzm-saf-00799,1,2023-10-23 17:50:37,ellor
463,chn-mon-08054,1,2023-10-23 17:50:39,ellor
464,pan-col-00066,0,2023-10-23 17:50:41,ellor
465,arm-aze-00637,1,2023-10-23 17:50:45,ellor
466,mli-sen-00475,1,2023-10-23 17:50:47,ellor
467,usa-can-08125,0,2023-10-23 17:50:52,ellor
468,usa-mex-01257,1,2023-10-23 17:50:56,ellor
469,nir-nig-03009,0,2023-10-23 17:51:10,ellor
470,mzm-zim-00600,1,2023-10-23 17:51:13,ellor
471,cen-con-00619,0,2023-10-23 17:51:19,ellor
472,saf-nam-00289,1,2023-10-23 17:51:25,ellor
473,mli-maa-02551,1,2023-10-23 17:51:27,ellor
474,drc-uga-01595,0,2023-10-23 17:51:30,ellor
475,chn-drv-00810,0,2023-10-23 17:51:33,ellor
476,sen-maa-01828,1,2023-10-23 17:51:40,ellor
477,nir-bfo-00026,1,2023-10-23 17:51:52,ellor
478,rus-grg-01694,1,2023-10-23 17:51:55,ellor
479,hon-nic-01596,1,2023-10-23 17:51:57,ellor
480,mya-thi-05128,1,2023-10-23 17:52:01,ellor
481,kyr-chn-01123,0,2023-10-23 17:52:03,ellor
482,cro-bos-00681,0,2023-10-23 17:52:07,ellor
483,cao-cha-01765,0,2023-10-23 17:52:16,ellor
484,rus-kzk-15257,1,2023-10-23 17:52:18,ellor
485,rus-ukr-01665,1,2023-10-23 17:52:21,ellor
486,ken-eth-01960,1,2023-10-23 17:52:22,ellor
487,usa-can-16399,1,2023-10-23 17:52:24,ellor
488,bra-frn-01304,1,2023-10-23 17:52:25,ellor
489,mya-thi-04927,0,2023-10-23 17:52:30,ellor
490,irn-pak-00848,1,2023-10-23 17:52:32,ellor
491,col-ven-04376,0,2023-10-23 17:52:34,ellor
492,rus-chn-03049,1,2023-10-23 17:52:37,ellor
493,col-ven-03357,1,2023-10-23 17:52:39,ellor
494,mor-alg-01949,1,2023-10-23 17:52:40,ellor
495,nam-bot-01991,1,2023-10-23 17:52:42,ellor
496,irq-syr-01424,1,2023-10-23 17:52:44,ellor
497,taz-mzm-00931,1,2023-10-23 17:52:46,ellor
498,chl-arg-11450,1,2023-10-23 17:52:48,ellor
499,usa-can-09615,0,2023-10-23 17:52:50,ellor
500,taj-kyr-01646,1,2023-10-23 17:52:51,ellor
501,usa-can-09745,1,2023-10-23 17:52:54,ellor
502,rus-mon-02517,0,2023-10-23 17:53:05,ellor
503,nir-bfo-00258,0,2023-10-23 17:53:16,ellor
504,usa-can-13875,1,2023-10-23 17:53:18,ellor
505,drc-ssd-00486,0,2023-10-23 17:53:21,ellor
506,cao-cha-01427,1,2023-10-23 17:53:24,ellor
507,usa-can-17283,1,2023-10-23 17:53:25,ellor
508,afg-tkm-01885,1,2023-10-23 17:53:28,ellor
509,cao-nig-03978,1,2023-10-23 17:53:30,ellor
510,sau-yem-00001,0,2023-10-23 17:53:36,ellor
511,arg-uru-00125,0,2023-10-23 17:53:39,ellor
512,rus-lit-00141,1,2023-10-23 17:53:41,ellor
513,chn-ind-05502,1,2023-10-23 17:53:43,ellor
514,bra-frn-01304,1,2023-10-23 17:53:46,ellor
515,ind-mya-01438,0,2023-10-23 17:53:53,ellor
516,ven-bra-03954,0,2023-10-23 17:53:56,ellor
517,usa-mex-06769,1,2023-10-23 17:53:59,ellor
518,aze-irn-00092,1,2023-10-23 17:54:00,ellor
519,irn-irq-01204,1,2023-10-23 17:54:11,ellor
520,zim-bot-00716,1,2023-10-23 17:54:18,ellor
521,alg-lib-01004,1,2023-10-23 17:54:20,ellor
522,pol-slo-00543,1,2023-10-23 17:54:32,ellor
523,gha-tog-01966,0,2023-10-23 17:54:44,ellor
524,rus-blr-02400,0,2023-10-23 17:54:49,ellor
525,chl-arg-06983,1,2023-10-23 17:54:57,ellor
526,cao-cha-01427,1,2023-10-23 17:55:10,ellor
527,rus-ukr-01665,1,2023-10-23 17:55:14,ellor
528,col-per-00212,0,2023-10-23 17:55:21,ellor
529,irn-irq-01204,1,2023-10-23 17:56:47,ellor
530,bra-bol-01779,1,2023-10-23 17:56:49,ellor
531,usa-can-11785,1,2023-10-23 17:56:51,ellor
532,ken-eth-01534,1,2023-10-23 17:56:53,ellor
533,swz-ita-01509,1,2023-10-23 17:57:00,ellor
534,yug-bul-00033,1,2023-10-23 17:57:04,ellor
535,nth-gmy-00557,1,2023-10-23 17:57:06,ellor
536,ken-taz-01617,1,2023-10-23 17:57:21,ellor
537,mli-alg-02798,1,2023-10-23 17:57:25,ellor
538,bol-chl-00297,0,2023-10-23 17:57:30,ellor
539,rus-kzk-03029,1,2023-10-23 17:57:40,ellor
540,per-bra-02504,0,2023-10-23 17:57:47,ellor
541,kyr-chn-00467,1,2023-10-23 17:57:50,ellor
542,mal-ins-01555,0,2023-10-23 17:57:54,ellor
543,chn-mya-03184,1,2023-10-23 17:58:01,ellor
544,irn-irq-03230,1,2023-10-23 17:58:04,ellor
545,nam-bot-01228,1,2023-10-23 17:58:10,ellor
546,hon-sal-00705,1,2023-10-23 17:58:16,ellor
547,cao-cha-02300,1,2023-10-23 17:58:19,ellor
548,bel-gmy-00323,1,2023-10-23 17:58:21,ellor
549,taj-kyr-00601,1,2023-10-23 17:58:48,ellor
550,nam-bot-02816,1,2023-10-23 17:58:50,ellor
551,nam-bot-02816,1,2023-10-23 17:58:55,ellor
552,sur-bra-00706,0,2023-10-23 17:58:57,ellor
553,usa-can-08465,0,2023-10-23 17:59:01,ellor
554,cro-yug-00636,1,2023-10-23 17:59:10,ellor
555,ven-bra-03954,0,2023-10-23 17:59:12,ellor
556,sau-oma-00258,0,2023-10-23 17:59:18,ellor
557,rus-mon-03330,1,2023-10-23 17:59:25,ellor
558,cro-bos-02207,1,2023-10-23 17:59:28,ellor
559,col-ven-00510,1,2023-10-23 17:59:39,ellor
560,cdi-gha-01113,0,2023-10-23 17:59:45,ellor
561,cen-con-00619,0,2023-10-23 17:59:51,ellor
562,gab-con-01567,0,2023-10-23 18:00:08,ellor
563,mli-gui-01322,0,2023-10-23 18:00:15,ellor
564,tkm-kzk-00127,1,2023-10-23 18:00:18,ellor
565,ind-bhu-00625,0,2023-10-23 18:00:21,ellor
566,ind-nep-01651,1,2023-10-23 18:00:27,ellor
567,usa-can-09306,0,2023-10-23 18:00:33,ellor
568,rus-kzk-16258,0,2023-10-23 18:00:37,ellor
569,rus-kzk-05812,1,2023-10-23 18:00:39,ellor
570,irn-tkm-02160,1,2023-10-23 18:00:43,ellor
571,rus-mon-05082,1,2023-10-23 18:00:45,ellor
572,chn-drv-02260,0,2023-10-23 18:00:47,ellor
573,usa-mex-04888,1,2023-10-23 18:00:49,ellor
574,per-bra-05715,1,2023-10-23 18:00:52,ellor
575,ben-bfo-00320,1,2023-10-23 18:00:55,ellor
576,per-bra-05715,1,2023-10-23 18:01:02,ellor
577,cos-pan-00202,0,2023-10-23 18:01:05,ellor
578,chn-drv-00794,1,2023-10-23 18:01:16,ellor
579,arm-aze-00390,1,2023-10-23 18:01:27,ellor
580,dji-eth-00274,1,2023-10-23 18:01:29,ellor
581,swz-ita-01509,0,2023-10-24 00:10:46,ellor
582,mac-grc-00351,1,2023-10-24 00:10:48,ellor
583,ind-mya-00210,1,2023-10-24 00:10:51,ellor
584,aus-hun-00908,0,2023-10-24 00:10:55,ellor
585,cro-slv-00461,1,2023-10-24 00:10:56,ellor
586,ken-eth-01197,1,2023-10-24 00:10:59,ellor
587,nir-nig-03009,0,2023-10-24 00:11:01,ellor
588,bra-frn-01304,1,2023-10-24 00:11:02,ellor
589,nic-cos-00721,0,2023-10-24 00:11:05,ellor
590,usa-mex-01186,1,2023-10-24 00:11:07,ellor
591,ind-mya-01438,0,2023-10-24 00:11:09,ellor
592,gab-con-00946,1,2023-10-24 00:11:12,ellor
593,rus-chn-03049,0,2023-10-24 00:11:15,ellor
594,mal-ins-03557,0,2023-10-24 00:11:17,ellor
595,hun-rom-00314,1,2023-10-24 00:11:20,ellor
596,mzm-maw-02515,1,2023-10-24 00:11:25,ellor
597,taj-kyr-01036,1,2023-10-24 00:11:29,ellor
598,bra-bol-04948,1,2023-10-24 00:11:31,ellor
599,taz-mzm-00117,1,2023-10-24 00:11:32,ellor
600,chl-arg-06983,1,2023-10-24 00:11:34,ellor
601,mzm-maw-03132,0,2023-10-24 00:11:37,ellor
602,sud-ssd-01341,0,2023-10-24 00:11:39,ellor
603,rus-fin-00410,1,2023-10-24 00:11:41,ellor
604,aze-irn-00350,1,2023-10-24 00:11:43,ellor
605,ang-zam-00254,0,2023-10-24 00:11:46,ellor
606,yem-oma-00439,0,2023-10-24 00:11:48,ellor
607,alg-lib-00866,0,2023-10-24 00:11:50,ellor
608,usa-can-13875,1,2023-10-24 00:11:52,ellor
609,drc-taz-00065,0,2023-10-24 00:11:54,ellor
610,nam-bot-02396,1,2023-10-24 00:11:56,ellor
611,arg-uru-01006,0,2023-10-24 00:11:59,ellor
612,uga-ssd-00672,1,2023-10-24 00:12:02,ellor
613,mex-gua-01131,1,2023-10-24 00:12:05,ellor
614,tkm-kzk-00127,1,2023-10-24 00:12:30,ellor
615,zim-bot-00824,1,2023-10-24 00:12:32,ellor
616,chl-arg-11589,0,2023-10-24 00:12:36,ellor
617,mli-alg-00347,0,2023-10-24 00:12:42,ellor
618,usa-can-03030,1,2023-10-24 00:12:44,ellor
619,rus-grg-00543,1,2023-10-24 00:12:47,ellor
620,lbr-sie-00655,1,2023-10-24 00:12:50,ellor
621,sud-ssd-01341,0,2023-10-24 00:12:52,ellor
622,chn-mya-03701,1,2023-10-24 00:12:55,ellor
623,rus-blr-00670,0,2023-10-24 00:12:57,ellor
624,mng-bos-00180,0,2023-10-24 00:13:00,ellor
625,sud-egy-00060,0,2023-10-24 00:13:03,ellor
626,col-ven-04040,1,2023-10-24 00:13:05,ellor
627,ken-ssd-00078,1,2023-10-24 00:13:08,ellor
628,chl-arg-04303,0,2023-10-24 00:13:14,ellor
629,gmy-pol-00816,1,2023-10-24 00:13:16,ellor
630,ukr-blr-01377,1,2023-10-24 00:13:18,ellor
631,gmy-pol-00658,1,2023-10-24 00:13:20,ellor
632,rus-ukr-00281,1,2023-10-24 00:13:22,ellor
633,mli-alg-03358,0,2023-10-24 00:13:24,ellor
634,usa-can-18580,0,2023-10-24 00:13:29,ellor
635,hun-cro-00157,1,2023-10-24 00:13:31,ellor
636,par-arg-04669,1,2023-10-24 00:13:34,ellor
637,chn-ind-00314,0,2023-10-24 00:13:36,ellor
638,drc-ang-03609,0,2023-10-24 00:13:38,ellor
639,col-ven-03357,1,2023-10-24 00:13:40,ellor
640,ind-pak-07647,1,2023-10-24 00:13:43,ellor
641,mli-gui-01322,0,2023-10-24 00:13:46,ellor
642,ben-nir-00179,1,2023-10-24 00:13:48,ellor
643,gui-sie-00429,1,2023-10-24 00:13:50,ellor
644,rus-kzk-03029,1,2023-10-24 00:13:52,ellor
645,chl-arg-12923,0,2023-10-24 00:13:56,ellor
646,ins-etm-00310,1,2023-10-24 00:13:57,ellor
647,per-bra-02408,0,2023-10-24 00:14:00,ellor
648,nir-bfo-00872,0,2023-10-24 00:14:02,ellor
649,kyr-chn-01532,1,2023-10-24 00:14:06,ellor
650,ukr-blr-01625,0,2023-10-24 00:14:08,ellor
651,frn-ita-00554,0,2023-10-24 00:14:15,ellor
652,par-arg-01013,0,2023-10-24 00:14:19,ellor
653,ind-bng-00821,1,2023-10-24 00:14:21,ellor
654,ken-ssd-00078,1,2023-10-24 00:14:25,ellor
655,irq-syr-01424,1,2023-10-24 00:14:27,ellor
656,swz-ita-02057,1,2023-10-24 00:14:30,ellor
657,nam-bot-02250,1,2023-10-24 00:14:32,ellor
658,chn-mon-01598,0,2023-10-24 00:14:34,ellor
659,chn-ind-02784,0,2023-10-24 00:14:38,ellor
660,afg-tkm-01091,1,2023-10-24 00:14:40,ellor
661,chn-mon-09718,1,2023-10-24 00:14:43,ellor
662,sur-frn-01237,1,2023-10-24 00:14:45,ellor
663,hai-dom-00766,1,2023-10-24 00:14:47,ellor
664,nam-bot-01991,1,2023-10-24 00:14:48,ellor
665,irn-irq-03230,1,2023-10-24 00:14:49,ellor
666,taj-kyr-01646,1,2023-10-24 00:14:50,ellor
667,lao-drv-04270,0,2023-10-24 00:14:53,ellor
668,chn-mon-01598,0,2023-10-24 00:14:55,ellor
669,rus-ukr-01665,1,2023-10-24 00:14:58,ellor
670,gab-con-01567,0,2023-10-24 00:15:00,ellor
671,chn-mon-06685,1,2023-10-24 00:15:05,ellor
672,uzb-kzk-04421,0,2023-10-24 00:15:08,ellor
673,col-ecu-00051,1,2023-10-24 00:15:11,ellor
674,irn-irq-01016,1,2023-10-24 00:15:13,ellor
675,cen-drc-02559,1,2023-10-24 00:15:14,ellor
676,gha-tog-00676,1,2023-10-24 00:15:16,ellor
677,ind-nep-03503,0,2023-10-24 00:15:24,ellor
678,rus-mon-01549,1,2023-10-24 00:15:26,ellor
679,drc-ang-01064,0,2023-10-24 00:15:28,ellor
680,rus-fin-00410,1,2023-10-24 00:15:29,ellor
681,ken-eth-01960,1,2023-10-24 00:15:31,ellor
682,chn-ind-01452,0,2023-10-24 00:15:33,ellor
683,sud-egy-00060,0,2023-10-24 00:15:35,ellor
684,bra-bol-09288,1,2023-10-24 00:15:38,ellor
685,drc-ang-02875,1,2023-10-24 00:15:40,ellor
686,spn-por-03232,1,2023-10-24 00:15:41,ellor
687,usa-can-09745,1,2023-10-24 00:15:42,ellor
688,ind-mya-01603,0,2023-10-24 00:15:44,ellor
689,mor-alg-01188,0,2023-10-24 00:15:48,ellor
690,ang-zam-01418,0,2023-10-24 00:15:49,ellor
691,cro-bos-01021,1,2023-10-24 00:15:51,ellor
692,chn-ind-06259,1,2023-10-24 00:15:56,ellor
693,mli-alg-02579,0,2023-10-24 00:15:58,ellor
694,maa-alg-00850,0,2023-10-24 00:16:00,ellor
695,nir-nig-01630,0,2023-10-24 00:16:03,ellor
696,cao-cha-00293,1,2023-10-24 00:16:05,ellor
697,thi-lao-00879,1,2023-10-24 00:16:07,ellor
698,chn-ind-03024,1,2023-10-24 00:16:09,ellor
699,mld-ukr-02187,1,2023-10-24 00:16:13,ellor
700,ind-nep-00273,1,2023-10-24 00:16:15,ellor
701,chn-drv-00810,0,2023-10-24 00:16:19,ellor
702,blz-gua-00051,1,2023-10-24 00:16:21,ellor
703,rus-mon-02109,0,2023-10-24 00:16:24,ellor
704,mli-bfo-00328,1,2023-10-24 00:16:27,ellor
705,afg-pak-02023,1,2023-10-24 00:16:29,ellor
706,mli-maa-02504,0,2023-10-24 00:16:31,ellor
707,rus-kzk-10090,1,2023-10-24 00:16:34,ellor
708,cro-yug-00636,1,2023-10-24 00:16:36,ellor
709,cdi-bfo-00428,0,2023-10-24 00:16:41,ellor
710,drc-bui-00295,0,2023-10-24 00:16:43,ellor
711,nir-bfo-00026,1,2023-10-24 00:16:50,ellor
712,sau-yem-02519,1,2023-10-24 00:16:53,ellor
713,mli-alg-00347,0,2023-10-24 00:16:56,ellor
714,rus-lit-00141,1,2023-10-24 00:16:57,ellor
715,spn-por-01517,1,2023-10-24 00:16:59,ellor
716,uga-ssd-00536,1,2023-10-24 00:17:57,ellor
717,arm-aze-00637,1,2023-10-24 00:18:04,ellor
718,per-bra-01442,0,2023-10-24 00:18:07,ellor
719,rus-ukr-04888,1,2023-10-24 00:18:08,ellor
720,taz-zam-00485,1,2023-10-24 00:18:11,ellor
721,sud-egy-03004,0,2023-10-24 00:18:14,ellor
722,nir-cha-00160,1,2023-10-24 00:18:16,ellor
723,chn-nep-00299,0,2023-10-24 00:18:21,ellor
724,cao-nig-01424,1,2023-10-24 00:18:23,ellor
725,thi-cam-01166,1,2023-10-24 00:18:26,ellor
726,nam-bot-01663,1,2023-10-24 00:18:27,ellor
727,bul-rom-00247,0,2023-10-24 00:18:28,ellor
728,cen-cha-03181,1,2023-10-24 00:18:30,ellor
729,drc-uga-01167,1,2023-10-24 00:18:32,ellor
730,tkm-kzk-00127,0,2023-10-24 00:18:35,ellor
731,rus-mon-01595,1,2023-10-24 00:18:36,ellor
732,alg-tun-02438,0,2023-10-24 00:18:39,ellor
733,nir-cha-02865,0,2023-10-24 00:18:42,ellor
734,uga-ssd-00672,1,2023-10-24 00:18:44,ellor
735,taz-mzm-01351,1,2023-10-24 00:18:45,ellor
736,bol-chl-00297,0,2023-10-24 00:18:48,ellor
737,chn-ind-01452,0,2023-10-24 00:18:50,ellor
738,usa-mex-04898,1,2023-10-24 00:18:52,ellor
739,bfo-gha-01280,1,2023-10-24 00:18:54,ellor
740,ang-nam-00298,1,2023-10-24 00:18:56,ellor
741,rus-chn-03517,0,2023-10-24 00:18:59,ellor
742,ang-zam-00017,1,2023-10-24 00:19:05,ellor
743,sud-egy-00216,0,2023-10-24 00:19:07,ellor
744,irn-irq-03490,1,2023-10-24 00:19:09,ellor
745,taj-uzb-02703,1,2023-10-24 00:19:11,ellor
746,usa-can-08125,0,2023-10-24 00:19:14,ellor
747,syr-leb-00047,1,2023-10-24 00:19:17,ellor
748,cos-pan-00503,1,2023-10-24 00:19:19,ellor
749,bra-bol-04948,1,2023-10-24 00:19:21,ellor
750,cao-con-00955,0,2023-10-24 00:19:23,ellor
751,som-eth-01991,0,2023-10-24 00:19:26,ellor
752,mzm-maw-02515,1,2023-10-24 00:19:28,ellor
753,irn-irq-03057,1,2023-10-24 00:19:30,ellor
754,irq-sau-01637,1,2023-10-24 00:19:31,ellor
755,rus-chn-03517,0,2023-10-24 00:19:33,ellor
756,cam-drv-00363,1,2023-10-24 00:19:38,ellor
757,mal-ins-00262,1,2023-10-24 00:19:41,ellor
758,sau-uae-00889,1,2023-10-24 00:19:47,ellor
759,ind-pak-00697,1,2023-10-24 00:19:50,ellor
760,sau-yem-02519,1,2023-10-24 00:19:52,ellor
761,mor-alg-01188,0,2023-10-24 00:19:55,ellor
762,gam-sen-00642,1,2023-10-24 00:19:57,ellor
763,chn-mon-03531,0,2023-10-24 00:20:01,ellor
764,bol-chl-01087,0,2023-10-24 00:20:04,ellor
765,maa-alg-00113,0,2023-10-24 00:20:06,ellor
766,yug-rom-00572,1,2023-10-24 00:20:10,ellor
767,sau-yem-03000,1,2023-10-24 00:20:16,ellor
768,mal-ins-02981,1,2023-10-24 00:20:19,ellor
769,tur-syr-01899,1,2023-10-24 00:20:20,ellor
770,sud-ssd-03833,0,2023-10-24 00:20:22,ellor
771,rus-kzk-03415,1,2023-10-24 00:20:24,ellor
772,chl-arg-08532,1,2023-10-24 00:20:26,ellor
773,rus-kzk-06610,0,2023-10-24 00:20:28,ellor
774,drc-ssd-00858,0,2023-10-24 00:20:30,ellor
775,rus-ukr-00553,1,2023-10-24 00:20:31,ellor
776,tkm-uzb-02928,0,2023-10-24 00:20:33,ellor
777,rus-lit-00141,1,2023-10-24 00:20:35,ellor
778,mex-gua-01662,1,2023-10-24 00:20:37,ellor
779,spn-por-01517,1,2023-10-24 00:20:38,ellor
780,zam-maw-01626,0,2023-10-24 00:20:40,ellor
781,chn-mon-11580,1,2023-10-24 00:20:56,ellor
782,ind-bhu-00625,0,2023-10-24 00:21:06,ellor
783,irq-sau-00666,1,2023-10-24 00:21:11,ellor
784,alb-grc-00049,0,2023-10-24 00:21:19,ellor
785,cam-drv-02515,1,2023-10-24 00:21:21,ellor
786,alg-tun-02364,0,2023-10-24 00:21:23,ellor
787,rus-blr-01433,0,2023-10-24 00:21:26,ellor
788,gnb-gui-00566,1,2023-10-24 00:21:28,ellor
789,chl-arg-06983,1,2023-10-24 00:21:30,ellor
790,afg-tkm-01091,1,2023-10-24 00:21:54,ellor
791,swz-gmy-00267,1,2023-10-24 00:21:55,ellor
792,lao-drv-04270,0,2023-10-24 00:21:58,ellor
793,afg-taj-00401,1,2023-10-24 00:22:00,ellor
794,mli-gui-01322,0,2023-10-24 00:22:02,ellor
795,pan-col-00716,0,2023-10-24 00:22:06,ellor
796,mli-gui-00811,1,2023-10-24 00:22:09,ellor
797,rus-chn-03517,0,2023-10-24 00:22:11,ellor
798,bra-par-00426,0,2023-10-24 00:22:13,ellor
799,ven-guy-00404,1,2023-10-24 00:22:15,ellor
800,dji-eth-00274,1,2023-10-24 00:22:18,ellor
801,mld-ukr-02187,1,2023-10-24 00:22:19,ellor
802,chn-ind-09347,1,2023-10-24 00:22:22,ellor
803,sud-ssd-00011,1,2023-10-24 00:22:25,ellor
804,yug-bos-00531,1,2023-10-24 00:22:27,ellor
805,cao-cha-01765,1,2023-10-24 00:22:29,ellor
806,chn-mon-05524,0,2023-10-24 00:22:31,ellor
807,kyr-uzb-00379,1,2023-10-24 00:22:33,ellor
808,bra-par-03266,1,2023-10-24 00:22:35,ellor
809,rus-ukr-00553,1,2023-10-24 00:22:37,ellor
810,mex-gua-01131,1,2023-10-24 00:22:39,ellor
811,spn-por-03034,1,2023-10-24 00:22:42,ellor
812,usa-mex-01186,1,2023-10-24 00:22:43,ellor
813,ind-bng-00905,0,2023-10-24 00:22:54,ellor
814,gab-con-01567,0,2023-10-24 00:22:56,ellor
815,som-eth-02235,0,2023-10-24 00:22:58,ellor
816,drc-bui-00371,0,2023-10-24 00:23:01,ellor
817,cam-lao-00320,1,2023-10-24 00:23:03,ellor
818,sud-ssd-00200,1,2023-10-24 00:23:06,ellor
819,grc-tur-00351,1,2023-10-24 00:23:08,ellor
820,ind-nep-02111,1,2023-10-24 00:23:10,ellor
821,ind-bng-00905,0,2023-10-24 00:23:12,ellor
822,col-bra-01646,0,2023-10-24 00:23:14,ellor
823,drc-ang-05587,0,2023-10-24 00:23:19,ellor
824,cro-slv-01205,1,2023-10-24 02:22:28,Skyler
825,thi-cam-01268,0,2023-10-24 02:22:37,Skyler
826,frn-ita-00478,0,2023-10-24 02:23:00,Skyler
827,irn-tkm-01711,1,2023-10-24 02:23:02,Skyler
828,cao-nig-03414,0,2023-10-24 02:23:08,Skyler
829,gha-tog-01945,1,2023-10-24 02:23:11,Skyler
830,usa-can-10986,1,2023-10-24 02:23:13,Skyler
831,gab-con-02668,0,2023-10-24 02:23:19,Skyler
832,nir-alg-02202,0,2023-10-24 02:23:21,Skyler
833,ukr-blr-01625,0,2023-10-24 02:23:22,Skyler
834,mli-maa-04600,0,2023-10-24 02:23:29,Skyler
835,eth-ssd-01022,1,2023-10-24 02:23:44,Skyler
836,chn-pak-00170,0,2023-10-24 02:23:51,Skyler
837,chn-bhu-00711,0,2023-10-24 02:23:52,Skyler
838,afg-tkm-01297,1,2023-10-24 03:11:12,fruhman
839,nam-bot-02250,1,2023-10-24 03:11:38,fruhman
840,nir-nig-01630,1,2023-10-24 03:11:41,fruhman
841,per-bra-01737,1,2023-10-24 03:11:43,fruhman
842,hai-dom-00766,1,2023-10-24 03:11:45,fruhman
843,cao-cha-01301,1,2023-10-24 03:11:50,fruhman
844,gab-con-02108,1,2023-10-24 03:11:53,fruhman
845,lao-drv-03409,0,2023-10-24 03:11:56,fruhman
846,cro-slv-00461,1,2023-10-24 03:11:58,fruhman
847,eqg-gab-00601,0,2023-10-24 03:12:01,fruhman
848,ind-pak-07645,1,2023-10-24 03:12:03,fruhman
849,rus-est-00448,0,2023-10-24 03:12:06,fruhman
850,sau-yem-01745,0,2023-10-24 03:12:09,fruhman
851,rus-chn-01471,0,2023-10-24 03:12:12,fruhman
852,ang-zam-02078,1,2023-10-24 03:12:18,fruhman
853,drc-zam-00350,1,2023-10-24 03:12:19,fruhman
854,drc-zam-00186,0,2023-10-24 03:12:23,fruhman
855,col-per-01116,1,2023-10-24 03:12:25,fruhman
856,rus-chn-09360,1,2023-10-24 03:12:26,fruhman
857,col-ven-01186,1,2023-10-24 03:12:28,fruhman
858,kyr-uzb-02826,1,2023-10-24 03:12:31,fruhman
859,ang-zam-00903,0,2023-10-24 03:12:35,fruhman
860,usa-mex-06769,1,2023-10-24 03:12:38,fruhman
861,hon-sal-00139,1,2023-10-24 03:12:41,fruhman
862,gam-sen-01001,1,2023-10-24 03:13:40,fruhman
863,grg-tur-00197,0,2023-10-24 03:14:05,fruhman
864,hun-cro-00041,1,2023-10-24 03:14:07,fruhman
865,mzm-maw-02453,1,2023-10-24 03:14:10,fruhman
866,rus-chn-01471,0,2023-10-24 03:14:19,fruhman
867,alb-grc-00049,1,2023-10-24 03:14:29,fruhman
868,frn-ita-00554,0,2023-10-24 03:15:09,fruhman
869,usa-can-17016,0,2023-10-24 03:15:11,fruhman
870,mli-alg-02798,1,2023-10-24 03:15:14,fruhman
871,ukg-ire-00614,1,2023-10-24 03:15:16,fruhman
872,bra-bol-00671,0,2023-10-24 03:15:19,fruhman
873,bra-par-02893,0,2023-10-24 03:15:23,fruhman
874,usa-can-08125,0,2023-10-24 03:15:25,fruhman
875,mli-maa-02504,0,2023-10-24 03:15:28,fruhman
876,ind-mya-00210,0,2023-10-24 03:15:30,fruhman
877,uzb-kzk-00225,0,2023-10-24 03:15:33,fruhman
878,rus-kzk-01768,1,2023-10-24 03:15:36,fruhman
879,cen-con-00619,0,2023-10-24 03:15:45,fruhman
880,kyr-uzb-00390,1,2023-10-24 03:15:51,fruhman
881,usa-mex-04720,1,2023-10-24 03:15:54,fruhman
882,irn-tkm-00874,1,2023-10-24 03:15:56,fruhman
883,cao-con-00955,0,2023-10-24 03:16:00,fruhman
884,chn-pak-00947,0,2023-10-24 03:16:04,fruhman
885,kyr-chn-00222,0,2023-10-24 03:16:06,fruhman
886,cao-cha-00293,1,2023-10-24 03:16:08,fruhman
887,grc-tur-00525,1,2023-10-24 03:16:09,fruhman
888,rus-mon-07383,0,2023-10-24 03:16:12,fruhman
889,mor-alg-01188,0,2023-10-24 03:16:16,fruhman
890,chn-ind-09347,1,2023-10-24 03:16:20,fruhman
891,ven-bra-03954,0,2023-10-24 03:16:23,fruhman
892,mex-gua-00985,1,2023-10-24 03:16:25,fruhman
893,irq-kuw-00478,1,2023-10-24 03:16:27,fruhman
894,pol-rus-00132,1,2023-10-24 03:16:30,fruhman
895,chn-ind-06259,0,2023-10-24 03:16:34,fruhman
896,chn-mon-01776,1,2023-10-24 03:16:39,fruhman
897,chn-ind-05453,1,2023-10-24 03:16:45,fruhman
898,sau-uae-00057,1,2023-10-24 03:16:48,fruhman
899,hun-cro-00041,1,2023-10-24 03:16:50,fruhman
900,rus-blr-00670,1,2023-10-24 03:16:56,fruhman
901,yug-rom-00572,1,2023-10-24 03:16:59,fruhman
902,pan-col-00066,0,2023-10-24 03:17:02,fruhman
903,pol-rus-00205,1,2023-10-24 03:17:05,fruhman
904,mli-maa-02602,0,2023-10-24 03:17:08,fruhman
905,rus-kzk-14101,1,2023-10-24 03:17:14,fruhman
906,chn-mon-07710,1,2023-10-24 03:17:17,fruhman
907,rus-ukr-03113,1,2023-10-24 03:17:18,fruhman
908,ind-pak-06932,1,2023-10-24 03:17:20,fruhman
909,usa-can-09745,1,2023-10-24 03:17:23,fruhman
910,ken-eth-01197,1,2023-10-24 03:17:26,fruhman
911,chn-mya-01296,1,2023-10-24 03:17:27,fruhman
912,chl-arg-07591,1,2023-10-24 03:17:30,fruhman
913,rus-chn-07867,1,2023-10-24 03:17:33,fruhman
914,tkm-uzb-03039,1,2023-10-24 03:17:40,fruhman
915,usa-can-06097,0,2023-10-24 03:17:46,fruhman
916,cam-lao-00320,1,2023-10-24 03:17:48,fruhman
917,yug-kos-00431,1,2023-10-24 03:17:49,fruhman
918,taz-zam-00485,1,2023-10-24 03:17:51,fruhman
919,eth-ssd-02054,1,2023-10-24 03:17:53,fruhman
920,mal-ins-03557,0,2023-10-24 03:17:56,fruhman
921,lat-lit-01161,1,2023-10-24 03:17:58,fruhman
922,ind-mya-00210,1,2023-10-24 03:18:02,fruhman
923,cro-bos-02207,1,2023-10-24 03:18:03,fruhman
924,rus-chn-03049,1,2023-10-24 03:18:06,fruhman
925,rus-blr-01235,1,2023-10-24 03:18:10,fruhman
926,rus-blr-01235,1,2023-10-24 03:18:13,fruhman
927,usa-can-18580,0,2023-10-24 03:18:25,fruhman
928,kyr-kzk-02169,1,2023-10-24 03:18:26,fruhman
929,ang-nam-01044,1,2023-10-24 03:18:30,fruhman
930,jor-sau-01378,1,2023-10-24 03:18:33,fruhman
931,blz-gua-00051,1,2023-10-24 03:18:35,fruhman
932,ken-eth-01960,1,2023-10-24 03:18:37,fruhman
933,jor-isr-00271,1,2023-10-24 03:18:38,fruhman
934,guy-bra-00711,1,2023-10-24 03:18:50,fruhman
935,yug-kos-00637,1,2023-10-24 03:18:53,fruhman
936,cos-pan-00229,1,2023-10-24 03:19:01,fruhman
937,taj-kyr-01875,1,2023-10-24 03:19:03,fruhman
938,rus-lat-00300,1,2023-10-24 03:19:05,fruhman
939,ecu-per-00538,1,2023-10-24 03:19:08,fruhman
940,ind-nep-00708,1,2023-10-24 03:19:11,fruhman
941,rus-kzk-14101,1,2023-10-24 03:19:13,fruhman
942,mld-ukr-01870,1,2023-10-24 03:19:32,fruhman
943,thi-lao-00428,1,2023-10-24 03:19:33,fruhman
944,usa-can-16399,1,2023-10-24 03:19:36,fruhman
945,ang-zam-00017,1,2023-10-24 03:19:40,fruhman
946,per-bra-03373,1,2023-10-24 03:19:42,fruhman
947,chl-arg-11031,1,2023-10-24 03:19:44,fruhman
948,nir-bfo-00026,1,2023-10-24 03:19:47,fruhman
949,ind-bng-01954,1,2023-10-24 03:19:49,fruhman
950,cha-sud-02937,1,2023-10-24 03:19:51,fruhman
951,chn-mon-05221,0,2023-10-24 03:19:55,fruhman
952,spn-por-02787,1,2023-10-24 03:19:57,fruhman
953,frn-spn-01841,1,2023-10-24 03:19:59,fruhman
954,ind-bng-03328,1,2023-10-24 03:20:00,fruhman
955,saf-bot-00914,1,2023-10-24 03:20:02,fruhman
956,taz-mzm-01351,1,2023-10-24 03:20:04,fruhman
957,usa-can-08465,0,2023-10-24 03:20:06,fruhman
958,bra-bol-01219,1,2023-10-24 03:20:08,fruhman
959,eqg-cao-00307,0,2023-10-24 03:20:11,fruhman
960,chn-drv-00742,1,2023-10-24 03:20:19,fruhman
961,fin-nor-01321,0,2023-10-24 03:20:35,fruhman
962,ang-zam-01087,0,2023-10-24 03:20:46,fruhman
963,usa-can-09306,0,2023-10-24 03:20:48,fruhman
964,hun-rom-00314,1,2023-10-24 03:20:50,fruhman
965,cao-cha-01765,1,2023-10-24 03:20:53,fruhman
966,irn-irq-03490,1,2023-10-24 03:20:55,fruhman
967,usa-mex-06769,1,2023-10-24 03:20:58,fruhman
968,mli-maa-05335,1,2023-10-24 03:21:30,fruhman
969,saf-bot-00914,1,2023-10-24 03:21:39,fruhman
970,nam-bot-01228,1,2023-10-24 03:21:41,fruhman
971,cro-bos-01021,1,2023-10-24 03:21:42,fruhman
972,ken-eth-01197,1,2023-10-24 03:21:44,fruhman
973,cao-cha-02300,1,2023-10-24 03:21:48,fruhman
974,ind-bng-00821,1,2023-10-24 03:21:50,fruhman
975,irn-tkm-02160,1,2023-10-24 03:21:53,fruhman
976,mli-alg-03291,0,2023-10-24 03:21:56,fruhman
977,frn-spn-01841,1,2023-10-24 03:21:58,fruhman
978,yug-bos-00463,1,2023-10-24 03:22:00,fruhman
979,par-arg-01013,0,2023-10-24 03:22:03,fruhman
980,guy-bra-02134,0,2023-10-24 03:22:05,fruhman
981,hun-cro-00041,1,2023-10-24 03:22:07,fruhman
982,cdi-bfo-00428,0,2023-10-24 03:22:16,fruhman
983,drc-zam-00186,0,2023-10-24 03:22:23,fruhman
984,chn-ind-00851,1,2023-10-24 03:22:27,fruhman
985,mld-ukr-02187,1,2023-10-24 03:22:29,fruhman
986,nam-bot-00610,1,2023-10-24 03:22:31,fruhman
987,chn-mon-05524,0,2023-10-24 03:22:37,fruhman
988,lbr-sie-00655,1,2023-10-24 03:22:41,fruhman
989,usa-mex-07328,1,2023-10-24 03:22:46,fruhman
990,rus-fin-00502,1,2023-10-24 03:22:47,fruhman
991,bra-arg-02248,1,2023-10-24 03:22:49,fruhman
992,ind-pak-02467,1,2023-10-24 03:22:56,fruhman
993,gmy-aus-01115,0,2023-10-24 03:23:05,fruhman
994,cha-sud-02937,1,2023-10-24 03:23:08,fruhman
995,gam-sen-00642,1,2023-10-24 03:23:10,fruhman
996,cen-ssd-02424,0,2023-10-24 03:23:14,fruhman
997,sau-uae-00057,1,2023-10-24 03:23:16,fruhman
998,mld-ukr-01482,1,2023-10-24 03:23:17,fruhman
999,chl-arg-11077,0,2023-10-24 03:23:21,fruhman
1000,ven-bra-00418,0,2023-10-24 03:23:25,fruhman
1001,mor-alg-03372,1,2023-10-24 03:23:30,fruhman
1002,nir-nig-02899,1,2023-10-24 03:23:32,fruhman
1003,gam-sen-01696,1,2023-10-24 03:23:34,fruhman
1004,par-arg-02751,0,2023-10-24 03:23:38,fruhman
1005,lit-blr-00738,1,2023-10-24 03:23:39,fruhman
1006,lao-drv-04270,0,2023-10-24 03:23:44,fruhman
1007,kyr-kzk-02169,1,2023-10-24 03:23:45,fruhman
1008,gha-tog-00676,1,2023-10-24 03:23:47,fruhman
1009,pol-ukr-00412,1,2023-10-24 03:23:49,fruhman
1010,cen-drc-00374,0,2023-10-24 03:23:52,fruhman
1011,drc-zam-02803,0,2023-10-24 03:23:57,fruhman
1012,mor-alg-02821,0,2023-10-24 03:24:01,fruhman
1013,arm-aze-02365,1,2023-10-24 03:24:03,fruhman
1014,chl-arg-07591,1,2023-10-24 03:24:10,fruhman
1015,spn-por-01517,1,2023-10-24 03:24:11,fruhman
1016,sau-yem-02188,0,2023-10-24 03:24:14,fruhman
1017,chn-ind-00227,0,2023-10-24 03:24:16,fruhman
1018,jor-sau-00027,0,2023-10-24 03:24:18,fruhman
1019,mzm-zim-03240,0,2023-10-24 03:24:23,fruhman
1020,tur-syr-00528,1,2023-10-24 03:24:25,fruhman
1021,con-drc-00163,0,2023-10-24 03:24:29,fruhman
1022,rus-grg-01694,0,2023-10-24 03:24:31,fruhman
1023,bol-chl-00880,1,2023-10-24 03:24:34,fruhman
1024,pol-slo-00233,0,2023-10-24 03:24:37,fruhman
1025,gua-hon-00036,0,2023-10-24 03:24:43,fruhman
1026,swd-nor-02138,0,2023-10-24 03:24:46,fruhman
1027,lat-lit-01161,1,2023-10-24 03:24:48,fruhman
1028,sen-gui-00386,1,2023-10-24 03:24:50,fruhman
1029,bra-bol-02756,0,2023-10-24 03:24:54,fruhman
1030,bra-bol-02345,1,2023-10-24 03:24:58,fruhman
1031,mzm-zam-00119,1,2023-10-24 03:25:02,fruhman
1032,rus-ukr-01391,1,2023-10-24 03:25:04,fruhman
1033,arm-aze-01723,1,2023-10-24 03:25:05,fruhman
1034,nam-bot-02396,1,2023-10-24 03:25:08,fruhman
1035,ind-pak-01567,1,2023-10-24 03:25:12,fruhman
1036,eth-ssd-02115,1,2023-10-24 03:25:13,fruhman
1037,chn-prk-02999,0,2023-10-24 03:25:18,fruhman
1038,rus-mon-01549,1,2023-10-24 03:25:19,fruhman
1039,yug-kos-00637,1,2023-10-24 03:25:21,fruhman
1040,chn-mon-12130,0,2023-10-24 03:25:25,fruhman
1041,taz-zam-00485,1,2023-10-24 03:25:31,fruhman
1042,cos-pan-00202,0,2023-10-24 03:25:35,fruhman
1043,eqg-cao-00193,0,2023-10-24 03:25:39,fruhman
1044,uzb-kzk-05947,0,2023-10-24 03:25:42,fruhman
1045,swd-nor-03605,0,2023-10-24 03:25:44,fruhman
1046,ind-mya-00997,0,2023-10-24 03:25:51,fruhman
1047,per-bra-03165,1,2023-10-24 03:25:53,fruhman
1048,drc-bui-00371,0,2023-10-24 03:25:56,fruhman
1049,bra-frn-01275,0,2023-10-24 03:25:57,fruhman
1050,gab-con-01099,0,2023-10-24 03:26:00,fruhman
1051,sau-yem-02519,1,2023-10-24 03:26:02,fruhman
1052,col-ven-03060,1,2023-10-24 03:26:04,fruhman
1053,drc-ang-01064,0,2023-10-24 03:26:14,fruhman
1054,bol-chl-02070,1,2023-10-24 03:26:24,fruhman
1055,con-drc-03266,1,2023-10-24 03:26:25,fruhman
1056,hun-slv-00013,1,2023-10-24 03:26:27,fruhman
1057,spn-por-01677,1,2023-10-24 03:26:37,fruhman
1058,con-drc-01592,0,2023-10-24 03:26:43,fruhman
1059,usa-mex-04898,1,2023-10-24 03:26:45,fruhman
1060,tur-syr-00560,1,2023-10-24 03:26:46,fruhman
1061,ukg-ire-00614,1,2023-10-24 03:26:48,fruhman
1062,ken-eth-02018,1,2023-10-24 03:26:50,fruhman
1063,chn-ind-09997,1,2023-10-24 03:26:55,fruhman
1064,usa-can-13875,1,2023-10-24 03:26:57,fruhman
1065,rus-grg-00697,1,2023-10-24 03:27:14,fruhman
1066,ang-nam-01044,1,2023-10-24 03:27:21,fruhman
1067,rus-mon-01549,1,2023-10-24 03:27:22,fruhman
1068,thi-lao-00428,1,2023-10-24 03:27:24,fruhman
1069,pol-ukr-00412,1,2023-10-24 03:29:21,fruhman
1070,mya-thi-02349,1,2023-10-24 14:16:34,ellor
1071,chn-mon-12130,0,2023-10-24 14:16:37,ellor
1072,gmy-pol-00816,1,2023-10-24 14:16:38,ellor
1073,col-bra-01303,0,2023-10-24 14:16:40,ellor
1074,cdi-lbr-01579,1,2023-10-24 14:16:42,ellor
1075,mya-thi-04396,0,2023-10-24 14:16:46,ellor
1076,chn-mon-05524,0,2023-10-24 14:16:48,ellor
1077,taz-zam-00612,1,2023-10-24 14:16:52,ellor
1078,per-bra-03708,1,2023-10-24 14:16:54,ellor
1079,sud-egy-01673,1,2023-10-24 14:16:58,ellor
1080,tkm-kzk-00377,1,2023-10-24 14:17:01,ellor
1081,chn-ind-05562,1,2023-10-24 14:17:04,ellor
1082,thi-lao-00877,1,2023-10-24 14:17:05,ellor
1083,cao-nig-02556,0,2023-10-24 14:17:10,ellor
1084,cao-cha-02300,1,2023-10-24 14:17:12,ellor
1085,rus-grg-00543,1,2023-10-24 14:17:14,ellor
1086,hun-slo-00914,1,2023-10-24 14:17:16,ellor
1087,mli-alg-03358,0,2023-10-24 14:17:18,ellor
1088,chn-ind-00227,0,2023-10-24 14:17:21,ellor
1089,sud-ssd-03833,0,2023-10-24 14:17:23,ellor
1090,cdi-gha-00726,1,2023-10-24 14:17:25,ellor
1091,mzm-zam-00119,1,2023-10-24 14:17:28,ellor
1092,chl-arg-07591,1,2023-10-24 14:17:30,ellor
1093,yug-bos-00449,1,2023-10-24 14:17:33,ellor
1094,cao-nig-00319,1,2023-10-24 14:17:34,ellor
1095,col-ven-04376,0,2023-10-24 14:17:36,ellor
1096,usa-mex-04898,1,2023-10-24 14:17:39,ellor
1097,rus-ukr-00265,0,2023-10-24 14:17:40,ellor
1098,chn-mon-05624,0,2023-10-24 14:17:43,ellor
1099,nir-cha-00776,0,2023-10-24 14:17:45,ellor
1100,gab-con-01099,0,2023-10-24 14:17:47,ellor
1101,rus-est-00448,0,2023-10-24 14:17:49,ellor
1102,usa-can-11848,1,2023-10-24 14:17:51,ellor
1103,kzk-chn-00349,1,2023-10-24 14:17:53,ellor
1104,cen-con-00444,0,2023-10-24 14:17:56,ellor
1105,usa-can-10259,0,2023-10-24 14:17:58,ellor
1106,mng-bos-00180,0,2023-10-24 14:18:00,ellor
1107,tkm-uzb-03039,1,2023-10-24 14:18:02,ellor
1108,cao-cen-01900,1,2023-10-24 14:18:03,ellor
1109,pol-czr-01561,1,2023-10-24 14:18:06,ellor
1110,taj-kyr-01691,1,2023-10-24 14:18:09,ellor
1111,cen-drc-01818,1,2023-10-24 14:18:11,ellor
1112,cao-cha-02658,0,2023-10-24 14:18:13,ellor
1113,chn-ind-09508,0,2023-10-24 14:18:16,ellor
1114,usa-can-11981,1,2023-10-24 14:18:18,ellor
1115,chn-drv-02458,1,2023-10-24 14:18:22,ellor
1116,chn-mon-02333,1,2023-10-24 14:18:25,ellor
1117,taz-rwa-00026,1,2023-10-24 14:18:27,ellor
1118,hun-cro-00616,1,2023-10-24 14:18:29,ellor
1119,cao-nig-03037,1,2023-10-24 14:18:31,ellor
1120,afg-pak-04723,1,2023-10-24 14:18:33,ellor
1121,aze-irn-00092,1,2023-10-24 14:18:35,ellor
1122,hun-cro-00616,1,2023-10-24 14:18:37,ellor
1123,mor-alg-01949,1,2023-10-24 14:18:39,ellor
1124,chn-drv-01086,1,2023-10-24 14:18:42,ellor
1125,rus-mon-06361,1,2023-10-24 14:18:47,ellor
1126,gmy-czr-00506,1,2023-10-24 14:18:52,ellor
1127,ind-nep-02894,1,2023-10-24 14:18:57,ellor
1128,sur-bra-00706,0,2023-10-24 14:18:58,ellor
1129,taj-kyr-01875,1,2023-10-24 14:19:01,ellor
1130,cen-drc-02664,1,2023-10-24 14:19:03,ellor
1131,spn-por-00759,1,2023-10-24 14:19:07,ellor
1132,tkm-uzb-01848,1,2023-10-24 14:19:09,ellor
1133,eqg-cao-00307,0,2023-10-24 14:19:11,ellor
1134,mld-ukr-01482,1,2023-10-24 14:19:13,ellor
1135,ang-nam-02456,1,2023-10-24 14:19:15,ellor
1136,col-ven-00177,1,2023-10-24 14:19:17,ellor
1137,irn-irq-01204,1,2023-10-24 14:19:23,ellor
1138,per-bol-01863,1,2023-10-24 14:19:26,ellor
1139,mac-kos-00118,1,2023-10-24 14:19:32,ellor
1140,ben-nig-00337,1,2023-10-24 14:19:37,ellor
1141,ang-zam-02611,1,2023-10-24 14:19:41,ellor
1142,bra-bol-01685,1,2023-10-24 14:19:44,ellor
1143,nir-bfo-00872,0,2023-10-24 14:19:48,ellor
1144,usa-can-03465,1,2023-10-24 14:19:50,ellor
1145,ind-pak-01567,1,2023-10-24 14:19:55,ellor
1146,alg-tun-02178,0,2023-10-24 14:19:57,ellor
1147,thi-lao-00879,1,2023-10-24 14:19:58,ellor
1148,cdi-gha-00726,1,2023-10-24 14:20:00,ellor
1149,spn-por-01677,1,2023-10-24 14:20:02,ellor
1150,rus-fin-00822,1,2023-10-24 14:20:04,ellor
1151,irn-irq-03490,1,2023-10-24 14:20:05,ellor
1152,col-bra-03213,1,2023-10-24 14:20:12,ellor
1153,ben-tog-00233,0,2023-10-24 14:20:16,ellor
1154,irn-irq-01399,1,2023-10-24 14:20:18,ellor
1155,thi-lao-00879,1,2023-10-24 14:20:19,ellor
1156,sud-egy-01913,0,2023-10-24 14:20:22,ellor
1157,con-drc-00163,1,2023-10-24 14:20:28,ellor
1158,kzk-chn-01635,1,2023-10-24 14:20:36,ellor
1159,chn-ind-05562,1,2023-10-24 14:20:38,ellor
1160,par-arg-01013,0,2023-10-24 14:20:43,ellor
1161,cao-con-00098,1,2023-10-24 14:20:44,ellor
1162,ven-bra-01487,0,2023-10-24 14:20:46,ellor
1163,jor-sau-00027,1,2023-10-24 14:20:49,ellor
1164,rus-kzk-14101,1,2023-10-24 14:20:52,ellor
1165,chn-ind-01452,0,2023-10-24 14:21:00,ellor
1166,drc-uga-01167,1,2023-10-24 14:21:02,ellor
1167,irn-afg-01626,1,2023-10-24 14:21:05,ellor
1168,per-bra-01442,0,2023-10-24 14:21:08,ellor
1169,fin-swd-01427,1,2023-10-24 14:21:10,ellor
1170,bra-bol-04948,1,2023-10-24 14:21:12,ellor
1171,nam-bot-02396,1,2023-10-24 14:21:14,ellor
1172,ind-pak-02118,1,2023-10-24 14:21:15,ellor
1173,taz-mzm-00931,1,2023-10-24 14:21:16,ellor
1174,nir-cha-00346,0,2023-10-24 14:21:18,ellor
1175,grg-tur-00492,1,2023-10-24 14:21:20,ellor
1176,ang-nam-02456,1,2023-10-24 14:21:22,ellor
1177,cam-lao-00320,1,2023-10-24 14:21:23,ellor
1178,cen-cha-00136,1,2023-10-24 14:21:25,ellor
1179,som-eth-04038,0,2023-10-24 14:21:27,ellor
1180,eqg-gab-00601,0,2023-10-24 14:21:28,ellor
1181,chn-drv-02260,0,2023-10-24 14:21:31,ellor
1182,usa-can-03465,1,2023-10-24 14:21:33,ellor
1183,gui-sie-00429,1,2023-10-24 14:21:39,ellor
1184,kyr-uzb-02826,1,2023-10-24 14:21:46,ellor
1185,ind-mya-02317,1,2023-10-24 14:21:48,ellor
1186,cen-drc-02664,1,2023-10-24 14:21:49,ellor
1187,per-bra-02504,0,2023-10-24 14:21:56,ellor
1188,chn-prk-00795,1,2023-10-24 14:22:00,ellor
1189,swz-ita-00133,1,2023-10-24 14:22:03,ellor
1190,drc-ssd-00858,0,2023-10-24 14:22:05,ellor
1191,cao-nig-00375,1,2023-10-24 14:22:06,ellor
1192,rus-blr-01639,1,2023-10-24 14:22:13,ellor
1193,chn-drv-00795,1,2023-10-24 14:22:15,ellor
1194,hon-nic-00340,1,2023-10-24 14:22:19,ellor
1195,eth-ssd-01022,1,2023-10-24 14:22:20,ellor
1196,bra-bol-02756,1,2023-10-24 14:22:22,ellor
1197,yug-bul-00119,1,2023-10-24 14:22:24,ellor
1198,cao-con-00098,1,2023-10-24 14:22:25,ellor
1199,gui-lbr-00455,1,2023-10-24 14:22:26,ellor
1200,ind-pak-02118,1,2023-10-24 14:22:29,ellor
1201,eqg-gab-00601,0,2023-10-24 14:22:32,ellor
1202,mzm-maw-03112,0,2023-10-24 14:22:35,ellor
1203,nir-nig-02926,0,2023-10-24 14:22:37,ellor
1204,cdi-lbr-01081,0,2023-10-24 14:22:40,ellor
1205,irn-tkm-00874,1,2023-10-24 14:22:42,ellor
1206,rus-ukr-03179,1,2023-10-24 14:22:43,ellor
1207,thi-mal-00348,0,2023-10-24 14:22:46,ellor
1208,sud-egy-00833,0,2023-10-24 14:22:50,ellor
1209,tur-syr-00528,1,2023-10-24 14:22:52,ellor
1210,cen-con-00444,0,2023-10-24 14:22:55,ellor
1211,cao-cha-00293,1,2023-10-24 14:22:57,ellor
1212,mex-gua-00570,0,2023-10-24 14:23:00,ellor
1213,kzk-chn-01674,1,2023-10-24 14:23:09,ellor
1214,rus-kzk-15257,1,2023-10-24 14:23:12,ellor
1215,nir-nig-00001,1,2023-10-24 14:23:14,ellor
1216,sud-egy-01100,0,2023-10-24 14:23:16,ellor
1217,chl-arg-08320,1,2023-10-24 14:23:25,ellor
1218,cen-cha-03181,1,2023-10-24 14:23:27,ellor
1219,uzb-kzk-00429,1,2023-10-24 14:23:30,ellor
1220,kzk-chn-01752,1,2023-10-24 14:23:32,ellor
1221,mal-ins-01080,0,2023-10-24 14:23:34,ellor
1222,mli-maa-04600,0,2023-10-24 14:23:38,ellor
1223,ins-png-01227,1,2023-10-24 14:23:42,ellor
1224,cao-con-00098,1,2023-10-24 14:23:44,ellor
1225,usa-mex-00643,1,2023-10-24 14:23:49,ellor
1226,ven-guy-00251,0,2023-10-24 14:23:57,ellor
1227,chn-mon-12202,1,2023-10-24 14:24:01,ellor
1228,nir-nig-03009,0,2023-10-24 14:24:03,ellor
1229,per-bra-01737,1,2023-10-24 14:24:05,ellor
1230,thi-cam-01166,1,2023-10-24 14:24:08,ellor
1231,rus-kzk-16258,0,2023-10-24 14:24:11,ellor
1232,rus-mon-01595,1,2023-10-24 14:24:13,ellor
1233,col-per-01921,0,2023-10-24 14:24:15,ellor
1234,sur-bra-00706,0,2023-10-24 14:24:17,ellor
1235,mli-maa-02551,1,2023-10-24 14:24:19,ellor
1236,gha-tog-00676,1,2023-10-24 14:24:20,ellor
1237,gnb-sen-00246,1,2023-10-24 14:24:25,ellor
1238,arg-uru-01006,0,2023-10-24 14:24:27,ellor
1239,grg-tur-00197,0,2023-10-24 14:24:32,ellor
1240,chn-mya-03769,0,2023-10-24 14:24:36,ellor
1241,drc-ssd-00558,0,2023-10-24 14:24:38,ellor
1242,ind-nep-00273,1,2023-10-24 14:24:40,ellor
1243,taz-bui-00241,1,2023-10-24 14:24:41,ellor
1244,bra-bol-00671,0,2023-10-24 14:24:44,ellor
1245,usa-can-14570,1,2023-10-24 14:24:47,ellor
1246,kyr-uzb-02826,1,2023-10-24 14:24:50,ellor
1247,cen-drc-00374,0,2023-10-24 14:24:53,ellor
1248,col-ven-03026,1,2023-10-24 14:24:57,ellor
1249,col-ven-04040,1,2023-10-24 14:24:58,ellor
1250,rus-mon-02171,1,2023-10-24 14:25:00,ellor
1251,sen-gui-00386,1,2023-10-24 14:25:03,ellor
1252,cen-cha-01550,1,2023-10-24 14:25:05,ellor
1253,col-ven-04376,0,2023-10-24 14:25:07,ellor
1254,rus-ukr-01635,1,2023-10-24 14:25:09,ellor
1255,drc-ang-03907,0,2023-10-24 14:25:11,ellor
1256,mal-ins-01080,0,2023-10-24 14:25:13,ellor
1257,rus-blr-01235,1,2023-10-24 14:25:15,ellor
1258,con-drc-00163,1,2023-10-24 14:25:17,ellor
1259,hon-nic-02044,0,2023-10-24 14:25:20,ellor
1260,chn-mya-04093,0,2023-10-24 14:25:32,ellor
1261,nam-bot-01228,1,2023-10-24 14:25:41,ellor
1262,chl-arg-12470,0,2023-10-24 14:25:43,ellor
1263,yug-rom-00572,1,2023-10-24 14:25:45,ellor
1264,cao-cen-00669,1,2023-10-24 14:25:46,ellor
1265,cen-cha-01550,1,2023-10-24 14:25:47,ellor
1266,irn-tkm-00874,1,2023-10-24 14:25:51,ellor
1267,mal-ins-00496,0,2023-10-24 14:25:53,ellor
1268,nir-nig-02926,0,2023-10-24 14:25:55,ellor
1269,swz-ita-02057,1,2023-10-24 14:26:01,ellor
1270,ind-nep-02111,1,2023-10-24 14:26:05,ellor
1271,ken-taz-01617,1,2023-10-24 14:26:08,ellor
1272,irn-irq-01016,1,2023-10-24 14:26:11,ellor
1273,uzb-kzk-00495,1,2023-10-24 14:26:26,ellor
1274,bul-rom-00247,0,2023-10-24 14:26:37,ellor
1275,chl-arg-08320,1,2023-10-24 14:26:48,ellor
1276,lao-drv-03193,0,2023-10-24 14:26:54,ellor
1277,ind-pak-02467,1,2023-10-24 14:26:58,ellor
1278,thi-cam-01268,0,2023-10-24 14:27:02,ellor
1279,bul-rom-00329,0,2023-10-24 14:27:06,ellor
1280,afg-pak-04640,1,2023-10-24 14:27:11,ellor
1281,som-eth-02235,0,2023-10-24 14:27:17,ellor
1282,lat-blr-00163,1,2023-10-24 14:27:26,ellor
1283,cen-drc-01818,1,2023-10-24 14:27:30,ellor
1284,irn-pak-00873,1,2023-10-24 14:27:44,ellor
1285,sau-yem-02745,1,2023-10-24 14:27:55,ellor
1286,ind-mya-00997,0,2023-10-24 14:28:01,ellor
1287,chn-ind-00227,0,2023-10-24 14:28:04,ellor
1288,lit-blr-00738,1,2023-10-24 14:28:08,ellor
1289,alg-tun-01797,0,2023-10-24 14:28:10,ellor
1290,lib-egy-01049,0,2023-10-24 14:28:14,ellor
1291,mor-alg-02138,1,2023-10-24 14:28:19,ellor
1292,chn-ind-07927,1,2023-10-24 14:28:21,ellor
1293,cam-drv-01121,1,2023-10-24 14:28:23,ellor
1294,chn-ind-09508,0,2023-10-24 14:28:25,ellor
1295,taz-rwa-00453,1,2023-10-24 14:28:27,ellor
1296,sud-egy-00216,0,2023-10-24 14:28:29,ellor
1297,gha-tog-01966,1,2023-10-24 14:28:36,ellor
1298,chn-ind-02621,0,2023-10-24 14:28:38,ellor
1299,arm-aze-02365,1,2023-10-24 14:28:41,ellor
1300,cao-con-00923,0,2023-10-24 14:28:43,ellor
1301,sau-yem-02745,1,2023-10-24 14:28:45,ellor
1302,irn-pak-00285,1,2023-10-24 14:28:49,ellor
1303,lib-sud-00665,0,2023-10-24 14:28:53,ellor
1304,con-drc-01466,0,2023-10-24 14:28:56,ellor
1305,tur-syr-00560,1,2023-10-24 14:28:57,ellor
1306,bra-bol-03492,1,2023-10-24 14:28:59,ellor
1307,mli-alg-03291,0,2023-10-24 14:29:02,ellor
1308,ven-bra-00418,0,2023-10-24 14:29:04,ellor
1309,ven-bra-01487,0,2023-10-24 14:29:06,ellor
1310,sau-yem-01548,1,2023-10-24 14:29:08,ellor
1311,rus-kzk-16258,1,2023-10-24 14:29:12,ellor
1312,cen-ssd-02174,0,2023-10-24 14:29:16,ellor
1313,chn-ind-01950,0,2023-10-24 14:29:19,ellor
1314,frn-ita-00478,1,2023-10-24 14:29:21,ellor
1315,con-drc-03266,1,2023-10-24 14:29:28,ellor
1316,usa-mex-01257,1,2023-10-24 14:29:30,ellor
1317,cos-pan-00229,1,2023-10-24 14:29:31,ellor
1318,rus-aze-00253,1,2023-10-24 14:29:34,ellor
1319,lat-lit-01020,1,2023-10-24 14:29:40,ellor
1320,usa-mex-07328,1,2023-10-24 14:29:42,ellor
1321,rus-mon-01715,1,2023-10-24 14:29:44,ellor
1322,mor-alg-04044,1,2023-10-24 14:29:47,ellor
1323,ind-nep-00708,1,2023-10-24 14:29:54,ellor
1324,ind-nep-01431,1,2023-10-24 14:29:57,ellor
1325,arg-uru-00125,0,2023-10-24 14:30:00,ellor
1326,drc-zam-00186,0,2023-10-24 14:30:09,ellor
1327,sud-egy-03946,0,2023-10-24 14:30:13,ellor
1328,cen-drc-00374,0,2023-10-24 14:30:16,ellor
1329,cha-sud-00334,0,2023-10-24 14:30:18,ellor
1330,ecu-per-00538,1,2023-10-24 14:30:22,ellor
1331,mya-lao-00158,1,2023-10-24 14:30:25,ellor
1332,ind-mya-01438,0,2023-10-24 14:30:29,ellor
1333,con-drc-04178,1,2023-10-24 14:30:32,ellor
1334,cha-lib-02010,0,2023-10-24 14:30:35,ellor
1335,bra-bol-07542,1,2023-10-24 14:30:37,ellor
1336,sau-uae-00889,1,2023-10-24 14:30:40,ellor
1337,zim-bot-00943,1,2023-10-24 14:30:45,ellor
1338,chn-mya-01296,1,2023-10-24 14:30:47,ellor
1339,cdi-gha-01113,1,2023-10-24 14:30:50,ellor
1340,yug-bul-00033,1,2023-10-24 14:30:52,ellor
1341,mal-ins-02981,0,2023-10-24 14:30:54,ellor
1342,sau-uae-00057,1,2023-10-24 14:30:56,ellor
1343,mli-maa-02247,0,2023-10-24 14:30:59,ellor
1344,mya-thi-03860,1,2023-10-24 14:31:00,ellor
1345,kyr-uzb-00237,1,2023-10-24 14:31:02,ellor
1346,chl-arg-10016,0,2023-10-24 14:31:08,ellor
1347,tkm-uzb-02012,1,2023-10-24 14:31:12,ellor
1348,sen-maa-00910,1,2023-10-24 14:31:15,ellor
1349,ang-zam-00254,0,2023-10-24 14:31:17,ellor
1350,chl-arg-12470,0,2023-10-24 14:31:19,ellor
1351,kyr-uzb-00390,1,2023-10-24 14:31:20,ellor
1352,sud-ssd-02130,0,2023-10-24 14:31:25,ellor
1353,cao-cen-00333,1,2023-10-24 14:31:27,ellor
1354,nir-nig-00001,1,2023-10-24 14:31:29,ellor
1355,mor-alg-02821,1,2023-10-24 14:31:30,ellor
1356,nir-nig-01151,1,2023-10-24 14:31:33,ellor
1357,per-bra-03373,1,2023-10-24 14:31:36,ellor
1358,rus-blr-00272,0,2023-10-24 14:31:40,ellor
1359,mal-ins-01555,0,2023-10-24 14:31:45,ellor
1360,taz-zam-00530,1,2023-10-24 14:31:48,ellor
1361,ang-zam-01087,0,2023-10-24 14:31:54,ellor
1362,cdi-lbr-00073,1,2023-10-24 14:31:56,ellor
1363,ven-bra-01487,0,2023-10-24 14:31:59,ellor
1364,mal-ins-02321,0,2023-10-24 14:32:03,ellor
1365,irq-kuw-00203,1,2023-10-24 14:32:06,ellor
1366,gmy-czr-01934,1,2023-10-24 14:32:11,ellor
1367,nir-nig-00224,0,2023-10-24 14:32:13,ellor
1368,mzm-maw-03112,0,2023-10-24 14:32:15,ellor
1369,kyr-uzb-00237,1,2023-10-24 14:32:17,ellor
1370,drc-zam-00276,0,2023-10-24 14:32:22,ellor
1371,mal-ins-02411,0,2023-10-24 14:32:24,ellor
1372,mzm-zim-02264,1,2023-10-24 14:32:27,ellor
1373,tkm-uzb-01848,1,2023-10-24 14:32:29,ellor
1374,afg-taj-00401,1,2023-10-24 14:32:31,ellor
1375,mli-alg-01929,0,2023-10-24 14:32:34,ellor
1376,chn-mya-00877,1,2023-10-24 14:32:40,ellor
1377,rus-chn-07867,1,2023-10-24 14:32:42,ellor
1378,nic-cos-00721,0,2023-10-24 14:32:45,ellor
1379,con-drc-03266,1,2023-10-24 14:32:46,ellor
1380,sud-egy-03404,1,2023-10-24 14:32:48,ellor
1381,eri-sud-01287,1,2023-10-24 14:32:49,ellor
1382,taj-kyr-01691,1,2023-10-24 14:32:51,ellor
1383,cao-con-00923,0,2023-10-24 14:32:53,ellor
1384,bel-gmy-00323,1,2023-10-24 14:32:55,ellor
1385,cha-lib-00461,0,2023-10-24 14:32:58,ellor
1386,hon-nic-00340,1,2023-10-24 14:32:59,ellor
1387,gui-sie-00429,1,2023-10-24 14:33:02,ellor
1388,mli-maa-00562,1,2023-10-24 14:33:05,ellor
1389,tur-syr-00528,1,2023-10-24 14:33:08,ellor
1390,taz-mzm-01163,1,2023-10-24 14:33:13,ellor
1391,uzb-kzk-04421,0,2023-10-24 14:33:16,ellor
1392,mal-ins-01422,0,2023-10-24 14:33:23,ellor
1393,jor-sau-00905,1,2023-10-24 14:33:24,ellor
1394,mzm-zam-00119,1,2023-10-24 14:33:26,ellor
1395,bel-frn-00535,1,2023-10-24 14:33:27,ellor
1396,drc-ssd-00858,0,2023-10-24 14:33:30,ellor
1397,gha-tog-01945,1,2023-10-24 14:33:32,ellor
1398,gmy-aus-01115,1,2023-10-24 14:33:35,ellor
1399,mor-alg-03407,1,2023-10-24 14:33:42,ellor
1400,rus-ukr-00281,1,2023-10-24 14:33:44,ellor
1401,eth-ssd-02054,1,2023-10-24 14:33:47,ellor
1402,sud-egy-03789,0,2023-10-24 14:33:51,ellor
1403,taz-rwa-00026,1,2023-10-24 14:33:53,ellor
1404,mzm-zim-00600,1,2023-10-24 14:33:56,ellor
1405,tkm-kzk-00928,1,2023-10-24 14:33:57,ellor
1406,bra-bol-04685,1,2023-10-24 14:33:58,ellor
1407,fin-nor-01599,1,2023-10-24 14:34:01,ellor
1408,cro-yug-00057,1,2023-10-24 14:34:02,ellor
1409,sen-gui-00386,1,2023-10-24 14:34:04,ellor
1410,usa-mex-05304,1,2023-10-24 14:34:06,ellor
1411,spn-por-03324,1,2023-10-24 14:34:10,ellor
1412,gmy-czr-02024,1,2023-10-24 14:34:16,ellor
1413,sud-ssd-00011,0,2023-10-24 23:17:34,Skyler
1414,chn-mya-00243,0,2023-10-24 23:17:36,Skyler
1415,chn-ind-05562,1,2023-10-25 02:42:16,fruhman
1416,chn-ind-03024,1,2023-10-25 02:42:26,fruhman
1417,drc-ssd-01442,1,2023-10-25 02:42:30,fruhman
1418,par-arg-02360,0,2023-10-25 02:42:45,fruhman
1419,nam-bot-00610,1,2023-10-25 02:43:25,fruhman
1420,cdi-gha-01113,0,2023-10-25 02:43:30,fruhman
1421,rus-mon-02517,0,2023-10-25 02:43:36,fruhman
1422,pol-czr-00489,1,2023-10-25 02:43:38,fruhman
1423,par-arg-02360,0,2023-10-25 02:43:42,fruhman
1424,rus-kzk-08192,1,2023-10-25 02:43:46,fruhman
1425,usa-can-14570,1,2023-10-25 02:43:50,fruhman
1426,uzb-kzk-05072,1,2023-10-25 02:43:54,fruhman
1427,sur-frn-00104,1,2023-10-25 02:44:00,fruhman
1428,chn-drv-00794,0,2023-10-25 02:44:05,fruhman
1429,irn-irq-01399,1,2023-10-25 02:44:08,fruhman
1430,usa-can-10131,0,2023-10-25 02:44:22,fruhman
1431,drc-zam-03161,0,2023-10-25 02:44:30,fruhman
1432,afg-taj-02073,1,2023-10-25 02:44:34,fruhman
1433,rus-grg-01694,1,2023-10-25 02:44:46,fruhman
1434,chn-ind-09863,0,2023-10-25 02:44:53,fruhman
1435,col-bra-03213,1,2023-10-25 02:44:59,fruhman
1436,aus-slo-00171,1,2023-10-25 02:45:01,fruhman
1437,rus-kzk-02477,1,2023-10-25 02:45:04,fruhman
1438,cen-cha-00136,1,2023-10-25 02:45:06,fruhman
1439,rus-kzk-02382,1,2023-10-25 02:45:09,fruhman
1440,lat-lit-01161,1,2023-10-25 02:45:11,fruhman
1441,chn-mon-09718,1,2023-10-25 02:45:13,fruhman
1442,rus-kzk-01303,1,2023-10-25 02:45:15,fruhman
1443,chl-arg-08364,1,2023-10-25 02:45:17,fruhman
1444,kzk-chn-00349,1,2023-10-25 02:45:18,fruhman
1445,drc-ssd-01442,1,2023-10-25 02:45:20,fruhman
1446,ang-zam-00017,0,2023-10-25 02:45:24,fruhman
1447,rus-ukr-01535,1,2023-10-25 02:45:27,fruhman
1448,mli-cdi-00459,1,2023-10-25 02:45:29,fruhman
1449,chn-mya-03701,1,2023-10-25 02:45:31,fruhman
1450,sud-egy-00522,0,2023-10-25 02:45:34,fruhman
1451,taj-uzb-02703,1,2023-10-25 02:45:37,fruhman
1452,kzk-chn-00349,1,2023-10-25 02:45:39,fruhman
1453,arm-aze-02412,1,2023-10-25 02:45:41,fruhman
1454,rus-lat-00300,1,2023-10-25 02:45:43,fruhman
1455,sau-yem-01745,0,2023-10-25 02:45:47,fruhman
1456,cdi-lbr-00003,1,2023-10-25 02:45:50,fruhman
1457,arg-uru-01006,0,2023-10-25 02:45:56,fruhman
1458,hon-sal-00239,0,2023-10-25 02:46:00,fruhman
1459,per-bra-02408,0,2023-10-25 02:46:04,fruhman
1460,ben-bfo-00015,1,2023-10-25 02:46:07,fruhman
1461,pan-col-00526,1,2023-10-25 02:46:20,fruhman
1462,chn-drv-00795,1,2023-10-25 02:46:22,fruhman
1463,mya-thi-05128,1,2023-10-25 02:46:23,fruhman
1464,gui-sie-01616,1,2023-10-25 02:46:28,fruhman
1465,chn-mon-04067,0,2023-10-25 02:46:46,fruhman
1466,hon-nic-02019,0,2023-10-25 02:46:51,fruhman
1467,sud-egy-00522,0,2023-10-25 02:46:57,fruhman
1468,sur-frn-00104,1,2023-10-25 02:47:00,fruhman
1469,gmy-pol-00816,1,2023-10-25 02:47:03,fruhman
1470,per-bra-03165,1,2023-10-25 02:47:05,fruhman
1471,zam-zim-00493,1,2023-10-25 02:47:08,fruhman
1472,frn-gmy-00194,1,2023-10-25 02:47:09,fruhman
1473,mli-maa-00562,1,2023-10-25 02:47:11,fruhman
1474,chn-prk-02999,0,2023-10-25 02:47:13,fruhman
1475,afg-taj-02060,0,2023-10-25 02:47:16,fruhman
1476,bra-bol-00671,0,2023-10-25 02:47:19,fruhman
1477,usa-can-04608,0,2023-10-25 02:47:22,fruhman
1478,mzm-swa-00128,1,2023-10-25 02:47:28,fruhman
1479,thi-lao-02798,1,2023-10-25 02:47:29,fruhman
1480,chl-arg-11077,0,2023-10-25 02:47:34,fruhman
1481,uzb-kzk-00225,1,2023-10-25 02:47:40,fruhman
1482,cao-con-00923,0,2023-10-25 02:47:43,fruhman
1483,gnb-sen-00356,1,2023-10-25 02:47:49,fruhman
1484,chn-mon-03638,0,2023-10-25 02:47:53,fruhman
1485,mld-rom-00729,1,2023-10-25 02:47:55,fruhman
1486,mac-grc-00351,1,2023-10-25 02:47:56,fruhman
1487,gui-lbr-00961,1,2023-10-25 02:47:58,fruhman
1488,mal-ins-01422,0,2023-10-25 02:48:03,fruhman
1489,chn-mya-03769,0,2023-10-25 02:48:09,fruhman
1490,rus-ukr-00281,1,2023-10-25 02:48:11,fruhman
1491,mli-maa-02602,0,2023-10-25 02:48:14,fruhman
1492,nir-cha-00160,1,2023-10-25 02:48:16,fruhman
1493,mya-thi-02593,1,2023-10-25 02:48:18,fruhman
1494,tur-syr-00941,1,2023-10-25 02:48:20,fruhman
1495,thi-cam-00250,0,2023-10-25 02:48:24,fruhman
1496,usa-mex-04720,1,2023-10-25 02:48:27,fruhman
1497,pol-slo-00233,0,2023-10-25 02:48:31,fruhman
1498,cao-con-00955,0,2023-10-25 02:48:36,fruhman
1499,hon-nic-01596,1,2023-10-25 02:48:39,fruhman
1500,nir-cha-01473,0,2023-10-25 02:48:44,fruhman
1501,alg-lib-00715,0,2023-10-25 02:48:47,fruhman
1502,col-ven-00177,1,2023-10-25 02:48:49,fruhman
1503,ven-bra-02050,0,2023-10-25 02:48:56,fruhman
1504,drc-ssd-00558,0,2023-10-25 02:49:00,fruhman
1505,sau-oma-00258,0,2023-10-25 02:49:06,fruhman
1506,uzb-kzk-01785,0,2023-10-25 02:49:10,fruhman
1507,mzm-zim-03240,0,2023-10-25 02:49:17,fruhman
1508,ecu-per-01501,0,2023-10-25 02:49:21,fruhman
1509,som-eth-03148,0,2023-10-25 02:49:24,fruhman
1510,zim-saf-00317,1,2023-10-25 02:49:28,fruhman
1511,afg-taj-02060,0,2023-10-25 02:49:30,fruhman
1512,chn-mya-03769,0,2023-10-25 02:49:34,fruhman
1513,fin-nor-01599,1,2023-10-25 02:49:40,fruhman
1514,mli-maa-02247,0,2023-10-25 02:49:45,fruhman
1515,mli-alg-00477,0,2023-10-25 02:49:48,fruhman
1516,ind-mya-01620,0,2023-10-25 02:49:52,fruhman
1517,bul-rom-00329,0,2023-10-25 02:49:56,fruhman
1518,ben-nig-00337,1,2023-10-25 02:49:59,fruhman
1519,usa-can-18580,0,2023-10-25 02:50:02,fruhman
1520,cha-sud-00334,0,2023-10-25 02:50:05,fruhman
1521,chl-arg-13984,1,2023-10-25 02:50:08,fruhman
1522,chn-mon-10604,1,2023-10-25 02:50:09,fruhman
1523,swz-gmy-00267,1,2023-10-25 02:50:12,fruhman
1524,chl-arg-10016,0,2023-10-25 02:50:14,fruhman
1525,chn-mon-08014,0,2023-10-25 02:50:17,fruhman
1526,alb-mng-00053,1,2023-10-25 02:50:20,fruhman
1527,bel-frn-00535,1,2023-10-25 02:50:22,fruhman
1528,col-ven-04535,1,2023-10-25 02:50:32,fruhman
1529,chn-mya-01296,1,2023-10-25 02:50:34,fruhman
1530,uga-rwa-00069,1,2023-10-25 02:50:39,fruhman
1531,maa-mor-00446,0,2023-10-25 02:50:45,fruhman
1532,swz-ita-00133,1,2023-10-25 02:50:49,fruhman
1533,grc-tur-00351,1,2023-10-25 02:50:53,fruhman
1534,rus-kzk-03415,1,2023-10-25 02:50:56,fruhman
1535,par-arg-04669,1,2023-10-25 02:50:57,fruhman
1536,syr-jor-00724,1,2023-10-25 02:51:01,fruhman
1537,fin-nor-01599,1,2023-10-25 02:51:04,fruhman
1538,rus-kzk-10421,1,2023-10-25 02:51:05,fruhman
1539,spn-por-03232,1,2023-10-25 02:51:07,fruhman
1540,uzb-kzk-00225,1,2023-10-25 02:51:09,fruhman
1541,cen-drc-02969,1,2023-10-25 02:51:11,fruhman
1542,frn-ita-00554,0,2023-10-25 02:51:15,fruhman
1543,chn-mon-06685,0,2023-10-25 02:51:20,fruhman
1544,con-drc-04178,0,2023-10-25 02:51:26,fruhman
1545,mli-maa-00562,1,2023-10-25 02:51:29,fruhman
1546,mli-alg-01031,1,2023-10-25 02:51:30,fruhman
1547,mal-ins-00727,1,2023-10-25 02:51:40,fruhman
1548,ben-tog-00233,0,2023-10-25 02:51:45,fruhman
1549,usa-can-08465,0,2023-10-25 02:51:47,fruhman
1550,lat-blr-00163,1,2023-10-25 02:51:49,fruhman
1551,mli-alg-00347,1,2023-10-25 02:51:54,fruhman
1552,per-bra-05715,1,2023-10-25 02:51:55,fruhman
1553,pol-slo-00233,0,2023-10-25 02:52:01,fruhman
1554,mli-maa-00778,1,2023-10-25 02:52:03,fruhman
1555,rus-mon-01715,1,2023-10-25 02:52:05,fruhman
1556,mya-thi-02317,1,2023-10-25 02:52:11,fruhman
1557,bra-par-01003,1,2023-10-25 02:52:12,fruhman
1558,rus-mon-01715,1,2023-10-25 02:52:17,fruhman
1559,taz-rwa-00453,1,2023-10-25 02:52:19,fruhman
1560,tkm-uzb-01848,1,2023-10-25 02:52:21,fruhman
1561,chl-arg-13984,1,2023-10-25 02:52:31,fruhman
1562,cha-sud-01195,0,2023-10-25 02:52:45,fruhman
1563,mac-kos-00118,1,2023-10-25 02:52:51,fruhman
1564,ben-nig-00043,1,2023-10-25 02:52:59,fruhman
1565,ind-bng-01954,1,2023-10-25 02:53:00,fruhman
1566,nir-alg-02202,1,2023-10-25 02:53:07,fruhman
1567,pol-blr-00974,1,2023-10-25 02:53:09,fruhman
1568,drc-ssd-01469,1,2023-10-25 02:53:11,fruhman
1569,nam-bot-01663,1,2023-10-25 02:53:12,fruhman
1570,ecu-per-01382,0,2023-10-25 02:53:18,fruhman
1571,cdi-bfo-00428,0,2023-10-25 02:53:24,fruhman
1572,swz-gmy-00606,1,2023-10-25 02:53:28,fruhman
1573,chn-ind-01412,1,2023-10-25 02:53:32,fruhman
1574,eth-ssd-02054,1,2023-10-25 02:53:40,fruhman
1575,tur-syr-00472,1,2023-10-25 02:53:44,fruhman
1576,jor-sau-00905,1,2023-10-25 02:53:48,fruhman
1577,thi-lao-00877,1,2023-10-25 02:53:52,fruhman
1578,bra-arg-02759,0,2023-10-25 02:53:57,fruhman
1579,cha-sud-02937,1,2023-10-25 02:54:01,fruhman
1580,nam-bot-02816,1,2023-10-25 02:54:02,fruhman
1581,rus-blr-01433,0,2023-10-25 02:54:08,fruhman
1582,som-eth-01991,0,2023-10-25 02:54:13,fruhman
1583,sen-gui-00453,0,2023-10-25 02:54:20,fruhman
1584,mya-thi-05128,1,2023-10-25 02:54:22,fruhman
1585,col-bra-01303,0,2023-10-25 02:54:25,fruhman
1586,nir-lib-00583,0,2023-10-25 02:54:31,fruhman
1587,chl-arg-08364,1,2023-10-25 02:54:34,fruhman
1588,mal-ins-03557,0,2023-10-25 02:54:37,fruhman
1589,tur-syr-00941,1,2023-10-25 02:54:39,fruhman
1590,rus-mon-01932,0,2023-10-25 02:54:47,fruhman
1591,mal-ins-03907,0,2023-10-25 02:54:55,fruhman
1592,usa-can-04359,0,2023-10-25 02:54:57,fruhman
1593,rus-kzk-01303,1,2023-10-25 02:54:59,fruhman
1594,mzm-maw-03112,0,2023-10-25 02:55:05,fruhman
1595,col-ven-03026,1,2023-10-25 02:55:09,fruhman
1596,syr-leb-00314,1,2023-10-25 02:55:11,fruhman
1597,chn-ind-04676,1,2023-10-25 02:55:14,fruhman
1598,jor-sau-00027,0,2023-10-25 02:55:17,fruhman
1599,hun-cro-00170,1,2023-10-25 02:55:21,fruhman
1600,mld-rom-00729,1,2023-10-25 02:55:25,fruhman
1601,saf-bot-02733,1,2023-10-25 02:55:29,fruhman
1602,gmy-aus-01288,1,2023-10-25 02:55:31,fruhman
1603,pol-ukr-00412,1,2023-10-25 02:55:40,fruhman
1604,sau-yem-02188,0,2023-10-25 02:55:45,fruhman
1605,zim-bot-00824,1,2023-10-25 02:55:49,fruhman
1606,rus-kzk-09750,1,2023-10-25 02:55:53,fruhman
1607,ind-pak-00697,0,2023-10-25 02:56:00,fruhman
1608,rus-ukr-00553,1,2023-10-25 02:56:04,fruhman
1609,drc-zam-04989,0,2023-10-25 02:56:07,fruhman
1610,con-drc-04178,1,2023-10-25 02:56:13,fruhman
1611,cao-cen-00333,1,2023-10-25 02:56:19,fruhman
1612,irn-tkm-01425,1,2023-10-25 02:56:22,fruhman
1613,mng-bos-00180,0,2023-10-25 02:56:28,fruhman
1614,bra-bol-04358,1,2023-10-25 02:56:30,fruhman
1615,kyr-chn-00222,0,2023-10-25 02:56:35,fruhman
1616,nir-nig-01630,1,2023-10-25 02:56:39,fruhman
1617,saf-les-01382,1,2023-10-25 02:56:42,fruhman
1618,ben-nig-00962,1,2023-10-25 02:56:46,fruhman
1619,taz-mzm-00931,1,2023-10-25 02:56:48,fruhman
1620,yem-oma-00439,0,2023-10-25 02:56:51,fruhman
1621,ecu-per-01501,0,2023-10-25 02:56:56,fruhman
1622,saf-swa-00301,1,2023-10-25 02:56:58,fruhman
1623,col-ven-01885,0,2023-10-25 02:57:02,fruhman
1624,col-ven-00177,1,2023-10-25 02:57:04,fruhman
1625,mli-bfo-00885,1,2023-10-25 02:57:06,fruhman
1626,cen-cha-00136,1,2023-10-25 02:57:07,fruhman
1627,ins-png-01227,1,2023-10-25 02:57:10,fruhman
1628,tur-syr-00472,1,2023-10-25 02:57:12,fruhman
1629,per-bol-01863,1,2023-10-25 02:57:14,fruhman
1630,gab-con-00946,1,2023-10-25 02:57:18,fruhman
1631,grc-tur-00351,1,2023-10-25 02:57:19,fruhman
1632,cro-bos-01021,1,2023-10-25 02:57:21,fruhman
1633,col-per-02749,0,2023-10-25 02:57:23,fruhman
1634,cha-sud-01195,0,2023-10-25 02:57:26,fruhman
1635,uzb-kzk-05072,1,2023-10-25 02:57:29,fruhman
1636,tur-syr-02179,1,2023-10-25 02:57:31,fruhman
1637,sau-yem-00001,1,2023-10-25 02:57:35,fruhman
1638,usa-can-17283,1,2023-10-25 02:57:37,fruhman
1639,afg-taj-02073,1,2023-10-25 02:57:41,fruhman
1640,tkm-kzk-00928,1,2023-10-25 02:57:43,fruhman
1641,alg-lib-00715,0,2023-10-25 02:57:48,fruhman
1642,kyr-uzb-00379,1,2023-10-25 02:57:52,fruhman
1643,grg-tur-00492,1,2023-10-25 02:57:58,fruhman
1644,mya-thi-02792,0,2023-10-25 02:58:02,fruhman
1645,con-drc-03870,0,2023-10-25 02:58:06,fruhman
1646,cao-nig-00466,0,2023-10-25 02:58:10,fruhman
1647,chl-arg-08532,1,2023-10-25 02:58:12,fruhman
1648,bra-bol-02756,0,2023-10-25 02:58:18,fruhman
1649,cao-cha-01064,1,2023-10-25 02:58:28,fruhman
1650,ven-bra-00716,0,2023-10-25 02:58:33,fruhman
1651,rus-mon-03330,1,2023-10-25 02:58:35,fruhman
1652,chn-mon-05221,0,2023-10-25 02:58:41,fruhman
1653,saf-bot-02733,1,2023-10-25 02:58:43,fruhman
1654,tkm-kzk-00377,1,2023-10-25 02:58:46,fruhman
1655,bra-bol-07542,1,2023-10-25 02:58:49,fruhman
1656,ecu-per-00538,1,2023-10-25 02:58:52,fruhman
1657,maa-alg-00857,0,2023-10-25 02:58:56,fruhman
1658,cha-lib-00576,0,2023-10-25 02:58:59,fruhman
1659,ukr-blr-01377,1,2023-10-25 02:59:02,fruhman
1660,kyr-uzb-00980,1,2023-10-25 02:59:04,fruhman
1661,mac-kos-00087,0,2023-10-25 02:59:08,fruhman
1662,usa-mex-05304,1,2023-10-25 02:59:11,fruhman
1663,uzb-kzk-02149,1,2023-10-25 02:59:16,fruhman
1664,spn-por-02068,1,2023-10-25 02:59:18,fruhman
1665,taz-zam-00612,1,2023-10-25 02:59:20,fruhman
1666,bra-bol-01779,1,2023-10-25 02:59:22,fruhman
1667,drc-zam-04989,0,2023-10-25 02:59:26,fruhman
1668,cen-cha-01427,1,2023-10-25 02:59:28,fruhman
1669,ang-nam-00298,1,2023-10-25 02:59:32,fruhman
1670,mzm-zim-00544,1,2023-10-25 02:59:33,fruhman
1671,cen-drc-02969,1,2023-10-25 02:59:35,fruhman
1672,rus-grg-00697,1,2023-10-25 02:59:37,fruhman
1673,bel-frn-00535,1,2023-10-25 02:59:38,fruhman
1674,rus-ukr-01391,1,2023-10-25 02:59:40,fruhman
1675,chn-mon-11580,1,2023-10-25 02:59:43,fruhman
1676,mli-bfo-00328,1,2023-10-25 02:59:45,fruhman
1677,hon-nic-02019,0,2023-10-25 02:59:50,fruhman
1678,col-per-02749,0,2023-10-25 02:59:51,fruhman
1679,tur-syr-02179,1,2023-10-25 02:59:53,fruhman
1680,aze-irn-00092,1,2023-10-25 02:59:56,fruhman
1681,mal-ins-00262,1,2023-10-25 02:59:58,fruhman
1682,ind-mya-01224,1,2023-10-25 03:00:01,fruhman
1683,uzb-kzk-01785,1,2023-10-25 03:00:05,fruhman
1684,cdi-lbr-01081,0,2023-10-25 03:00:16,fruhman
1685,ecu-per-01382,0,2023-10-25 03:00:21,fruhman
1686,lbr-sie-00655,1,2023-10-25 03:00:24,fruhman
1687,mor-alg-02289,1,2023-10-25 03:00:26,fruhman
1688,tur-syr-00941,1,2023-10-25 03:00:28,fruhman
1689,spn-por-03366,1,2023-10-25 03:00:31,fruhman
1690,tur-syr-00560,1,2023-10-25 03:00:36,fruhman
1691,spn-por-03366,1,2023-10-25 03:00:41,fruhman
1692,rus-fin-00410,1,2023-10-25 03:00:43,fruhman
1693,rus-fin-01941,1,2023-10-25 03:00:45,fruhman
1694,nam-bot-01663,1,2023-10-25 03:00:47,fruhman
1695,thi-lao-00877,1,2023-10-25 03:00:49,fruhman
1696,drc-uga-01291,1,2023-10-25 03:00:51,fruhman
1697,frn-gmy-00194,1,2023-10-25 03:00:54,fruhman
1698,sud-egy-01673,0,2023-10-25 03:00:58,fruhman
1699,gmy-czr-02024,1,2023-10-25 03:01:05,fruhman
1700,mal-ins-02321,0,2023-10-25 03:01:12,fruhman
1701,sen-gui-00453,0,2023-10-25 03:01:20,fruhman
1702,rus-ukr-01535,1,2023-10-25 03:01:23,fruhman
1703,thi-cam-01268,0,2023-10-25 03:01:32,fruhman
1704,rus-chn-06934,0,2023-10-25 03:01:35,fruhman
1705,ken-eth-02018,1,2023-10-25 03:01:39,fruhman
1706,kyr-uzb-01352,1,2023-10-25 03:01:47,fruhman
1707,mal-ins-03348,0,2023-10-25 03:01:53,fruhman
1708,jor-sau-01794,0,2023-10-25 03:01:57,fruhman
1709,uzb-kzk-01785,0,2023-10-25 03:02:03,fruhman
1710,alg-lib-00715,0,2023-10-25 03:02:05,fruhman
1711,bra-bol-07409,1,2023-10-25 03:02:07,fruhman
1712,col-per-01921,0,2023-10-25 03:02:13,fruhman
1713,mli-maa-00778,1,2023-10-25 03:02:15,fruhman
1714,chn-ind-09863,0,2023-10-25 03:02:19,fruhman
1715,tkm-kzk-00377,1,2023-10-25 03:02:21,fruhman
1716,fin-nor-01321,0,2023-10-25 03:02:25,fruhman
1717,bul-rom-00247,0,2023-10-25 03:02:31,fruhman
1718,saf-bot-02217,1,2023-10-25 03:02:33,fruhman
1719,rus-ukr-01635,1,2023-10-25 03:02:38,fruhman
1720,mli-bfo-03309,0,2023-10-25 03:02:41,fruhman
1721,sud-egy-00522,0,2023-10-25 03:02:46,fruhman
1722,ukr-blr-01625,0,2023-10-25 03:02:54,fruhman
1723,mli-maa-04630,0,2023-10-25 03:02:59,fruhman
1724,chn-mon-05624,0,2023-10-25 03:03:00,fruhman
1725,ind-pak-06975,0,2023-10-25 03:03:04,fruhman
1726,som-eth-03148,0,2023-10-25 03:03:09,fruhman
1727,mor-alg-04044,1,2023-10-25 03:03:13,fruhman
1728,col-per-01116,1,2023-10-25 03:03:15,fruhman
1729,ind-pak-06932,1,2023-10-25 03:03:17,fruhman
1730,chl-arg-00652,1,2023-10-25 03:03:20,fruhman
1731,eri-sud-01287,1,2023-10-25 03:03:27,fruhman
1732,rus-fin-00822,1,2023-10-25 03:03:29,fruhman
1733,rus-blr-01639,1,2023-10-25 03:03:31,fruhman
1734,cao-cen-00669,1,2023-10-25 03:03:34,fruhman
1735,chn-ind-02784,0,2023-10-25 03:03:47,fruhman
1736,chn-mon-05221,0,2023-10-25 03:03:57,fruhman
1737,col-ven-01186,1,2023-10-25 03:04:06,fruhman
1738,mac-kos-00087,1,2023-10-25 03:04:12,fruhman
1739,cen-ssd-02174,1,2023-10-25 03:04:15,fruhman
1740,mzm-maw-03132,1,2023-10-25 03:04:18,fruhman
1741,mli-maa-00778,1,2023-10-25 03:04:24,fruhman
1742,uga-ken-00586,0,2023-10-25 03:04:29,fruhman
1743,chn-drv-00795,1,2023-10-25 03:04:32,fruhman
1744,irn-tkm-01425,1,2023-10-25 03:04:37,fruhman
1745,thi-lao-02798,1,2023-10-25 03:04:39,fruhman
1746,chn-mon-02582,0,2023-10-25 03:04:41,fruhman
1747,pol-czr-00637,1,2023-10-25 03:04:43,fruhman
1748,prk-rok-00332,0,2023-10-25 03:04:46,fruhman
1749,drc-ssd-00558,0,2023-10-25 03:04:52,fruhman
1750,nir-alg-00100,0,2023-10-25 03:04:54,fruhman
1751,ind-mya-01224,1,2023-10-25 03:04:59,fruhman
1752,nic-cos-00274,1,2023-10-25 03:05:04,fruhman
1753,mzm-zim-03240,0,2023-10-25 03:05:10,fruhman
1754,usa-can-04359,0,2023-10-25 03:05:12,fruhman
1755,chn-mon-06685,1,2023-10-25 03:05:21,fruhman
1756,rus-lat-00300,1,2023-10-25 03:05:23,fruhman
1757,pan-col-00716,0,2023-10-25 03:05:28,fruhman
1758,usa-mex-04720,1,2023-10-25 03:05:32,fruhman
1759,syr-leb-00047,1,2023-10-25 03:05:34,fruhman
1760,fin-nor-01321,0,2023-10-25 03:05:37,fruhman
1761,sur-frn-00104,1,2023-10-25 03:05:39,fruhman
1762,nth-bel-00404,1,2023-10-25 03:05:42,fruhman
1763,eth-ssd-02115,1,2023-10-25 03:05:43,fruhman
1764,cen-ssd-02174,0,2023-10-25 03:05:45,fruhman
1765,chn-prk-00795,1,2023-10-25 03:05:48,fruhman
1766,mya-thi-01153,0,2023-10-25 03:05:52,fruhman
1767,drc-ang-01321,1,2023-10-25 03:05:58,fruhman
1768,taj-uzb-02703,1,2023-10-25 03:06:02,fruhman
1769,jor-sau-01378,1,2023-10-25 03:06:04,fruhman
1770,rus-ukr-03113,1,2023-10-25 03:06:07,fruhman
1771,spn-por-03324,1,2023-10-25 03:06:08,fruhman
1772,chn-mya-04009,1,2023-10-25 03:06:10,fruhman
1773,irn-tkm-01711,1,2023-10-25 03:06:13,fruhman
1774,lib-sud-00665,0,2023-10-25 03:06:16,fruhman
1775,chn-drv-00810,0,2023-10-25 03:06:20,fruhman
1776,bra-bol-07409,1,2023-10-25 03:06:24,fruhman
1777,mld-ukr-01870,1,2023-10-25 03:06:28,fruhman
1778,pol-czr-00623,1,2023-10-25 03:06:29,fruhman
1779,cdi-lbr-00003,1,2023-10-25 03:06:32,fruhman
1780,cdi-lbr-00003,1,2023-10-25 03:06:38,fruhman
1781,bra-bol-04358,1,2023-10-25 03:06:39,fruhman
1782,drc-zam-01053,0,2023-10-25 03:06:47,fruhman
1783,arm-aze-01723,1,2023-10-25 03:06:49,fruhman
1784,bel-frn-01173,1,2023-10-25 03:06:52,fruhman
1785,ind-bng-07313,1,2023-10-25 03:06:54,fruhman
1786,tur-syr-01899,1,2023-10-25 03:06:58,fruhman
1787,mal-ins-00262,1,2023-10-25 03:07:06,fruhman
1788,mli-maa-02602,1,2023-10-25 03:07:09,fruhman
1789,rus-mon-02109,0,2023-10-25 03:07:12,fruhman
1790,ind-mya-01620,0,2023-10-25 03:07:14,fruhman
1791,chn-ind-00851,0,2023-10-25 03:07:21,fruhman
1792,rus-ukr-03113,1,2023-10-25 03:07:24,fruhman
1793,drc-ssd-01469,1,2023-10-25 03:07:28,fruhman
1794,jor-sau-00798,1,2023-10-25 03:07:34,fruhman
1795,zim-bot-00716,1,2023-10-25 03:07:36,fruhman
1796,chn-ind-09863,0,2023-10-25 03:07:39,fruhman
1797,cao-nig-00375,1,2023-10-25 03:07:42,fruhman
1798,sen-maa-01828,1,2023-10-25 03:07:44,fruhman
1799,drc-ang-03907,0,2023-10-25 03:07:57,fruhman
1800,alg-tun-01598,0,2023-10-25 03:08:00,fruhman
1801,col-ven-03060,1,2023-10-25 03:08:03,fruhman
1802,col-per-01116,1,2023-10-25 03:08:05,fruhman
1803,chl-arg-08532,1,2023-10-25 03:08:07,fruhman
1804,pan-col-00066,0,2023-10-25 03:08:12,fruhman
1805,gab-con-00836,0,2023-10-25 03:08:14,fruhman
1806,cao-nig-00375,1,2023-10-25 03:08:17,fruhman
1807,per-bol-01863,1,2023-10-25 03:08:22,fruhman
1808,gmy-czr-00506,1,2023-10-25 03:08:33,fruhman
1809,lib-sud-00665,0,2023-10-25 03:08:35,fruhman
1810,afg-taj-02077,1,2023-10-25 03:08:37,fruhman
1811,hon-nic-02044,0,2023-10-25 03:08:43,fruhman
1812,chl-arg-10016,0,2023-10-25 03:08:45,fruhman
1813,bra-bol-07409,1,2023-10-25 03:08:50,fruhman
1814,rus-kzk-03534,1,2023-10-25 03:08:53,fruhman
1815,mzm-swa-00128,1,2023-10-25 03:08:56,fruhman
1816,sud-ssd-04111,0,2023-10-25 03:09:07,fruhman
1817,cdi-lbr-01579,1,2023-10-25 03:09:11,fruhman
1818,usa-mex-05304,1,2023-10-25 03:09:15,fruhman
1819,dji-eth-00297,1,2023-10-25 03:09:17,fruhman
1820,rus-fin-00502,1,2023-10-25 03:09:19,fruhman
1821,zam-zim-00493,1,2023-10-25 03:09:21,fruhman
1822,alb-mng-00053,1,2023-10-25 03:09:22,fruhman
1823,kzk-chn-01752,1,2023-10-25 03:09:24,fruhman
1824,pol-rus-00132,1,2023-10-25 03:09:26,fruhman
1825,kzk-chn-01635,1,2023-10-25 03:09:34,fruhman
1826,rus-kzk-01418,1,2023-10-25 03:09:35,fruhman
1827,afg-tkm-01885,0,2023-10-25 03:09:39,fruhman
1828,chn-ind-00314,0,2023-10-25 03:09:44,fruhman
1829,cao-nig-00466,0,2023-10-25 03:09:48,fruhman
1830,col-ven-01885,1,2023-10-25 03:09:52,fruhman
1831,chl-arg-00652,1,2023-10-25 03:09:55,fruhman
1832,usa-can-00104,0,2023-10-25 03:09:57,fruhman
1833,lao-drv-03193,0,2023-10-25 03:10:03,fruhman
1834,chn-prk-00795,1,2023-10-25 03:10:06,fruhman
1835,cao-cen-01900,1,2023-10-25 03:10:08,fruhman
1836,uzb-kzk-02073,1,2023-10-25 03:10:11,fruhman
1837,mzm-zim-00652,0,2023-10-25 03:10:14,fruhman
1838,prk-rok-00332,0,2023-10-25 03:10:22,fruhman
1839,bul-rom-00177,0,2023-10-25 03:10:27,fruhman
1840,chn-ind-06697,1,2023-10-25 03:10:30,fruhman
1841,rus-ukr-03179,1,2023-10-25 03:10:33,fruhman
1842,nir-alg-00178,0,2023-10-25 03:10:35,fruhman
1843,afg-taj-02077,1,2023-10-25 03:10:37,fruhman
1844,rus-chn-04501,0,2023-10-25 03:10:40,fruhman
1845,nic-cos-00274,1,2023-10-25 03:10:44,fruhman
1846,usa-mex-05899,1,2023-10-25 03:10:47,fruhman
1847,chn-mon-05844,1,2023-10-25 03:10:49,fruhman
1848,bra-par-03132,1,2023-10-25 03:10:51,fruhman
1849,bfo-gha-01280,1,2023-10-25 03:10:54,fruhman
1850,mli-maa-04630,0,2023-10-25 03:10:57,fruhman
1851,mld-rom-00729,1,2023-10-25 03:10:59,fruhman
1852,mli-maa-04600,0,2023-10-25 03:11:04,fruhman
1853,rus-ukr-00265,0,2023-10-25 03:11:12,fruhman
1854,rus-kzk-02382,1,2023-10-25 03:11:14,fruhman
1855,arm-aze-01723,1,2023-10-25 03:11:16,fruhman
1856,ang-zam-02078,1,2023-10-25 03:11:20,fruhman
1857,lib-egy-01049,0,2023-10-25 03:11:23,fruhman
1858,hun-slo-00914,1,2023-10-25 03:11:26,fruhman
1859,irq-kuw-00203,1,2023-10-25 03:11:28,fruhman
1860,sud-ssd-02130,0,2023-10-25 03:11:37,fruhman
1861,irn-pak-00285,1,2023-10-25 03:11:40,fruhman
1862,saf-nam-01253,1,2023-10-25 03:11:42,fruhman
1863,ind-nep-01431,1,2023-10-25 03:11:45,fruhman
1864,bra-par-00426,0,2023-10-25 03:11:58,fruhman
1865,gmy-czr-00506,1,2023-10-25 03:12:01,fruhman
1866,zam-maw-00327,1,2023-10-25 03:12:03,fruhman
1867,mli-alg-01929,0,2023-10-25 03:12:06,fruhman
1868,mal-ins-03120,0,2023-10-25 03:12:10,fruhman
1869,chn-drv-01086,1,2023-10-25 03:12:14,fruhman
1870,chn-ind-06697,1,2023-10-25 03:12:16,fruhman
1871,bra-par-03132,1,2023-10-25 03:12:17,fruhman
1872,mli-maa-05354,0,2023-10-25 03:13:20,fruhman
1873,chn-drv-01086,1,2023-10-25 03:13:22,fruhman
1874,frn-ita-00871,1,2023-10-25 03:13:24,fruhman
1875,ecu-per-01382,0,2023-10-25 03:13:28,fruhman
1876,chn-mon-05844,1,2023-10-25 03:13:31,fruhman
1877,mli-maa-01022,1,2023-10-25 03:13:34,fruhman
1878,syr-leb-00314,1,2023-10-25 03:13:36,fruhman
1879,ang-zam-00254,0,2023-10-25 03:13:40,fruhman
1880,pan-col-00716,0,2023-10-25 03:13:43,fruhman
1881,frn-gmy-00488,1,2023-10-25 03:13:46,fruhman
1882,eri-sud-01287,1,2023-10-25 03:13:47,fruhman
1883,dji-eth-00297,1,2023-10-25 03:13:49,fruhman
1884,sau-yem-02188,0,2023-10-25 03:14:04,fruhman
1885,som-eth-03625,1,2023-10-25 03:14:11,fruhman
1886,usa-can-03920,0,2023-10-25 03:14:14,fruhman
1887,nic-cos-00274,1,2023-10-25 03:14:18,fruhman
1888,par-arg-02751,0,2023-10-25 03:14:24,fruhman
1889,mli-alg-02798,1,2023-10-25 03:14:27,fruhman
1890,nth-gmy-00944,1,2023-10-25 03:14:29,fruhman
1891,col-ven-03026,1,2023-10-25 03:14:30,fruhman
1892,usa-can-03920,0,2023-10-25 03:14:32,fruhman
1893,sud-egy-01913,1,2023-10-25 03:14:35,fruhman
1894,par-arg-02360,0,2023-10-25 03:14:40,fruhman
1895,mya-thi-03860,1,2023-10-25 03:14:42,fruhman
1896,ben-nir-00179,1,2023-10-25 03:14:43,fruhman
1897,zim-bot-00716,1,2023-10-25 03:14:45,fruhman
1898,chl-arg-11589,0,2023-10-25 03:14:47,fruhman
1899,bul-rom-00442,0,2023-10-25 03:14:50,fruhman
1900,usa-can-11848,1,2023-10-25 03:14:51,fruhman
1901,mor-alg-02138,1,2023-10-25 03:14:53,fruhman
1902,rus-chn-07867,1,2023-10-25 03:14:55,fruhman
1903,rus-grg-00543,1,2023-10-25 03:15:01,fruhman
1904,con-drc-01466,0,2023-10-25 03:15:02,fruhman
1905,eth-sud-01588,1,2023-10-25 03:15:05,fruhman
1906,ind-bng-03328,1,2023-10-25 03:15:07,fruhman
1907,nth-bel-00404,1,2023-10-25 03:15:09,fruhman
1908,cen-drc-01050,1,2023-10-25 03:15:10,fruhman
1909,nir-cha-00160,1,2023-10-25 03:15:12,fruhman
1910,dji-eth-00297,1,2023-10-25 03:15:14,fruhman
1911,cen-cha-01427,1,2023-10-25 03:15:15,fruhman
1912,sud-egy-00833,0,2023-10-25 03:15:18,fruhman
1913,bol-chl-01087,1,2023-10-25 03:15:22,fruhman
1914,som-eth-04038,0,2023-10-25 03:15:23,fruhman
1915,chn-ind-06697,1,2023-10-25 03:15:25,fruhman
1916,gui-lbr-00455,1,2023-10-25 03:15:28,fruhman
1917,irq-sau-01673,1,2023-10-25 03:15:29,fruhman
1918,gmy-aus-01288,1,2023-10-25 03:15:31,fruhman
1919,chn-mya-04009,1,2023-10-25 03:15:32,fruhman
1920,taz-mzm-01163,1,2023-10-25 03:15:33,fruhman
1921,mli-bfo-00328,1,2023-10-25 03:15:35,fruhman
1922,rus-fin-01143,1,2023-10-25 03:15:38,fruhman
1923,cao-nig-03978,1,2023-10-25 03:15:39,fruhman
1924,col-bra-03213,1,2023-10-25 03:15:41,fruhman
1925,uzb-kzk-02073,1,2023-10-25 03:15:43,fruhman
1926,usa-mex-05899,1,2023-10-25 03:15:44,fruhman
1927,guy-bra-02156,0,2023-10-25 03:15:48,fruhman
1928,mzm-zim-02264,0,2023-10-25 03:15:50,fruhman
1929,kyr-uzb-01352,1,2023-10-25 03:15:52,fruhman
1930,pol-blr-00974,1,2023-10-25 03:15:53,fruhman
1931,bol-chl-00297,0,2023-10-25 03:15:56,fruhman
1932,ind-pak-06932,1,2023-10-25 03:15:57,fruhman
1933,hon-nic-02044,0,2023-10-25 03:16:00,fruhman
1934,col-ven-03172,0,2023-10-25 03:16:01,fruhman
1935,kyr-uzb-00379,0,2023-10-25 03:16:03,fruhman
1936,frn-spn-01841,1,2023-10-25 03:16:05,fruhman
1937,swd-nor-03605,0,2023-10-25 03:16:07,fruhman
1938,hun-slo-00914,1,2023-10-25 03:16:09,fruhman
1939,drc-zam-00276,0,2023-10-25 03:16:14,fruhman
1940,rus-mon-01932,0,2023-10-25 03:16:17,fruhman
1941,yug-bul-00033,1,2023-10-25 03:16:19,fruhman
1942,bul-rom-00177,0,2023-10-25 03:16:24,fruhman
1943,rus-kzk-06610,0,2023-10-25 03:16:28,fruhman
1944,ken-ssd-00069,0,2023-10-25 03:16:33,fruhman
1945,thi-lao-02798,1,2023-10-25 03:16:40,fruhman
1946,irq-kuw-00203,1,2023-10-25 03:16:41,fruhman
1947,sau-uae-00485,1,2023-10-25 03:16:44,fruhman
1948,mor-alg-02289,1,2023-10-25 03:16:47,fruhman
1949,bul-rom-00442,0,2023-10-25 03:16:51,fruhman
1950,spn-por-02068,1,2023-10-25 03:16:55,fruhman
1951,hon-sal-00139,1,2023-10-25 03:16:57,fruhman
1952,bra-bol-00303,1,2023-10-25 03:17:00,fruhman
1953,mli-bfo-03309,0,2023-10-25 03:17:05,fruhman
1954,afg-taj-02077,1,2023-10-25 03:17:07,fruhman
1955,cro-slv-01205,1,2023-10-25 03:17:15,fruhman
1956,thi-cam-00250,0,2023-10-25 03:17:24,fruhman
1957,con-drc-03870,0,2023-10-25 03:17:25,fruhman
1958,bra-frn-00811,0,2023-10-25 03:17:27,fruhman
1959,rus-fin-01143,1,2023-10-25 03:17:30,fruhman
1960,pol-slo-00543,1,2023-10-25 03:17:31,fruhman
1961,irn-irq-03057,1,2023-10-25 03:17:34,fruhman
1962,ben-nig-00043,1,2023-10-25 03:17:36,fruhman
1963,rus-aze-00253,1,2023-10-25 03:17:38,fruhman
1964,bra-arg-00159,0,2023-10-25 03:17:43,fruhman
1965,yug-bos-00463,1,2023-10-25 03:17:45,fruhman
1966,nth-bel-00404,1,2023-10-25 03:17:47,fruhman
1967,rus-fin-01941,1,2023-10-25 03:17:49,fruhman
1968,usa-mex-05379,1,2023-10-25 03:17:51,fruhman
1969,sud-egy-01100,0,2023-10-25 03:17:59,fruhman
1970,rus-kzk-01303,1,2023-10-25 03:18:05,fruhman
1971,rus-blr-01639,1,2023-10-25 03:18:08,fruhman
1972,mli-nir-01267,0,2023-10-25 03:18:10,fruhman
1973,mli-maa-03054,0,2023-10-25 03:18:12,fruhman
1974,chn-prk-02114,1,2023-10-25 03:18:20,fruhman
1975,rus-aze-00491,1,2023-10-25 03:18:22,fruhman
1976,sud-egy-00833,0,2023-10-25 03:18:27,fruhman
1977,irn-pak-00575,1,2023-10-25 03:18:29,fruhman
1978,mzm-maw-01242,1,2023-10-25 03:18:31,fruhman
1979,nir-cha-00346,0,2023-10-25 03:18:42,fruhman
1980,mal-ins-02411,0,2023-10-25 03:18:47,fruhman
1981,ken-eth-01534,1,2023-10-25 03:18:50,fruhman
1982,drc-ssd-01469,1,2023-10-25 03:19:01,fruhman
1983,drc-zam-01573,1,2023-10-25 03:19:14,fruhman
1984,swz-ita-00133,1,2023-10-25 03:19:15,fruhman
1985,cdi-lbr-00073,1,2023-10-25 03:19:21,fruhman
1986,con-drc-03323,1,2023-10-25 03:19:23,fruhman
1987,pol-blr-00974,1,2023-10-25 03:19:30,fruhman
1988,kyr-uzb-00390,1,2023-10-25 03:19:32,fruhman
1989,per-bra-02408,0,2023-10-25 03:19:38,fruhman
1990,cdi-lbr-00073,1,2023-10-25 03:19:40,fruhman
1991,tkm-kzk-00484,1,2023-10-25 03:19:43,fruhman
1992,yug-kos-00431,1,2023-10-25 03:19:48,fruhman
1993,rus-fin-01941,1,2023-10-25 03:19:50,fruhman
1994,cdi-lbr-01081,0,2023-10-25 03:19:52,fruhman
1995,eth-eri-00617,1,2023-10-25 03:19:55,fruhman
1996,cen-ssd-02424,0,2023-10-25 03:20:02,fruhman
1997,sud-ssd-00200,1,2023-10-25 03:20:04,fruhman
1998,chn-mon-10604,1,2023-10-25 03:20:09,fruhman
1999,sud-egy-03404,1,2023-10-25 03:20:12,fruhman
2000,zim-saf-00317,1,2023-10-25 03:20:14,fruhman
2001,kzk-chn-01635,1,2023-10-25 03:20:16,fruhman
2002,drc-taz-00065,0,2023-10-25 03:20:20,fruhman
2003,grc-bul-00591,1,2023-10-25 03:20:22,fruhman
2004,pol-czr-01561,1,2023-10-25 03:20:24,fruhman
2005,per-bra-03708,1,2023-10-25 03:20:25,fruhman
2006,chn-mon-07710,1,2023-10-25 03:20:27,fruhman
2007,swz-gmy-00606,1,2023-10-25 03:20:29,fruhman
2008,bra-arg-02759,0,2023-10-25 03:20:31,fruhman
2009,rus-blr-02400,0,2023-10-25 03:20:35,fruhman
2010,chn-prk-02564,1,2023-10-25 03:20:38,fruhman
2011,spn-por-02068,1,2023-10-25 03:20:39,fruhman
2012,chl-arg-09839,1,2023-10-25 03:20:41,fruhman
2013,thi-lao-03053,0,2023-10-25 03:20:45,fruhman
2014,chl-arg-01714,1,2023-10-25 03:20:48,fruhman
2015,per-bra-03308,1,2023-10-25 03:20:50,fruhman
2016,som-eth-04038,0,2023-10-25 03:20:52,fruhman
2017,thi-mal-00759,1,2023-10-25 03:20:54,fruhman
2018,spn-por-02787,1,2023-10-25 03:20:55,fruhman
2019,sen-maa-01828,1,2023-10-25 03:20:57,fruhman
2020,chn-bhu-00711,0,2023-10-25 03:21:00,fruhman
2021,bra-bol-04685,1,2023-10-25 03:21:05,fruhman
2022,prk-rok-00332,0,2023-10-25 03:21:07,fruhman
2023,ind-pak-06975,0,2023-10-25 03:21:10,fruhman
2024,mya-thi-02349,1,2023-10-25 03:21:12,fruhman
2025,gab-con-00946,1,2023-10-25 03:21:14,fruhman
2026,hon-nic-01596,1,2023-10-25 03:21:16,fruhman
2027,usa-can-02711,1,2023-10-25 03:21:17,fruhman
2028,cen-cha-02233,1,2023-10-25 03:21:20,fruhman
2029,bra-arg-02759,0,2023-10-25 03:21:24,fruhman
2030,usa-mex-05379,1,2023-10-25 03:21:26,fruhman
2031,pol-czr-00489,1,2023-10-25 03:21:27,fruhman
2032,pol-czr-00489,1,2023-10-25 03:21:31,fruhman
2033,rus-chn-01544,1,2023-10-25 03:21:33,fruhman
2034,ind-nep-02111,1,2023-10-25 03:21:38,fruhman
2035,cha-lib-00461,0,2023-10-25 03:21:41,fruhman
2036,guy-bra-02156,0,2023-10-25 03:21:50,fruhman
2037,rus-chn-01544,1,2023-10-25 03:21:52,fruhman
2038,chn-mya-04009,1,2023-10-25 03:21:54,fruhman
2039,cdi-lbr-01579,1,2023-10-25 03:22:06,fruhman
2040,rus-aze-00253,1,2023-10-25 03:22:08,fruhman
2041,sau-oma-00531,0,2023-10-25 03:22:10,fruhman
2042,ind-bng-01954,1,2023-10-25 03:22:12,fruhman
2043,mya-thi-02647,1,2023-10-25 03:22:14,fruhman
2044,rus-kzk-08192,1,2023-10-25 03:22:16,fruhman
2045,rus-mon-01932,0,2023-10-25 03:22:18,fruhman
2046,chn-mon-08054,1,2023-10-25 03:22:20,fruhman
2047,rus-chn-09360,1,2023-10-25 03:22:25,fruhman
2048,alg-tun-01797,0,2023-10-25 03:22:28,fruhman
2049,drc-uga-01291,1,2023-10-25 03:22:30,fruhman
2050,sau-uae-00889,1,2023-10-25 03:22:34,fruhman
2051,zam-maw-01626,0,2023-10-25 03:22:37,fruhman
2052,mzm-maw-03132,1,2023-10-25 03:22:40,fruhman
2053,drc-zam-01573,1,2023-10-25 03:22:46,fruhman
2054,chl-arg-09839,1,2023-10-25 03:22:49,fruhman
2055,ind-nep-02894,1,2023-10-25 03:22:51,fruhman
2056,mal-ins-03348,0,2023-10-25 03:22:54,fruhman
2057,rus-aze-00296,0,2023-10-25 03:22:56,fruhman
2058,rus-chn-06389,0,2023-10-25 03:22:57,fruhman
2059,rus-chn-10231,1,2023-10-25 03:23:00,fruhman
2060,pol-rus-00132,1,2023-10-25 03:23:05,fruhman
2061,chn-mon-03531,0,2023-10-25 03:23:08,fruhman
2062,rus-chn-01544,1,2023-10-25 03:23:16,fruhman
2063,arm-aze-02365,1,2023-10-25 03:23:27,fruhman
2064,usa-can-00104,0,2023-10-25 03:23:29,fruhman
2065,chl-arg-00652,1,2023-10-25 03:23:31,fruhman
2066,rus-chn-02802,1,2023-10-25 03:23:33,fruhman
2067,ecu-per-01501,0,2023-10-25 03:23:35,fruhman
2068,arm-grg-00425,1,2023-10-25 03:23:40,fruhman
2069,afg-pak-02023,1,2023-10-25 03:23:42,fruhman
2070,irn-pak-00575,1,2023-10-25 03:23:44,fruhman
2071,chn-mon-08014,0,2023-10-25 03:23:46,fruhman
2072,cao-nig-03414,1,2023-10-25 03:23:49,fruhman
2073,afg-pak-04640,1,2023-10-25 03:23:51,fruhman
2074,chn-mon-03050,1,2023-10-25 03:23:53,fruhman
2075,kyr-chn-00467,1,2023-10-25 03:23:55,fruhman
2076,col-ven-01186,1,2023-10-25 03:23:58,fruhman
2077,zim-bot-00824,1,2023-10-25 03:24:00,fruhman
2078,jor-sau-01794,0,2023-10-25 03:24:02,fruhman
2079,jor-sau-00798,1,2023-10-25 03:24:07,fruhman
2080,taz-zam-00413,1,2023-10-25 03:24:16,fruhman
2081,drc-zam-01053,0,2023-10-25 03:24:20,fruhman
2082,rus-ukr-04888,1,2023-10-25 03:24:22,fruhman
2083,rus-ukr-04888,1,2023-10-25 03:24:22,fruhman
2084,chn-drv-02260,0,2023-10-25 03:24:27,fruhman
2085,som-eth-01991,0,2023-10-25 03:24:30,fruhman
2086,saf-swa-00301,0,2023-10-25 03:24:33,fruhman
2087,eth-sud-01588,0,2023-10-25 03:24:34,fruhman
2088,nir-bfo-00908,0,2023-10-25 03:24:38,fruhman
2089,nic-cos-00721,0,2023-10-25 03:24:40,fruhman
2090,nic-cos-00405,1,2023-10-25 03:24:42,fruhman
2091,gnb-gui-00560,0,2023-10-25 03:24:47,fruhman
2092,cen-cha-00030,1,2023-10-25 03:24:50,fruhman
2093,bra-bol-04685,1,2023-10-25 03:24:52,fruhman
2094,jor-sau-01427,0,2023-10-25 03:24:55,fruhman
2095,usa-can-11848,1,2023-10-25 03:24:56,fruhman
2096,taj-kyr-01036,1,2023-10-25 03:24:59,fruhman
2097,hon-sal-00139,1,2023-10-25 03:25:01,fruhman
2098,zim-bot-00943,1,2023-10-25 03:25:02,fruhman
2099,drc-zam-02803,0,2023-10-25 03:25:08,fruhman
2100,saf-bot-00613,1,2023-10-25 03:25:10,fruhman
2101,chl-arg-09839,1,2023-10-25 03:25:11,fruhman
2102,nir-nig-01151,1,2023-10-25 03:25:13,fruhman
2103,ind-nep-03503,1,2023-10-25 03:25:15,fruhman
2104,chn-nep-00343,0,2023-10-25 03:25:21,fruhman
2105,mzm-zim-00544,1,2023-10-25 03:25:32,fruhman
2106,rus-aze-00296,1,2023-10-25 03:25:33,fruhman
2107,rus-aze-00296,1,2023-10-25 03:25:39,fruhman
2108,chl-arg-01714,1,2023-10-25 03:25:40,fruhman
2109,cen-ssd-02424,0,2023-10-25 03:25:47,fruhman
2110,saf-bot-00613,1,2023-10-25 03:25:48,fruhman
2111,col-per-00212,0,2023-10-25 03:25:51,fruhman
2112,saf-bot-02217,1,2023-10-25 03:25:54,fruhman
2113,cam-drv-00363,1,2023-10-25 03:25:57,fruhman
2114,cdi-lbr-01616,0,2023-10-25 03:26:01,fruhman
2115,pol-czr-00637,1,2023-10-25 03:26:03,fruhman
2116,irn-tkm-01425,1,2023-10-25 03:26:05,fruhman
2117,rus-aze-00491,1,2023-10-25 03:26:09,fruhman
2118,nth-gmy-00557,1,2023-10-25 03:26:12,fruhman
2119,nir-bfo-00908,0,2023-10-25 03:26:15,fruhman
2120,aus-slo-00171,1,2023-10-25 03:26:18,fruhman
2121,bra-bol-07542,1,2023-10-25 03:26:25,fruhman
2122,chn-mon-08014,0,2023-10-25 03:26:27,fruhman
2123,afg-tkm-01885,0,2023-10-25 03:26:31,fruhman
2124,cao-nig-00466,0,2023-10-26 02:45:48,fruhman
2125,tkm-kzk-00484,1,2023-10-26 02:45:51,fruhman
2126,drc-zam-00276,0,2023-10-26 02:45:55,fruhman
2127,ind-bng-00905,1,2023-10-26 02:45:57,fruhman
2128,cen-cha-01550,1,2023-10-26 02:45:59,fruhman
2129,ind-mya-00997,0,2023-10-26 02:46:03,fruhman
2130,sud-ssd-04111,0,2023-10-26 02:46:09,fruhman
2131,irq-kuw-00478,1,2023-10-26 02:46:12,fruhman
2132,rus-aze-00579,1,2023-10-26 02:46:18,fruhman
2133,saf-bot-00613,1,2023-10-26 02:46:21,fruhman
2134,cao-nig-03978,1,2023-10-26 02:46:28,fruhman
2135,drc-zam-00350,1,2023-10-26 02:46:46,fruhman
2136,hun-cro-00616,1,2023-10-26 02:46:52,fruhman
2137,cen-drc-01050,1,2023-10-26 02:46:55,fruhman
2138,drc-ang-03907,0,2023-10-26 02:47:00,fruhman
2139,rus-chn-10231,1,2023-10-26 02:47:02,fruhman
2140,nir-alg-00100,1,2023-10-26 02:47:21,fruhman
2141,usa-can-04608,0,2023-10-26 02:47:27,fruhman
2142,gmy-czr-01047,1,2023-10-26 02:47:32,fruhman
2143,uzb-kzk-02149,1,2023-10-26 02:47:36,fruhman
2144,drc-ang-02875,1,2023-10-26 02:47:50,fruhman
2145,kyr-uzb-00980,1,2023-10-26 02:47:53,fruhman
2146,bel-frn-01173,1,2023-10-26 02:48:02,fruhman
2147,ben-tog-01706,1,2023-10-26 02:48:06,fruhman
2148,tur-syr-01899,1,2023-10-26 02:48:08,fruhman
2149,cao-nig-01424,1,2023-10-26 02:48:15,fruhman
2150,usa-can-00414,1,2023-10-26 02:48:17,fruhman
2151,saf-nam-01381,1,2023-10-26 02:48:20,fruhman
2152,gnb-gui-00560,1,2023-10-26 02:48:25,fruhman
2153,usa-can-10131,0,2023-10-26 02:48:41,fruhman
2154,eqg-cao-00193,0,2023-10-26 02:48:54,fruhman
2155,sau-oma-00258,0,2023-10-26 02:48:58,fruhman
2156,lib-egy-01049,0,2023-10-26 02:49:02,fruhman
2157,usa-can-09615,0,2023-10-26 02:49:06,fruhman
2158,irq-sau-01637,1,2023-10-26 02:49:09,fruhman
2159,spn-por-02958,1,2023-10-26 02:49:11,fruhman
2160,rus-est-00448,0,2023-10-26 02:49:14,fruhman
2161,alg-lib-00866,1,2023-10-26 02:49:16,fruhman
2162,hon-sal-00239,0,2023-10-26 02:49:28,fruhman
2163,rus-fin-02784,1,2023-10-26 02:49:40,fruhman
2164,spn-por-02958,1,2023-10-26 02:49:41,fruhman
2165,chl-arg-12923,0,2023-10-26 02:50:02,fruhman
2166,usa-mex-05379,1,2023-10-26 02:50:05,fruhman
2167,cao-nig-01424,1,2023-10-26 02:50:10,fruhman
2168,rus-kzk-03534,1,2023-10-26 02:50:14,fruhman
2169,mzm-swa-00128,1,2023-10-26 02:50:21,fruhman
2170,guy-bra-02156,0,2023-10-26 02:50:34,fruhman
2171,saf-les-00014,1,2023-10-26 02:50:36,fruhman
2172,cao-cha-01064,1,2023-10-26 02:50:52,fruhman
2173,chl-arg-11031,0,2023-10-26 02:50:57,fruhman
2174,mal-ins-01422,0,2023-10-26 02:51:06,fruhman
2175,mli-alg-00477,0,2023-10-26 02:51:10,fruhman
2176,rus-kzk-02477,1,2023-10-26 02:51:14,fruhman
2177,eth-eri-00617,1,2023-10-26 02:51:17,fruhman
2178,con-drc-01592,0,2023-10-26 02:51:22,fruhman
2179,chl-arg-11077,0,2023-10-26 02:51:29,fruhman
2180,arm-grg-00425,1,2023-10-26 02:51:40,fruhman
2181,col-per-02749,0,2023-10-26 02:51:49,fruhman
2182,col-ven-04535,1,2023-10-26 02:51:57,fruhman
2183,saf-bot-01453,1,2023-10-26 02:52:01,fruhman
2184,ven-bra-02050,0,2023-10-26 02:52:11,fruhman
2185,bel-frn-01173,1,2023-10-26 02:52:22,fruhman
2186,mli-alg-00477,0,2023-10-26 02:52:29,fruhman
2187,yug-bul-00119,1,2023-10-26 02:52:49,fruhman
2188,con-drc-03323,1,2023-10-26 02:52:55,fruhman
2189,rus-chn-02802,1,2023-10-26 02:52:57,fruhman
2190,rus-kzk-03534,1,2023-10-26 02:53:02,fruhman
2191,col-per-03419,0,2023-10-26 02:53:07,fruhman
2192,chn-mon-10604,1,2023-10-26 02:53:09,fruhman
2193,irn-tkm-02160,1,2023-10-26 02:53:11,fruhman
2194,hai-dom-00065,1,2023-10-26 02:53:15,fruhman
2195,rus-mon-02109,0,2023-10-26 02:53:19,fruhman
2196,bel-gmy-00323,1,2023-10-26 02:53:22,fruhman
2197,jor-sau-01794,0,2023-10-26 02:53:25,fruhman
2198,mor-alg-02289,1,2023-10-26 02:53:31,fruhman
2199,som-eth-03625,1,2023-10-26 02:53:33,fruhman
2200,chn-ind-07562,0,2023-10-26 02:53:36,fruhman
2201,cao-nig-02556,0,2023-10-26 02:53:44,fruhman
2202,mal-ins-00496,1,2023-10-26 02:53:49,fruhman
2203,gab-con-01099,0,2023-10-26 02:53:51,fruhman
2204,mli-bfo-03309,0,2023-10-26 02:53:56,fruhman
2205,rus-kzk-06610,0,2023-10-26 02:54:00,fruhman
2206,rus-mon-02171,1,2023-10-26 02:54:02,fruhman
2207,cdi-lbr-01616,1,2023-10-26 02:54:07,fruhman
2208,nir-nig-01151,1,2023-10-26 02:54:22,fruhman
2209,rus-kzk-03029,1,2023-10-26 02:54:24,fruhman
2210,chn-ind-09347,1,2023-10-26 02:54:26,fruhman
2211,mal-ins-02981,0,2023-10-26 02:54:36,fruhman
2212,rus-fin-00502,1,2023-10-26 02:54:42,fruhman
2213,mli-alg-01031,1,2023-10-26 02:54:47,fruhman
2214,irq-jor-00285,1,2023-10-26 02:54:49,fruhman
2215,gnb-gui-00560,1,2023-10-26 02:54:53,fruhman
2216,mzm-saf-00799,1,2023-10-26 02:54:55,fruhman
2217,cen-drc-02559,1,2023-10-26 02:54:57,fruhman
2218,rus-mon-02171,1,2023-10-26 02:54:59,fruhman
2219,chn-prk-02999,0,2023-10-26 02:55:08,fruhman
2220,nam-bot-00610,1,2023-10-26 02:55:10,fruhman
2221,nir-nig-02324,1,2023-10-26 02:55:12,fruhman
2222,lat-blr-00163,1,2023-10-26 02:55:14,fruhman
2223,uga-ken-00586,0,2023-10-26 02:55:20,fruhman
2224,cos-pan-00503,1,2023-10-26 02:55:22,fruhman
2225,frn-ita-00871,1,2023-10-26 02:55:27,fruhman
2226,thi-lao-03053,0,2023-10-26 02:55:30,fruhman
2227,rus-fin-02784,1,2023-10-26 02:55:34,fruhman
2228,mya-lao-00298,1,2023-10-26 02:55:37,fruhman
2229,saf-bot-01453,1,2023-10-26 02:55:58,fruhman
2230,cro-slv-00461,1,2023-10-26 02:56:15,fruhman
2231,rus-mon-03033,0,2023-10-26 02:56:25,fruhman
2232,hun-cro-00170,1,2023-10-26 02:56:28,fruhman
2233,aze-irn-00350,1,2023-10-26 02:56:30,fruhman
2234,mli-cdi-00459,1,2023-10-26 02:56:39,fruhman
2235,gab-con-02668,1,2023-10-26 02:56:56,fruhman
2236,sau-uae-00485,1,2023-10-26 02:57:07,fruhman
2237,chl-arg-11450,1,2023-10-26 02:57:29,fruhman
2238,jor-sau-00798,1,2023-10-26 02:57:34,fruhman
2239,kyr-chn-01123,0,2023-10-26 02:57:37,fruhman
2240,ben-tog-01706,1,2023-10-26 02:57:40,fruhman
2241,thi-lao-00428,1,2023-10-26 02:57:42,fruhman
2242,arm-aze-02809,1,2023-10-26 02:57:44,fruhman
2243,ind-mya-02317,1,2023-10-26 02:57:46,fruhman
2244,rus-kzk-07863,1,2023-10-26 02:57:51,fruhman
2245,cen-con-00444,0,2023-10-26 02:57:55,fruhman
2246,irq-kuw-00478,1,2023-10-26 02:57:57,fruhman
2247,frn-gmy-00488,1,2023-10-26 02:58:01,fruhman
2248,irn-irq-01105,1,2023-10-26 02:58:03,fruhman
2249,alb-mng-00053,1,2023-10-26 02:58:05,fruhman
2250,mli-alg-01031,1,2023-10-26 02:58:12,fruhman
2251,usa-mex-06098,1,2023-10-26 02:58:15,fruhman
2252,tur-syr-00472,1,2023-10-26 02:58:37,fruhman
2253,chn-mya-01828,1,2023-10-26 02:58:54,fruhman
2254,cdi-lbr-01616,1,2023-10-26 02:59:14,fruhman
2255,arm-aze-02809,1,2023-10-26 02:59:20,fruhman
2256,drc-zam-01053,0,2023-10-26 02:59:28,fruhman
2257,kzk-chn-01674,0,2023-10-26 02:59:32,fruhman
2258,mor-alg-02608,1,2023-10-26 02:59:34,fruhman
2259,zim-bot-00943,1,2023-10-26 02:59:51,fruhman
2260,alg-lib-00866,1,2023-10-26 02:59:54,fruhman
2261,chn-ind-00851,1,2023-10-26 02:59:57,fruhman
2262,som-eth-04405,1,2023-10-26 03:00:00,fruhman
2263,zam-maw-01626,0,2023-10-26 03:00:03,fruhman
2264,cen-cha-00030,1,2023-10-26 03:00:06,fruhman
2265,mex-gua-00908,1,2023-10-26 03:00:08,fruhman
2266,taz-zam-00494,1,2023-10-26 03:00:11,fruhman
2267,fin-swd-00131,1,2023-10-26 03:00:23,fruhman
2268,rus-kzk-07863,1,2023-10-26 15:50:25,akula
2269,irq-jor-00285,1,2023-10-26 15:50:28,akula
2270,mya-thi-01153,0,2023-10-26 15:50:30,akula
2271,rus-mon-02517,0,2023-10-26 15:50:32,akula
2272,per-bol-01245,0,2023-10-26 15:50:36,akula
2273,saf-bot-02733,1,2023-10-26 15:50:39,akula
2274,cro-bos-00681,0,2023-10-26 15:50:43,akula
2275,usa-can-03920,0,2023-10-26 15:50:45,akula
2276,drc-ang-01064,0,2023-10-26 15:50:48,akula
2277,arm-aze-02809,1,2023-10-26 15:50:51,akula
2278,ind-bng-02810,1,2023-10-26 15:50:55,akula
2279,jor-sau-01427,0,2023-10-26 15:51:00,akula
2280,ang-nam-03301,1,2023-10-26 15:51:02,akula
2281,rus-mon-06361,0,2023-10-26 15:51:05,akula
2282,con-drc-03870,0,2023-10-26 15:51:07,akula
2283,usa-can-14570,1,2023-10-26 15:51:16,akula
2284,saf-les-00014,1,2023-10-26 15:51:19,akula
2285,par-arg-02751,0,2023-10-26 15:51:23,akula
2286,chn-mya-04093,0,2023-10-26 15:51:27,akula
2287,mli-gui-00034,1,2023-10-26 15:51:34,akula
2288,hun-cro-00228,0,2023-10-26 15:51:51,akula
2289,kzk-chn-01674,0,2023-10-26 15:52:00,akula
2290,saf-swa-00714,1,2023-10-26 15:52:01,akula
2291,cao-nig-02556,0,2023-10-26 15:52:11,akula
2292,chn-drv-00742,1,2023-10-26 15:52:18,akula
2293,chn-ind-02621,0,2023-10-26 15:53:00,akula
2294,rus-mon-03330,1,2023-10-26 15:53:02,akula
2295,chn-ind-07562,0,2023-10-26 15:53:04,akula
2296,col-ecu-00051,1,2023-10-26 15:53:08,akula
2297,mli-maa-01022,0,2023-10-26 15:53:15,akula
2298,rus-kzk-07863,1,2023-10-26 15:53:26,akula
2299,ang-zam-00470,0,2023-10-26 15:53:40,akula
2300,cen-con-00572,0,2023-10-26 15:53:42,akula
2301,ind-pak-01119,1,2023-10-26 15:53:45,akula
2302,drc-ang-02875,1,2023-10-26 15:53:47,akula
2303,ind-pak-07647,1,2023-10-26 15:53:51,akula
2304,gmy-czr-01047,1,2023-10-26 15:53:58,akula
2305,chn-mon-09756,1,2023-10-26 15:54:03,akula
2306,irn-pak-00873,0,2023-10-26 15:54:07,akula
2307,ind-bng-02810,1,2023-10-26 15:54:15,akula
2308,maa-mor-00743,1,2023-10-26 15:54:20,akula
2309,sur-frn-01237,1,2023-10-26 15:54:22,akula
2310,mya-thi-02593,1,2023-10-26 15:54:25,akula
2311,col-ecu-01131,0,2023-10-26 15:54:28,akula
2312,chl-arg-13965,0,2023-10-26 15:54:35,akula
2313,ind-pak-07645,1,2023-10-26 15:54:38,akula
2314,rus-kzk-01418,1,2023-10-26 15:54:40,akula
2315,tkm-uzb-01189,0,2023-10-26 15:54:53,akula
2316,gmy-aus-01288,1,2023-10-30 18:58:14,Skyler
2317,nir-bfo-00908,0,2023-10-31 13:26:16,fruhman
2318,sud-egy-01913,1,2023-10-31 13:26:23,fruhman
2319,nic-cos-00405,1,2023-10-31 13:26:49,fruhman
2320,chn-drv-02458,1,2023-10-31 13:26:51,fruhman
2321,tkm-uzb-02928,0,2023-10-31 13:26:55,fruhman
2322,chl-arg-01714,1,2023-10-31 13:27:00,fruhman
2323,chn-mon-12202,1,2023-10-31 13:27:04,fruhman
2324,hun-slo-01072,1,2023-10-31 13:27:06,fruhman
2325,cao-nig-03414,1,2023-10-31 13:27:12,fruhman
2326,cen-cha-00030,1,2023-10-31 13:27:14,fruhman
2327,nir-nig-02324,1,2023-10-31 13:27:17,fruhman
2328,bra-bol-08165,1,2023-10-31 13:27:22,fruhman
2329,uga-rwa-00069,1,2023-10-31 13:27:42,fruhman
2330,spn-por-03538,1,2023-10-31 13:27:46,fruhman
2331,hun-slo-01072,1,2023-10-31 13:27:48,fruhman
2332,mex-gua-00985,1,2023-10-31 13:27:49,fruhman
2333,hun-cro-00228,1,2023-10-31 13:27:56,fruhman
2334,rus-chn-04501,0,2023-10-31 13:28:00,fruhman
2335,drc-zam-00350,1,2023-10-31 13:28:03,fruhman
2336,chl-arg-11450,1,2023-10-31 13:28:04,fruhman
2337,irq-jor-00285,1,2023-10-31 13:28:11,fruhman
2338,chn-mon-08054,1,2023-10-31 13:28:18,fruhman
2339,hun-slo-01072,1,2023-10-31 13:28:19,fruhman
2340,drc-ang-01321,1,2023-10-31 13:28:25,fruhman
2341,usa-can-15974,1,2023-10-31 13:28:27,fruhman
2342,ang-nam-03301,1,2023-10-31 13:28:29,fruhman
2343,uzb-kzk-02149,1,2023-10-31 13:28:32,fruhman
2344,rus-kzk-08192,1,2023-10-31 13:28:36,fruhman
2345,chl-arg-11589,0,2023-10-31 13:28:41,fruhman
2346,yug-kos-00431,1,2023-10-31 13:28:47,fruhman
2347,rus-chn-06045,0,2023-10-31 13:28:51,fruhman
2348,zam-maw-00327,1,2023-10-31 13:28:53,fruhman
2349,tkm-uzb-03039,1,2023-10-31 13:28:55,fruhman
2350,usa-can-17016,0,2023-10-31 13:28:57,fruhman
2351,chn-mon-12202,1,2023-10-31 13:28:59,fruhman
2352,mli-maa-03054,0,2023-10-31 13:29:01,fruhman
2353,irq-jor-00400,1,2023-10-31 13:29:05,fruhman
2354,pol-rus-00205,1,2023-10-31 13:29:07,fruhman
2355,mex-gua-01131,1,2023-10-31 13:29:09,fruhman
2356,mya-thi-02647,1,2023-10-31 13:29:11,fruhman
2357,mex-gua-01662,1,2023-10-31 13:29:12,fruhman
2358,irn-pak-00873,1,2023-10-31 13:29:16,fruhman
2359,frn-swz-01186,0,2023-10-31 13:29:18,fruhman
2360,mor-alg-03407,1,2023-10-31 13:29:20,fruhman
2361,cao-nig-03037,1,2023-10-31 13:29:21,fruhman
2362,aze-irn-00350,1,2023-10-31 13:29:24,fruhman
2363,drc-zam-02803,1,2023-10-31 13:29:28,fruhman
2364,drc-zam-01573,1,2023-10-31 13:29:32,fruhman
2365,nir-nig-02324,1,2023-10-31 13:29:35,fruhman
2366,cen-cha-01427,1,2023-10-31 13:29:39,fruhman
2367,cao-cha-01064,1,2023-10-31 13:29:42,fruhman
2368,eth-ssd-01367,1,2023-10-31 13:29:43,fruhman
2369,nir-lib-00127,0,2023-10-31 13:29:46,fruhman
2370,grg-tur-00492,1,2023-10-31 13:29:50,fruhman
2371,nic-cos-00405,1,2023-10-31 13:29:55,fruhman
2372,usa-can-06097,0,2023-10-31 13:29:58,fruhman
2373,chn-ind-02621,0,2023-10-31 13:30:00,fruhman
2374,per-bra-03308,1,2023-10-31 13:30:06,fruhman
2375,guy-bra-00711,0,2023-10-31 13:30:10,fruhman
2376,eqg-cao-00193,0,2023-10-31 13:30:14,fruhman
2377,saf-les-00094,1,2023-10-31 13:30:19,fruhman
2378,usa-can-00104,0,2023-10-31 13:30:22,fruhman
2379,drc-zam-03161,0,2023-10-31 13:30:33,fruhman
2380,mor-alg-02608,1,2023-10-31 13:30:43,fruhman
2381,chn-prk-02828,1,2023-10-31 13:30:59,fruhman
2382,afg-pak-02023,1,2023-10-31 13:31:04,fruhman
2383,bra-bol-07830,0,2023-10-31 13:31:07,fruhman
2384,rus-chn-06045,0,2023-10-31 13:31:11,fruhman
2385,col-ven-03060,1,2023-10-31 13:31:13,fruhman
2386,chn-mon-02206,0,2023-10-31 13:31:20,fruhman
2387,per-bra-03165,1,2023-10-31 13:31:29,fruhman
2388,mex-gua-00985,1,2023-10-31 13:31:35,fruhman
2389,gmy-czr-01838,0,2023-10-31 13:31:44,fruhman
2390,hun-slv-00013,1,2023-10-31 13:31:46,fruhman
2391,cro-bos-01555,0,2023-10-31 13:31:51,fruhman
2392,bra-bol-01685,1,2023-10-31 13:31:54,fruhman
2393,cos-pan-00503,1,2023-10-31 13:31:57,fruhman
2394,rus-chn-06389,0,2023-10-31 13:32:01,fruhman
2395,chn-nep-00299,1,2023-10-31 13:32:07,fruhman
2396,chn-ind-02134,1,2023-10-31 13:32:10,fruhman
2397,nth-gmy-00557,1,2023-10-31 13:32:16,fruhman
2398,grg-aze-00649,1,2023-10-31 13:32:17,fruhman
2399,uzb-kzk-04421,0,2023-10-31 13:32:23,fruhman
2400,eth-eri-00617,1,2023-10-31 13:32:27,fruhman
2401,ind-mya-01620,0,2023-10-31 13:32:41,fruhman
2402,irn-afg-01626,0,2023-10-31 13:32:46,fruhman
2403,jor-sau-01427,1,2023-10-31 13:32:49,fruhman
2404,grc-bul-00591,1,2023-10-31 13:32:51,fruhman
2405,chn-ind-07562,0,2023-10-31 13:32:57,fruhman
2406,irq-sau-00666,1,2023-10-31 13:32:59,fruhman
2407,irn-tkm-00023,1,2023-10-31 13:33:01,fruhman
2408,taz-bui-00241,1,2023-10-31 13:33:03,fruhman
2409,maa-alg-00850,0,2023-10-31 13:33:06,fruhman
2410,rus-kzk-10090,1,2023-10-31 13:33:09,fruhman
2411,mzm-saf-00799,1,2023-10-31 13:33:11,fruhman
2412,bra-bol-07830,0,2023-10-31 13:33:13,fruhman
2413,col-ven-04535,1,2023-10-31 13:33:22,fruhman
2414,saf-les-00094,0,2023-10-31 13:33:28,fruhman
2415,col-bra-01646,0,2023-10-31 13:33:33,fruhman
2416,mal-ins-03120,0,2023-10-31 13:33:40,fruhman
2417,mya-lao-00298,1,2023-10-31 13:33:45,fruhman
2418,rus-chn-06389,0,2023-10-31 13:33:51,fruhman
2419,irn-tkm-00023,1,2023-10-31 13:34:01,fruhman
2420,mzm-zim-00544,1,2023-10-31 13:34:10,fruhman
2421,taz-bui-01068,1,2023-10-31 13:34:27,fruhman
2422,saf-les-01382,1,2023-10-31 13:34:29,fruhman
2423,rus-kzk-10090,1,2023-10-31 13:34:36,fruhman
2424,mli-maa-02247,0,2023-10-31 13:34:43,fruhman
2425,cro-yug-00636,1,2023-10-31 13:34:46,fruhman
2426,alg-lib-01004,1,2023-10-31 13:34:56,fruhman
2427,usa-can-01971,1,2023-10-31 13:35:00,fruhman
2428,rus-chn-06934,0,2023-10-31 13:35:15,fruhman
2429,cam-drv-01121,1,2023-10-31 13:35:18,fruhman
2430,par-arg-02990,1,2023-10-31 13:35:20,fruhman
2431,usa-can-15974,1,2023-10-31 13:35:29,fruhman
2432,pol-czr-00623,1,2023-10-31 13:35:31,fruhman
2433,usa-can-00414,1,2023-10-31 13:35:33,fruhman
2434,mli-alg-01929,0,2023-10-31 13:35:40,fruhman
2435,chl-arg-12923,0,2023-10-31 13:35:43,fruhman
2436,rus-kzk-10233,1,2023-10-31 13:35:45,fruhman
2437,mya-thi-02593,1,2023-10-31 13:35:48,fruhman
2438,saf-nam-00289,1,2023-10-31 13:35:50,fruhman
2439,ind-pak-07647,1,2023-10-31 13:35:55,fruhman
2440,chl-arg-12124,0,2023-10-31 13:36:00,fruhman
2441,rus-kzk-10421,1,2023-10-31 13:36:03,fruhman
2442,drc-ang-05587,1,2023-10-31 13:36:09,fruhman
2443,gui-sie-01616,1,2023-10-31 13:36:14,fruhman
2444,cao-nig-03037,1,2023-10-31 13:36:15,fruhman
2445,mzm-maw-01242,1,2023-10-31 13:36:17,fruhman
2446,drc-ang-05587,1,2023-10-31 13:36:21,fruhman
2447,per-bra-03308,1,2023-10-31 13:36:24,fruhman
2448,mli-alg-02174,1,2023-10-31 13:36:25,fruhman
2449,gmy-czr-01838,0,2023-10-31 13:36:29,fruhman
2450,maa-alg-00850,0,2023-10-31 13:36:31,fruhman
2451,nam-bot-01374,1,2023-10-31 13:36:33,fruhman
2452,chl-arg-12124,0,2023-10-31 13:36:39,fruhman
2453,bul-rom-00442,0,2023-10-31 13:36:42,fruhman
2454,frn-swz-01186,0,2023-10-31 13:36:45,fruhman
2455,drc-zam-03161,0,2023-10-31 13:36:50,fruhman
2456,ben-bfo-00015,1,2023-10-31 13:36:53,fruhman
2457,alg-tun-01415,1,2023-10-31 13:36:57,fruhman
2458,mli-maa-05354,0,2023-10-31 13:37:04,fruhman
2459,chn-drv-00794,0,2023-10-31 13:37:08,fruhman
2460,kyr-uzb-01352,1,2023-10-31 13:37:10,fruhman
2461,bra-bol-08165,1,2023-10-31 13:37:14,fruhman
2462,ind-bng-02810,1,2023-10-31 13:37:21,fruhman
2463,mli-alg-02174,1,2023-10-31 13:37:23,fruhman
2464,syr-leb-00047,1,2023-10-31 13:37:25,fruhman
2465,tkm-uzb-02901,0,2023-10-31 13:37:28,fruhman
2466,usa-can-04608,0,2023-10-31 13:37:30,fruhman
2467,chn-mon-03531,1,2023-10-31 13:37:35,fruhman
2468,bfo-gha-01280,1,2023-10-31 13:37:38,fruhman
2469,usa-can-16399,1,2023-10-31 13:37:39,fruhman
2470,tkm-kzk-00809,1,2023-10-31 13:37:42,fruhman
2471,gui-sie-01616,1,2023-10-31 13:37:44,fruhman
2472,pol-rus-00205,1,2023-10-31 13:37:46,fruhman
2473,chn-ind-09997,1,2023-10-31 13:37:55,fruhman
2474,drc-zam-04402,0,2023-10-31 13:37:58,fruhman
2475,swd-nor-03605,0,2023-10-31 13:38:00,fruhman
2476,irq-jor-00400,1,2023-10-31 13:38:02,fruhman
2477,yem-oma-00439,0,2023-10-31 13:38:06,fruhman
2478,thi-mal-00759,0,2023-10-31 13:38:14,fruhman
2479,yug-bos-00463,1,2023-10-31 13:38:17,fruhman
2480,sud-egy-00054,0,2023-10-31 13:38:22,fruhman
2481,irn-irq-01399,1,2023-10-31 13:38:29,fruhman
2482,pol-czr-00623,1,2023-10-31 13:38:31,fruhman
2483,gab-con-02668,1,2023-10-31 13:38:39,fruhman
2484,alg-tun-01415,1,2023-10-31 13:38:40,fruhman
2485,chl-arg-12124,0,2023-10-31 13:38:42,fruhman
2486,cao-cen-00669,1,2023-10-31 13:38:45,fruhman
2487,hon-sal-00239,0,2023-10-31 13:38:48,fruhman
2488,rus-mon-07540,0,2023-10-31 13:38:50,fruhman
2489,sud-egy-01100,0,2023-10-31 13:38:53,fruhman
2490,sud-ssd-04111,0,2023-10-31 13:38:57,fruhman
2491,saf-nam-01381,1,2023-10-31 13:38:59,fruhman
2492,usa-can-17016,0,2023-10-31 13:39:03,fruhman
2493,arg-uru-00125,0,2023-10-31 13:39:05,fruhman
2494,chn-ind-09997,0,2023-10-31 13:39:06,fruhman
2495,sur-frn-01237,1,2023-10-31 13:39:08,fruhman
2496,nir-alg-00178,0,2023-10-31 13:39:12,fruhman
2497,sud-egy-00054,0,2023-10-31 13:39:13,fruhman
2498,sud-egy-01314,1,2023-10-31 13:39:16,fruhman
2499,swz-ita-02057,1,2023-10-31 13:39:18,fruhman
2500,rus-chn-06934,0,2023-10-31 13:39:21,fruhman
2501,rus-kzk-10421,1,2023-10-31 13:39:23,fruhman
2502,bra-bol-01219,1,2023-10-31 13:39:25,fruhman
2503,uga-ken-00586,0,2023-10-31 13:39:29,fruhman
2504,gua-hon-00036,0,2023-10-31 13:39:33,fruhman
2505,mor-alg-04235,1,2023-10-31 13:39:35,fruhman
2506,chn-bhu-00711,0,2023-10-31 13:39:37,fruhman
2507,frn-gmy-00194,1,2023-10-31 13:39:39,fruhman
2508,rus-kzk-10911,1,2023-10-31 13:39:40,fruhman
2509,kzk-chn-01752,1,2023-10-31 13:39:42,fruhman
2510,taz-rwa-00453,1,2023-10-31 13:39:43,fruhman
2511,bra-bol-01779,1,2023-10-31 13:39:45,fruhman
2512,rus-kzk-12262,1,2023-10-31 13:39:47,fruhman
2513,rus-kzk-12262,1,2023-10-31 13:39:52,fruhman
2514,kzk-chn-01836,1,2023-10-31 13:39:53,fruhman
2515,ind-bng-03328,1,2023-10-31 13:39:55,fruhman
2516,chn-nep-00343,1,2023-10-31 13:40:02,fruhman
2517,bol-chl-00880,1,2023-10-31 13:40:07,fruhman
2518,mac-kos-00087,1,2023-10-31 13:40:14,fruhman
2519,ind-pak-01119,1,2023-10-31 13:40:15,fruhman
2520,par-arg-02990,1,2023-10-31 13:40:17,fruhman
2521,nir-bfo-00258,0,2023-10-31 13:40:21,fruhman
2522,sud-egy-01314,0,2023-10-31 13:40:24,fruhman
2523,alg-tun-01415,1,2023-10-31 13:40:26,fruhman
2524,chn-mya-00243,1,2023-10-31 13:40:33,fruhman
2525,taz-bui-01068,1,2023-10-31 13:40:35,fruhman
2526,chn-ind-04676,1,2023-10-31 13:40:38,fruhman
2527,irn-tkm-00023,1,2023-10-31 13:40:43,fruhman
2528,rus-aze-00579,1,2023-10-31 13:40:45,fruhman
2529,uga-ssd-00442,0,2023-10-31 13:40:49,fruhman
2530,gmy-czr-01838,0,2023-10-31 13:40:53,fruhman
2531,rus-chn-07603,1,2023-10-31 13:40:54,fruhman
2532,cen-cha-02233,1,2023-10-31 13:40:57,fruhman
2533,lao-drv-03193,0,2023-10-31 13:41:02,fruhman
2534,swz-ita-00735,1,2023-10-31 13:41:04,fruhman
2535,sud-egy-01314,0,2023-10-31 13:41:07,fruhman
2536,bra-par-00426,0,2023-10-31 13:41:10,fruhman
2537,nir-cha-02865,0,2023-10-31 13:41:17,fruhman
2538,nam-bot-01374,1,2023-10-31 13:41:19,fruhman
2539,nth-gmy-00944,1,2023-10-31 13:41:20,fruhman
2540,ken-eth-01534,1,2023-10-31 13:41:22,fruhman
2541,yug-bos-00449,1,2023-10-31 13:41:24,fruhman
2542,ind-mya-01224,1,2023-10-31 13:41:28,fruhman
2543,cro-yug-00057,1,2023-10-31 13:41:30,fruhman
2544,hun-slv-00013,1,2023-10-31 13:41:31,fruhman
2545,rus-aze-00579,1,2023-10-31 13:41:33,fruhman
2546,taj-kyr-01036,1,2023-10-31 13:41:34,fruhman
2547,cam-drv-00838,0,2023-10-31 13:41:38,fruhman
2548,rus-mon-04561,1,2023-10-31 13:41:41,fruhman
2549,cen-cha-02233,1,2023-10-31 13:41:42,fruhman
2550,mli-alg-02579,0,2023-10-31 13:41:47,fruhman
2551,grc-tur-00525,1,2023-10-31 13:41:49,fruhman
2552,ins-etm-00310,1,2023-10-31 13:41:51,fruhman
2553,alg-tun-01598,0,2023-10-31 13:41:55,fruhman
2554,alg-tun-01598,0,2023-10-31 13:41:57,fruhman
2555,chl-arg-12470,0,2023-10-31 13:42:01,fruhman
2556,chn-ind-07927,1,2023-10-31 13:42:03,fruhman
2557,irq-sau-00666,1,2023-10-31 13:42:05,fruhman
2558,chn-ind-09370,1,2023-10-31 13:42:07,fruhman
2559,ind-nep-03503,1,2023-10-31 13:42:09,fruhman
2560,som-eth-03625,1,2023-10-31 13:42:13,fruhman
2561,bol-chl-02070,1,2023-10-31 13:42:15,fruhman
2562,drc-zam-04402,0,2023-10-31 13:42:19,fruhman
2563,cen-cha-02824,1,2023-10-31 13:42:21,fruhman
2564,tkm-uzb-02901,0,2023-10-31 13:42:25,fruhman
2565,ben-bfo-00320,1,2023-10-31 13:42:32,fruhman
2566,chn-mon-09718,1,2023-10-31 13:42:34,fruhman
2567,rus-blr-00272,1,2023-10-31 13:42:39,fruhman
2568,mal-ins-03907,0,2023-10-31 13:42:43,fruhman
2569,arm-grg-00425,1,2023-10-31 13:42:45,fruhman
2570,eth-ssd-01022,1,2023-10-31 13:42:46,fruhman
2571,chn-drv-00742,1,2023-10-31 13:42:50,fruhman
2572,gnb-sen-00356,1,2023-10-31 13:42:51,fruhman
2573,kyr-chn-01532,1,2023-10-31 13:42:54,fruhman
2574,gab-con-03611,1,2023-10-31 13:42:55,fruhman
2575,gnb-gui-00566,1,2023-10-31 13:42:57,fruhman
2576,rus-mon-04561,1,2023-10-31 13:42:58,fruhman
2577,per-bra-01737,1,2023-10-31 13:43:00,fruhman
2578,swz-gmy-00606,1,2023-10-31 13:43:02,fruhman
2579,nir-alg-00178,0,2023-10-31 13:43:05,fruhman
2580,ang-zam-02078,1,2023-10-31 13:43:08,fruhman
2581,taz-mzm-00117,1,2023-10-31 13:43:10,fruhman
2582,mya-thi-02647,1,2023-10-31 13:43:13,fruhman
2583,usa-can-17283,1,2023-10-31 13:43:15,fruhman
2584,guy-bra-02912,0,2023-10-31 13:43:19,fruhman
2585,chn-ind-05453,1,2023-10-31 13:43:21,fruhman
2586,chn-mon-02582,1,2023-10-31 13:43:30,fruhman
2587,mli-gui-00034,1,2023-10-31 13:43:32,fruhman
2588,col-ven-03172,0,2023-10-31 13:43:34,fruhman
2589,rus-blr-00272,1,2023-10-31 13:43:40,fruhman
2590,rus-mon-04561,1,2023-10-31 13:43:42,fruhman
2591,mli-alg-02174,1,2023-10-31 13:43:45,fruhman
2592,ind-bng-07313,1,2023-10-31 13:43:47,fruhman
2593,eth-ssd-01367,1,2023-10-31 13:43:57,fruhman
2594,chn-mon-09756,1,2023-10-31 13:43:59,fruhman
2595,cao-cha-01269,1,2023-10-31 13:44:01,fruhman
2596,par-arg-02990,1,2023-10-31 13:44:03,fruhman
2597,saf-swa-00222,1,2023-10-31 13:44:06,fruhman
2598,gui-lbr-00455,1,2023-10-31 13:44:32,fruhman
2599,thi-cam-01166,1,2023-10-31 13:44:38,fruhman
2600,chn-nep-00343,0,2023-10-31 13:44:42,fruhman
2601,mal-ins-03907,0,2023-10-31 13:44:48,fruhman
2602,uzb-kzk-05828,1,2023-10-31 13:44:50,fruhman
2603,cen-cha-02824,1,2023-10-31 13:44:51,fruhman
2604,kyr-chn-01532,0,2023-10-31 13:44:54,fruhman
2605,mor-alg-03407,1,2023-10-31 13:44:56,fruhman
2606,irn-irq-01105,1,2023-10-31 13:44:58,fruhman
2607,rus-chn-07603,1,2023-10-31 13:44:59,fruhman
2608,saf-nam-00607,1,2023-10-31 13:45:01,fruhman
2609,ang-nam-03301,1,2023-10-31 13:45:02,fruhman
2610,chn-ind-05453,1,2023-10-31 13:45:05,fruhman
2611,mex-gua-00570,0,2023-10-31 13:45:09,fruhman
2612,eth-ssd-02115,1,2023-10-31 13:45:11,fruhman
2613,alg-tun-01797,0,2023-10-31 13:45:24,fruhman
2614,chn-drv-02458,1,2023-10-31 13:45:27,fruhman
2615,mli-maa-05335,1,2023-10-31 13:45:31,fruhman
2616,spn-por-03324,1,2023-10-31 13:45:35,fruhman
2617,ind-bng-07313,1,2023-10-31 13:45:38,fruhman
2618,bra-frn-00811,0,2023-10-31 13:45:54,fruhman
2619,mli-alg-02579,1,2023-10-31 13:46:00,fruhman
2620,mal-ins-00496,1,2023-10-31 13:46:05,fruhman
2621,eth-sud-01588,1,2023-10-31 13:46:07,fruhman
2622,bra-par-01003,1,2023-10-31 13:46:09,fruhman
2623,sud-egy-03946,0,2023-10-31 13:46:14,fruhman
2624,alg-tun-02178,0,2023-10-31 13:46:16,fruhman
2625,ang-zam-02611,1,2023-10-31 13:46:21,fruhman
2626,chn-ind-07927,1,2023-10-31 13:46:24,fruhman
2627,rus-mon-05077,1,2023-10-31 13:46:26,fruhman
2628,fin-nor-00307,1,2023-10-31 13:46:35,fruhman
2629,cen-cha-02824,1,2023-10-31 13:46:40,fruhman
2630,chn-ind-01412,0,2023-10-31 13:46:46,fruhman
2631,sud-egy-02186,1,2023-10-31 13:46:49,fruhman
2632,mor-alg-02608,1,2023-10-31 13:46:56,fruhman
2633,guy-bra-02134,0,2023-10-31 13:47:03,fruhman
2634,per-bra-02504,0,2023-10-31 13:47:05,fruhman
2635,cen-cha-03181,1,2023-10-31 13:47:09,fruhman
2636,fin-nor-00307,1,2023-10-31 13:47:15,fruhman
2637,taz-mzm-00117,1,2023-10-31 13:47:27,fruhman
2638,tur-syr-01952,1,2023-10-31 13:47:35,fruhman
2639,per-bra-03708,1,2023-10-31 13:47:38,fruhman
2640,spn-por-02958,1,2023-10-31 13:47:44,fruhman
2641,ind-nep-01431,1,2023-10-31 13:47:57,fruhman
2642,ind-nep-01651,1,2023-10-31 13:47:59,fruhman
2643,cen-cha-03868,1,2023-10-31 13:48:01,fruhman
2644,usa-mex-00643,1,2023-10-31 13:48:09,fruhman
2645,tur-syr-01952,1,2023-10-31 13:48:12,fruhman
2646,ken-ssd-00069,0,2023-10-31 13:48:16,fruhman
2647,mya-thi-02792,0,2023-10-31 13:48:20,fruhman
2648,taz-mzm-00206,1,2023-10-31 13:48:21,fruhman
2649,zam-maw-00327,1,2023-10-31 13:48:36,fruhman
2650,cen-cha-03868,1,2023-10-31 13:48:45,fruhman
2651,nir-bfo-01327,1,2023-10-31 13:48:51,fruhman
2652,ind-nep-01651,1,2023-10-31 13:48:55,fruhman
2653,nir-bfo-01327,1,2023-10-31 13:49:17,fruhman
2654,ang-nam-00373,1,2023-10-31 13:49:29,fruhman
2655,sud-egy-03946,0,2023-10-31 13:49:41,fruhman
2656,rus-blr-00389,1,2023-10-31 13:49:44,fruhman
2657,cro-bos-01555,1,2023-10-31 13:49:45,fruhman
2658,zam-zim-00493,1,2023-10-31 13:49:49,fruhman
2659,mya-thi-02792,0,2023-10-31 13:49:55,fruhman
2660,cen-con-00572,0,2023-10-31 13:50:01,fruhman
2661,chn-prk-02564,1,2023-10-31 13:50:04,fruhman
2662,sud-egy-03404,1,2023-10-31 13:50:08,fruhman
2663,rus-mon-05077,1,2023-10-31 13:50:11,fruhman
2664,cen-drc-01050,1,2023-10-31 13:50:17,fruhman
2665,gui-lbr-00961,1,2023-10-31 13:50:23,fruhman
2666,fin-nor-00307,1,2023-10-31 13:50:29,fruhman
2667,usa-can-18505,1,2023-10-31 13:50:32,fruhman
2668,mli-gui-00034,1,2023-10-31 13:50:36,fruhman
2669,irn-irq-01105,1,2023-10-31 13:50:39,fruhman
2670,mor-alg-03372,1,2023-10-31 13:50:45,fruhman
2671,gnb-gui-00566,1,2023-10-31 13:50:54,fruhman
2672,chn-mon-03638,0,2023-10-31 13:50:58,fruhman
2673,rus-mon-05082,1,2023-10-31 13:51:05,fruhman
2674,nir-alg-02202,1,2023-10-31 13:51:15,fruhman
2675,taz-mzm-00206,1,2023-10-31 13:51:17,fruhman
2676,ind-nep-04298,1,2023-10-31 13:51:19,fruhman
2677,kzk-chn-01836,1,2023-10-31 13:51:21,fruhman
2678,usa-can-06097,0,2023-10-31 13:51:24,fruhman
2679,nam-bot-01374,1,2023-10-31 13:51:29,fruhman
2680,uzb-kzk-05072,1,2023-10-31 13:51:36,fruhman
2681,mya-thi-04145,0,2023-10-31 13:51:43,fruhman
2682,cro-slv-01205,1,2023-10-31 13:51:46,fruhman
2683,chn-mon-02206,0,2023-10-31 13:51:53,fruhman
2684,rus-blr-00389,1,2023-10-31 13:52:03,fruhman
2685,maa-alg-00857,0,2023-10-31 13:52:06,fruhman
2686,chn-ind-01412,0,2023-10-31 13:52:08,fruhman
2687,ind-nep-04298,1,2023-10-31 13:52:12,fruhman
2688,mzm-maw-02453,1,2023-10-31 13:52:15,fruhman
2689,rus-mon-05082,1,2023-10-31 13:52:17,fruhman
2690,chn-ind-01950,0,2023-10-31 13:52:19,fruhman
2691,mor-alg-03372,0,2023-10-31 13:52:24,fruhman
2692,nth-gmy-00944,1,2023-10-31 13:52:27,fruhman
2693,par-arg-04669,1,2023-10-31 13:52:29,fruhman
2694,usa-can-10131,0,2023-10-31 13:52:35,fruhman
2695,chn-mon-11962,1,2023-10-31 13:52:39,fruhman
2696,ind-nep-04298,1,2023-10-31 13:52:40,fruhman
2697,afg-pak-04723,1,2023-10-31 13:52:47,fruhman
2698,per-bra-03373,1,2023-10-31 13:52:48,fruhman
2699,ind-pak-00106,0,2023-10-31 13:52:52,fruhman
2700,alg-tun-02178,0,2023-10-31 13:52:56,fruhman
2701,chn-ind-09370,1,2023-10-31 13:52:58,fruhman
2702,gui-sie-01683,1,2023-10-31 13:53:00,fruhman
2703,gui-sie-01683,1,2023-10-31 13:53:05,fruhman
2704,per-bol-01245,0,2023-10-31 13:53:08,fruhman
2705,usa-mex-06098,1,2023-10-31 13:53:10,fruhman
2706,chn-mon-02333,0,2023-10-31 13:53:13,fruhman
2707,irq-sau-01637,1,2023-10-31 13:53:16,fruhman
2708,chn-prk-02828,1,2023-10-31 13:53:19,fruhman
2709,sud-egy-00054,0,2023-10-31 13:53:21,fruhman
2710,per-bol-01245,0,2023-10-31 13:53:23,fruhman
2711,nir-bfo-00385,1,2023-10-31 13:53:27,fruhman
2712,usa-can-07186,1,2023-10-31 13:53:29,fruhman
2713,taz-zam-00494,1,2023-10-31 13:53:30,fruhman
2714,mli-gui-00811,1,2023-10-31 13:53:34,fruhman
2715,alg-tun-02364,0,2023-10-31 13:53:39,fruhman
2716,mli-maa-02504,0,2023-10-31 13:53:43,fruhman
2717,alg-tun-02364,0,2023-10-31 13:53:47,fruhman
2718,uzb-kzk-05828,1,2023-10-31 13:53:49,fruhman
2719,sud-egy-02186,1,2023-10-31 13:53:50,fruhman
2720,con-drc-03323,1,2023-10-31 13:53:52,fruhman
2721,ind-pak-01119,1,2023-10-31 13:53:54,fruhman
2722,nir-bfo-01327,1,2023-10-31 13:53:59,fruhman
2723,uzb-kzk-05947,0,2023-10-31 13:54:01,fruhman
2724,cen-drc-02559,1,2023-10-31 13:54:03,fruhman
2725,jor-sau-01493,0,2023-10-31 13:54:08,fruhman
2726,gnb-sen-00356,1,2023-10-31 13:54:14,fruhman
2727,saf-nam-00607,1,2023-10-31 13:54:16,fruhman
2728,pol-czr-01561,1,2023-10-31 13:54:19,fruhman
2729,mor-alg-04044,1,2023-10-31 13:54:22,fruhman
2730,usa-mex-01186,1,2023-10-31 13:54:23,fruhman
2731,frn-swz-01186,0,2023-10-31 13:54:25,fruhman
2732,mli-gui-00811,1,2023-10-31 13:54:32,fruhman
2733,rus-chn-07603,1,2023-10-31 13:54:42,fruhman
2734,mal-ins-00727,0,2023-10-31 13:54:49,fruhman
2735,alg-tun-02438,1,2023-10-31 13:54:55,fruhman
2736,cha-lib-00576,0,2023-10-31 13:55:09,fruhman
2737,taz-mzm-01163,1,2023-10-31 13:55:13,fruhman
2738,mya-thi-04145,0,2023-10-31 13:55:18,fruhman
2739,nir-cha-02865,1,2023-10-31 13:55:21,fruhman
2740,col-ecu-00051,1,2023-10-31 13:55:28,fruhman
2741,taz-zam-00530,1,2023-10-31 13:55:32,fruhman
2742,fin-swd-01427,1,2023-10-31 13:55:34,fruhman
2743,saf-nam-01381,1,2023-10-31 13:55:36,fruhman
2744,chn-ind-09370,1,2023-10-31 13:55:38,fruhman
2745,usa-can-10852,1,2023-10-31 13:55:40,fruhman
2746,mli-maa-05335,1,2023-10-31 13:55:41,fruhman
2747,aus-hun-00908,0,2023-10-31 13:55:45,fruhman
2748,chn-mon-11962,1,2023-10-31 13:55:49,fruhman
2749,col-bra-01414,1,2023-10-31 13:55:55,fruhman
2750,frn-gmy-00488,1,2023-10-31 13:55:58,fruhman
2751,usa-can-04359,0,2023-10-31 13:56:01,fruhman
2752,alg-tun-02438,1,2023-10-31 13:56:03,fruhman
2753,saf-nam-01253,1,2023-10-31 13:56:11,fruhman
2754,sud-egy-02186,1,2023-10-31 13:56:14,fruhman
2755,uga-ssd-00442,0,2023-10-31 13:56:16,fruhman
2756,jor-sau-01493,1,2023-10-31 13:56:21,fruhman
2757,rus-mon-06361,0,2023-10-31 13:56:26,fruhman
2758,sau-yem-00001,1,2023-10-31 13:56:30,fruhman
2759,usa-can-18505,1,2023-10-31 13:56:32,fruhman
2760,usa-can-07186,1,2023-10-31 13:56:34,fruhman
2761,cam-drv-00838,0,2023-11-01 20:58:48,Skyler
2762,mya-thi-04145,0,2023-11-01 20:58:50,Skyler
2763,nir-cha-00346,0,2023-11-01 20:58:51,Skyler
2764,saf-swa-00222,1,2023-11-01 20:58:54,Skyler
2765,usa-can-00414,1,2023-11-01 20:59:02,Skyler
2766,kzk-chn-01836,1,2023-11-01 20:59:04,Skyler
2767,irq-sau-01673,1,2023-11-01 20:59:06,Skyler
2768,rus-blr-00389,1,2023-11-01 20:59:11,Skyler
2769,saf-swa-00222,1,2023-11-01 20:59:12,Skyler
2770,mex-gua-00908,1,2023-11-01 20:59:13,Skyler
2771,frn-ita-00478,0,2023-11-01 20:59:19,Skyler
2772,irq-sau-01673,1,2023-11-01 20:59:20,Skyler
2773,mor-alg-04235,1,2023-11-01 20:59:21,Skyler
2774,mal-ins-03995,0,2023-11-01 20:59:23,Skyler
2775,col-per-03419,0,2023-11-01 20:59:24,Skyler
2776,mal-ins-00727,0,2023-11-01 20:59:25,Skyler
2777,chn-mon-01598,0,2023-11-01 20:59:26,Skyler
2778,aus-hun-00908,0,2023-11-01 20:59:27,Skyler
2779,mli-maa-05354,0,2023-11-01 20:59:28,Skyler
2780,rus-blr-00670,0,2023-11-01 20:59:29,Skyler
2781,gab-con-03611,1,2023-11-01 20:59:30,Skyler
2782,rus-mon-07383,0,2023-11-01 20:59:32,Skyler
2783,cha-lib-00576,0,2023-11-01 20:59:33,Skyler
2784,jor-sau-01493,1,2023-11-01 20:59:39,Skyler
2785,rus-mon-07383,0,2023-11-01 20:59:40,Skyler
2786,ang-zam-00470,0,2023-11-01 20:59:41,Skyler
2787,usa-can-01971,1,2023-11-01 20:59:43,Skyler
2788,ang-zam-01418,0,2023-11-01 20:59:45,Skyler
2789,mac-bul-00031,1,2023-11-01 20:59:46,Skyler
2790,chn-mya-00243,0,2023-11-01 20:59:48,Skyler
2791,mya-thi-04927,0,2023-11-01 20:59:49,Skyler
2792,ken-ssd-00069,0,2023-11-01 20:59:50,Skyler
2793,guy-bra-02134,0,2023-11-01 20:59:53,Skyler
2794,ben-bfo-00015,0,2023-11-01 21:42:53,Skyler
2795,bra-par-03132,1,2023-11-01 21:42:55,Skyler
2796,sau-uae-01143,1,2023-11-01 21:42:57,Skyler
2797,bra-arg-03241,0,2023-11-01 21:42:59,Skyler
2798,gab-con-03611,1,2023-11-01 21:43:02,Skyler
2799,col-ecu-01131,0,2023-11-01 21:43:05,Skyler
2800,rus-mon-07540,0,2023-11-01 21:43:06,Skyler
2801,gam-sen-00642,0,2023-11-01 21:43:09,Skyler
2802,mya-thi-04396,0,2023-11-01 21:43:11,Skyler
2803,rus-mon-07540,0,2023-11-01 21:43:12,Skyler
2804,gmy-czr-01934,1,2023-11-01 21:43:20,Skyler
2805,rus-ukr-00265,0,2023-11-01 21:43:22,Skyler
2806,sud-egy-03789,0,2023-11-01 21:43:23,Skyler
2807,ang-nam-00373,1,2023-11-01 21:43:31,Skyler
2808,ang-nam-00373,1,2023-11-01 21:43:33,Skyler
2809,cam-drv-01121,1,2023-11-01 21:43:36,Skyler
2810,nir-cha-00776,0,2023-11-01 21:43:37,Skyler
2811,gmy-pol-00658,1,2023-11-01 21:43:39,Skyler
2812,bra-bol-09288,1,2023-11-01 21:43:40,Skyler
2813,ken-ssd-00078,0,2023-11-01 21:43:42,Skyler
2814,chn-ind-01950,0,2023-11-01 21:43:45,Skyler
2815,guy-bra-02912,0,2023-11-01 21:43:47,Skyler
2816,saf-swa-00301,0,2023-11-01 21:43:49,Skyler
2817,chn-ind-02134,0,2023-11-01 21:43:50,Skyler
2818,ben-bfo-00320,1,2023-11-01 21:43:55,Skyler
2819,saf-swa-00714,1,2023-11-01 21:43:57,Skyler
2820,mal-ins-03995,0,2023-11-01 21:43:58,Skyler
2821,ken-ssd-00662,0,2023-11-01 21:44:04,Skyler
2822,col-ecu-01131,0,2023-11-01 21:44:05,Skyler
2823,ven-bra-00102,0,2023-11-01 21:44:06,Skyler
2824,per-bra-05689,0,2023-11-01 21:44:08,Skyler
2825,chn-ind-02134,0,2023-11-01 21:44:17,Skyler
2826,kyr-chn-01123,0,2023-11-01 21:44:18,Skyler
2827,saf-swa-00714,1,2023-11-01 21:44:20,Skyler
2828,lao-drv-03409,0,2023-11-01 21:44:22,Skyler
2829,ang-zam-01926,0,2023-11-01 21:44:23,Skyler
2830,lao-drv-03409,0,2023-11-01 21:44:28,Skyler
2831,lat-lit-01020,1,2023-11-01 21:44:30,Skyler
2832,maa-mor-00446,0,2023-11-01 21:44:39,Skyler
2833,sau-oma-00531,0,2023-11-01 21:44:40,Skyler
2834,mli-nir-01267,0,2023-11-01 21:44:42,Skyler
2835,bra-bol-09288,1,2023-11-01 21:44:43,Skyler
2836,taz-zam-00530,1,2023-11-01 21:44:51,Skyler
2837,sud-egy-04227,0,2023-11-01 21:44:58,Skyler
2838,cro-bos-00681,0,2023-11-01 21:45:00,Skyler
2839,taz-zam-00612,1,2023-11-01 21:45:03,Skyler
2840,chn-mon-01776,0,2023-11-01 21:45:10,Skyler
2841,usa-mex-06098,1,2023-11-01 21:45:12,Skyler
2842,nir-lib-00127,0,2023-11-01 21:45:13,Skyler
2843,maa-mor-00446,0,2023-11-01 21:45:16,Skyler
2844,spn-por-00759,1,2023-11-01 21:45:19,Skyler
2845,ang-zam-01926,0,2023-11-01 21:45:21,Skyler
2846,chn-mon-02206,0,2023-11-01 21:45:22,Skyler
2847,sau-yem-01548,0,2023-11-01 21:45:24,Skyler
2848,col-bra-01414,1,2023-11-01 21:45:25,Skyler
2849,tkm-kzk-00484,1,2023-11-01 21:45:27,Skyler
2850,chn-mon-02333,0,2023-11-01 21:45:44,Skyler
2851,col-per-00212,0,2023-11-01 21:45:45,Skyler
2852,sau-uae-00485,1,2023-11-01 21:45:49,Skyler
2853,chn-mon-03050,0,2023-11-01 21:45:51,Skyler
2854,mor-alg-04235,1,2023-11-01 21:45:53,Skyler
2855,maa-mor-00743,0,2023-11-01 21:45:55,Skyler
2856,sau-uae-01143,1,2023-11-01 21:45:56,Skyler
2857,thi-lao-03053,0,2023-11-01 21:45:58,Skyler
2858,ang-zam-01926,0,2023-11-01 21:46:00,Skyler
2859,gmy-czr-01934,1,2023-11-01 21:46:06,Skyler
2860,chn-mon-03638,0,2023-11-01 21:46:09,Skyler
2861,col-per-03419,0,2023-11-01 21:46:10,Skyler
2862,mya-thi-04927,0,2023-11-01 21:46:11,Skyler
2863,bul-rom-00177,0,2023-11-01 21:46:26,Skyler
2864,chn-mon-04067,0,2023-11-01 21:46:28,Skyler
2865,sau-uae-01143,1,2023-11-01 21:46:29,Skyler
2866,ang-zam-02611,0,2023-11-01 21:46:31,Skyler
2867,chn-mya-01828,1,2023-11-01 21:46:36,Skyler
2868,usa-can-01971,1,2023-11-01 21:46:38,Skyler
2869,aus-slo-00171,1,2023-11-01 21:46:39,Skyler
2870,col-ven-00510,1,2023-11-01 21:46:54,Skyler
2871,chn-mya-01828,1,2023-11-01 21:46:56,Skyler
2872,ven-bra-00102,0,2023-11-01 21:46:58,Skyler
2873,grg-aze-00531,1,2023-11-01 21:47:01,Skyler
2874,maa-mor-00743,0,2023-11-01 21:47:02,Skyler
2875,ven-bra-00102,0,2023-11-01 21:47:11,Skyler
2876,bra-frn-00811,0,2023-11-01 21:47:17,Skyler
2877,sau-yem-01548,1,2023-11-01 21:47:26,Skyler
2878,mya-lao-00158,1,2023-11-01 21:47:30,Skyler
2879,spn-por-00759,1,2023-11-01 21:47:39,Skyler
2880,mex-gua-00570,0,2023-11-01 21:47:40,Skyler
2881,mli-nir-01939,0,2023-11-01 21:47:42,Skyler
2882,spn-por-01125,1,2023-11-01 21:47:45,Skyler
2883,spn-por-01125,1,2023-11-01 21:47:47,Skyler
2884,aze-irn-00445,1,2023-11-01 21:47:48,Skyler
2885,col-ven-03357,1,2023-11-01 21:47:52,Skyler
2886,spn-por-01125,1,2023-11-01 21:47:54,Skyler
2887,con-ang-00321,0,2023-11-01 21:47:57,Skyler
2888,mya-lao-00298,1,2023-11-01 21:48:00,Skyler
2889,ben-nig-00043,0,2023-11-01 21:48:03,Skyler
2890,usa-can-02711,1,2023-11-01 21:48:10,Skyler
2891,bra-frn-01275,0,2023-11-01 21:48:11,Skyler
2892,aze-irn-00445,1,2023-11-01 21:48:15,Skyler
2893,ven-bra-00418,0,2023-11-01 21:48:17,Skyler
2894,drc-ang-01321,1,2023-11-01 21:48:19,Skyler
2895,guy-sur-00184,0,2023-11-01 21:48:27,Skyler
2896,con-ang-00321,0,2023-11-01 21:48:29,Skyler
2897,gmy-czr-02024,1,2023-11-01 21:48:33,Skyler
2898,thi-cam-00250,0,2023-11-01 21:48:35,Skyler
2899,mac-kos-00118,0,2023-11-01 21:48:37,Skyler
2900,usa-can-03960,0,2023-11-01 21:48:38,Skyler
2901,mac-bul-00031,1,2023-11-01 21:48:39,Skyler
2902,nir-lib-00127,0,2023-11-01 21:48:41,Skyler
2903,col-ven-00510,1,2023-11-01 21:48:47,Skyler
2904,thi-cam-00371,1,2023-11-01 21:48:53,Skyler
2905,usa-can-03960,0,2023-11-01 21:48:56,Skyler
2906,guy-sur-01674,1,2023-11-01 21:48:57,Skyler
2907,con-ang-00321,0,2023-11-01 21:48:59,Skyler
2908,nir-lib-00583,0,2023-11-01 21:49:00,Skyler
2909,mya-thi-01149,0,2023-11-01 21:49:04,Skyler
2910,sud-egy-04227,1,2023-11-01 21:49:08,Skyler
2911,mac-bul-00031,1,2023-11-01 21:49:10,Skyler
2912,ben-nig-00962,0,2023-11-01 21:49:16,Skyler
2913,mya-thi-01149,0,2023-11-01 21:49:17,Skyler
2914,nir-nig-00224,0,2023-11-01 21:49:19,Skyler
2915,mya-thi-01153,0,2023-11-01 21:49:20,Skyler
2916,con-drc-01466,0,2023-11-01 21:49:22,Skyler
2917,nir-nig-00224,0,2023-11-01 21:49:23,Skyler
2918,ben-nig-00962,0,2023-11-01 21:49:25,Skyler
2919,con-drc-02102,0,2023-11-01 21:49:38,Skyler
2920,gmy-pol-00658,1,2023-11-01 21:49:39,Skyler
2921,per-bra-01442,0,2023-11-01 21:49:41,Skyler
2922,per-bra-05689,0,2023-11-01 21:49:42,Skyler
2923,ben-nig-01751,0,2023-11-01 21:49:44,Skyler
2924,con-drc-02102,1,2023-11-01 21:49:46,Skyler
2925,sud-ssd-00011,0,2023-11-01 21:49:48,Skyler
2926,sud-ssd-00200,0,2023-11-01 21:49:50,Skyler
2927,thi-cam-00371,0,2023-11-01 21:49:51,Skyler
2928,con-drc-02102,1,2023-11-01 21:49:53,Skyler
2929,thi-cam-00371,0,2023-11-01 21:49:56,Skyler
2930,thi-cam-01456,0,2023-11-01 21:49:58,Skyler
2931,thi-cam-01456,0,2023-11-01 21:50:00,Skyler
2932,thi-cam-01456,0,2023-11-01 21:50:01,Skyler
2933,cam-drv-00838,0,2023-11-01 21:50:02,Skyler
2934,cro-bos-02207,1,2023-11-01 21:50:04,Skyler
2935,thi-mal-00348,0,2023-11-01 21:50:06,Skyler
2936,thi-mal-00348,0,2023-11-01 21:50:08,Skyler
2937,thi-mal-00759,0,2023-11-01 21:50:11,Skyler
2938,gnb-sen-00590,0,2023-11-01 21:50:13,Skyler
2939,gnb-sen-00590,0,2023-11-01 21:50:15,Skyler
2940,tkm-kzk-00761,0,2023-11-01 21:50:16,Skyler
2941,gnb-sen-00590,0,2023-11-01 21:50:17,Skyler
2942,grc-bul-00591,0,2023-11-01 21:50:21,Skyler
2943,grc-bul-00683,1,2023-11-01 21:50:36,Skyler
2944,ven-bra-00716,0,2023-11-01 21:50:38,Skyler
2945,tkm-kzk-00761,0,2023-11-01 21:50:39,Skyler
2946,grc-bul-00683,1,2023-11-01 21:50:41,Skyler
2947,grc-bul-00683,0,2023-11-01 21:50:43,Skyler
2948,tkm-kzk-00761,0,2023-11-01 21:50:44,Skyler
2949,tkm-kzk-00809,1,2023-11-01 21:50:49,Skyler
2950,tkm-kzk-00809,1,2023-11-01 21:50:53,Skyler
2951,grg-aze-00531,1,2023-11-01 21:50:54,Skyler
2952,tkm-uzb-01189,0,2023-11-01 21:50:56,Skyler
2953,ben-nig-01751,0,2023-11-01 21:50:57,Skyler
2954,grg-aze-00531,1,2023-11-01 21:50:58,Skyler
2955,tkm-uzb-01189,0,2023-11-01 21:51:00,Skyler
2956,tkm-uzb-02012,1,2023-11-01 21:51:03,Skyler
2957,tkm-uzb-02012,1,2023-11-01 21:51:08,Skyler
2958,tkm-uzb-02901,0,2023-11-01 21:51:09,Skyler
2959,tkm-uzb-02928,0,2023-11-01 21:51:11,Skyler
2960,grg-aze-00649,1,2023-11-01 21:51:12,Skyler
2961,gua-hon-00036,0,2023-11-01 21:51:14,Skyler
2962,tun-lib-00408,0,2023-11-01 21:51:16,Skyler
2963,tun-lib-00408,0,2023-11-01 21:51:17,Skyler
2964,gui-lbr-00961,1,2023-11-01 21:51:19,Skyler
2965,gui-sie-01683,0,2023-11-01 21:51:22,Skyler
2966,guy-sur-00184,0,2023-11-01 21:51:23,Skyler
2967,usa-can-03960,0,2023-11-01 21:51:24,Skyler
2968,usa-can-09615,0,2023-11-01 21:51:25,Skyler
2969,usa-can-10259,0,2023-11-01 21:51:27,Skyler
2970,usa-can-10259,0,2023-11-01 21:51:29,Skyler
2971,usa-can-10652,1,2023-11-01 21:51:30,Skyler
2972,usa-can-10652,1,2023-11-01 21:51:32,Skyler
2973,usa-can-10652,1,2023-11-01 21:51:34,Skyler
2974,usa-can-10852,1,2023-11-01 21:51:36,Skyler
2975,usa-can-10852,1,2023-11-01 21:51:37,Skyler
2976,usa-can-10986,1,2023-11-01 21:51:38,Skyler
2977,usa-can-10986,1,2023-11-01 21:51:39,Skyler
2978,ven-bra-00716,0,2023-11-01 21:51:42,Skyler
2979,ven-bra-02050,0,2023-11-01 21:51:44,Skyler
2980,ben-nig-01751,0,2023-11-01 21:51:46,Skyler
2981,ben-nir-00179,1,2023-11-01 21:51:49,Skyler
2982,ben-tog-00233,0,2023-11-01 21:51:51,Skyler
2983,ben-tog-01706,0,2023-11-01 21:51:53,Skyler
2984,bra-arg-03241,0,2023-11-01 21:51:54,Skyler
2985,blz-gua-00051,1,2023-11-01 21:51:56,Skyler
2986,bol-chl-00201,0,2023-11-01 21:51:57,Skyler
2987,bol-chl-00201,0,2023-11-01 21:51:59,Skyler
2988,bol-chl-00201,0,2023-11-01 21:52:02,Skyler
2989,bol-chl-00880,0,2023-11-01 22:00:55,Skyler
2990,bol-chl-01087,0,2023-11-01 22:00:56,Skyler
2991,bol-par-01192,1,2023-11-01 22:00:57,Skyler
2992,bol-par-01192,1,2023-11-01 22:00:58,Skyler
2993,bol-par-01192,1,2023-11-01 22:01:00,Skyler
2994,bra-arg-03241,0,2023-11-01 22:01:02,Skyler
2995,bra-bol-00303,1,2023-11-01 22:01:04,Skyler
2996,bra-bol-00303,1,2023-11-01 22:01:05,Skyler
2997,bra-bol-02345,1,2023-11-01 22:01:08,Skyler
2998,bra-bol-02345,1,2023-11-01 22:01:22,Skyler
2999,bra-par-01003,1,2023-11-01 22:01:23,Skyler
3000,bra-par-02893,0,2023-11-01 22:01:25,Skyler
