,Tile,Response,Timestamp,UserID
0,cha-sud-01450,1,2023-10-03 21:12:23,Skyler
1,sau-yem-03079,0,2023-10-05 13:17:29,fruhman
2,cao-cha-01919,0,2023-10-05 13:17:37,fruhman
3,rus-kzk-03912,1,2023-10-05 13:17:39,fruhman
4,par-arg-01431,0,2023-10-05 13:17:44,fruhman
5,nir-nig-01826,1,2023-10-05 13:17:49,fruhman
6,aus-slv-00496,1,2023-10-05 13:17:52,fruhman
7,sau-uae-01095,1,2023-10-05 13:17:54,fruhman
8,frn-ita-00604,0,2023-10-05 13:18:01,fruhman
9,bel-frn-00484,1,2023-10-05 13:18:04,fruhman
10,ind-pak-00751,1,2023-10-05 13:18:06,fruhman
11,syr-jor-00414,1,2023-10-05 13:18:07,fruhman
12,czr-slo-00087,1,2023-10-05 13:18:12,fruhman
13,gam-sen-02150,0,2023-10-05 13:18:17,fruhman
14,taj-kyr-02208,1,2023-10-05 13:21:03,fruhman
15,fin-nor-00564,0,2023-10-05 13:21:09,fruhman
16,col-per-02190,0,2023-10-05 13:21:20,fruhman
17,nir-bfo-00513,1,2023-10-05 13:21:27,fruhman
18,col-per-00351,0,2023-10-05 13:21:32,fruhman
19,lib-egy-01487,1,2023-10-05 13:21:37,fruhman
20,pol-rus-00526,1,2023-10-05 13:21:39,fruhman
21,saf-bot-01086,1,2023-10-05 13:21:46,fruhman
22,chn-lao-00297,1,2023-10-05 13:21:48,fruhman
23,ukr-blr-00198,1,2023-10-05 13:21:51,fruhman
24,thi-lao-02728,1,2023-10-05 13:21:54,fruhman
25,fin-nor-01393,1,2023-10-05 13:21:56,fruhman
26,blz-gua-00141,1,2023-10-05 13:21:59,fruhman
27,ven-bra-03413,0,2023-10-05 13:22:02,fruhman
28,usa-mex-02318,1,2023-10-05 13:22:06,fruhman
29,irn-pak-01790,1,2023-10-05 13:22:09,fruhman
30,drc-zam-04914,1,2023-10-05 13:22:17,fruhman
31,ken-ssd-00051,0,2023-10-05 13:22:23,fruhman
32,cdi-gui-00796,1,2023-10-05 13:22:30,fruhman
33,mex-gua-02164,1,2023-10-05 13:22:35,fruhman
34,mli-nir-00777,0,2023-10-05 13:22:43,fruhman
35,rus-ukr-02517,1,2023-10-05 13:22:44,fruhman
36,afg-pak-01673,1,2023-10-05 13:22:48,fruhman
37,ken-eth-01903,1,2023-10-05 13:22:53,fruhman
38,cen-drc-04218,0,2023-10-05 13:22:57,fruhman
39,gmy-aus-00338,1,2023-10-05 13:23:14,fruhman
40,nam-bot-00463,1,2023-10-05 13:23:23,fruhman
41,usa-can-02433,1,2023-10-05 13:23:26,fruhman
42,spn-por-03160,1,2023-10-05 13:23:30,fruhman
43,bng-mya-00196,1,2023-10-05 13:23:34,fruhman
44,taj-kyr-01381,0,2023-10-05 13:23:40,fruhman
45,bra-frn-01010,1,2023-10-05 13:23:44,fruhman
46,thi-lao-03849,0,2023-10-05 13:23:55,fruhman
47,bra-par-00211,0,2023-10-05 13:23:59,fruhman
48,ind-bng-00204,1,2023-10-05 13:24:01,fruhman
49,pol-ukr-00881,1,2023-10-05 13:24:04,fruhman
50,chn-mya-01724,1,2023-10-05 13:24:10,fruhman
51,chn-prk-02748,0,2023-10-05 13:24:14,fruhman
52,hun-yug-00180,1,2023-10-05 13:24:16,fruhman
53,cen-drc-01635,0,2023-10-05 13:24:21,fruhman
54,drc-ang-04730,1,2023-10-05 13:24:24,fruhman
55,thi-cam-01643,0,2023-10-05 13:24:30,fruhman
56,ben-tog-01572,1,2023-10-05 13:24:35,fruhman
57,aus-hun-00170,1,2023-10-05 13:24:38,fruhman
58,ind-pak-06417,1,2023-10-05 13:24:43,fruhman
59,ben-bfo-00300,1,2023-10-05 13:24:45,fruhman
60,chn-ind-01772,0,2023-10-05 13:24:51,fruhman
61,rus-kzk-07482,1,2023-10-05 13:24:53,fruhman
62,zam-maw-01814,0,2023-10-05 13:24:58,fruhman
63,chn-mon-01863,1,2023-10-05 13:25:01,fruhman
64,afg-pak-01018,1,2023-10-05 13:25:03,fruhman
65,usa-can-09075,1,2023-10-05 13:25:07,fruhman
66,tur-syr-02232,1,2023-10-05 13:25:09,fruhman
67,cao-con-00875,0,2023-10-05 13:25:15,fruhman
68,tkm-uzb-02817,1,2023-10-05 13:25:17,fruhman
69,pan-col-00627,0,2023-10-05 13:25:22,fruhman
70,chl-arg-00625,1,2023-10-05 13:25:32,fruhman
71,chn-prk-02884,1,2023-10-05 13:25:33,fruhman
72,ukr-blr-02167,1,2023-10-05 13:25:35,fruhman
73,mor-alg-01681,1,2023-10-05 13:25:43,fruhman
74,fin-swd-01267,1,2023-10-05 13:25:44,fruhman
75,ind-mya-01237,1,2023-10-05 13:25:50,fruhman
76,cha-lib-00444,0,2023-10-05 13:25:54,fruhman
77,usa-can-18252,0,2023-10-05 13:25:56,fruhman
78,rus-ukr-00195,0,2023-10-05 13:25:59,fruhman
79,sau-yem-01393,0,2023-10-05 13:26:03,fruhman
80,chn-mon-12050,1,2023-10-05 13:26:09,fruhman
81,col-per-02315,0,2023-10-05 13:26:15,fruhman
82,grc-tur-00327,1,2023-10-05 13:26:17,fruhman
83,cao-nig-01441,1,2023-10-05 13:26:26,fruhman
84,usa-can-10584,1,2023-10-05 13:26:32,fruhman
85,arm-aze-02557,1,2023-10-05 13:26:39,fruhman
86,lbr-sie-00033,1,2023-10-05 13:26:57,fruhman
87,con-drc-03291,1,2023-10-05 13:26:59,fruhman
88,rus-chn-01116,1,2023-10-05 13:27:02,fruhman
89,rus-kzk-00771,1,2023-10-05 13:27:08,fruhman
90,cen-drc-01447,0,2023-10-05 13:27:12,fruhman
91,taj-kyr-00735,0,2023-10-05 13:27:14,fruhman
92,usa-can-02470,1,2023-10-05 13:27:16,fruhman
93,gua-sal-00091,1,2023-10-05 13:27:18,fruhman
94,zim-saf-00264,1,2023-10-05 13:27:21,fruhman
95,chn-mon-06606,0,2023-10-05 13:27:24,fruhman
96,eth-ssd-01289,1,2023-10-05 13:27:26,fruhman
97,sur-bra-00914,0,2023-10-05 13:27:28,fruhman
98,chl-arg-06632,1,2023-10-05 13:27:36,fruhman
99,cro-bos-00324,1,2023-10-05 13:27:42,fruhman
100,irn-pak-00408,1,2023-10-05 13:27:48,fruhman
101,cen-drc-00102,0,2023-10-05 13:27:52,fruhman
102,chn-mon-02890,0,2023-10-05 13:28:02,fruhman
103,drc-ssd-00582,0,2023-10-05 13:28:05,fruhman
104,irn-tur-00401,1,2023-10-05 13:28:07,fruhman
105,alg-lib-01513,0,2023-10-05 13:28:13,fruhman
106,cao-nig-02012,1,2023-10-05 13:28:21,fruhman
107,zim-saf-00491,1,2023-10-05 13:28:25,fruhman
108,czr-slo-00190,1,2023-10-05 13:28:28,fruhman
109,mzm-maw-02114,0,2023-10-05 13:28:35,fruhman
110,sur-frn-00700,1,2023-10-05 13:28:37,fruhman
111,mld-ukr-01460,0,2023-10-05 13:28:39,fruhman
112,lux-gmy-00297,1,2023-10-05 13:28:41,fruhman
113,sen-maa-02372,0,2023-10-05 13:28:46,fruhman
114,chn-nep-01880,1,2023-10-05 13:28:49,fruhman
115,uzb-kzk-03486,0,2023-10-05 13:28:54,fruhman
116,rus-chn-07261,1,2023-10-05 13:28:58,fruhman
117,chn-drv-01338,1,2023-10-05 13:29:02,fruhman
118,nir-bfo-01364,1,2023-10-05 13:29:10,fruhman
119,chn-mon-02717,0,2023-10-05 13:29:16,fruhman
120,ken-taz-01196,0,2023-10-05 13:29:23,fruhman
121,swz-gmy-00465,1,2023-10-05 13:29:34,fruhman
122,irn-tkm-00840,1,2023-10-05 13:29:41,fruhman
123,eth-sud-01384,0,2023-10-05 13:29:45,fruhman
124,irq-sau-01237,1,2023-10-05 13:29:48,fruhman
125,frn-swz-01371,1,2023-10-05 13:29:51,fruhman
126,mli-maa-02442,1,2023-10-05 13:29:56,fruhman
127,jor-sau-01153,0,2023-10-05 13:30:00,fruhman
128,gha-tog-00544,1,2023-10-05 13:30:03,fruhman
129,swd-nor-03137,0,2023-10-05 13:30:08,fruhman
130,per-bra-03689,1,2023-10-05 13:30:10,fruhman
131,tkm-uzb-03250,0,2023-10-05 13:30:14,fruhman
132,afg-pak-01890,1,2023-10-05 13:30:18,fruhman
133,bol-chl-01402,0,2023-10-05 13:30:22,fruhman
134,mzm-zim-02980,1,2023-10-05 13:30:25,fruhman
135,lit-blr-00156,1,2023-10-05 13:30:27,fruhman
136,nth-bel-00388,1,2023-10-05 13:30:30,fruhman
137,jor-sau-01112,1,2023-10-05 13:30:35,fruhman
138,guy-bra-00252,0,2023-10-05 13:30:39,fruhman
139,fin-swd-00355,1,2023-10-05 13:30:41,fruhman
140,cdi-bfo-00666,1,2023-10-05 13:30:47,fruhman
141,per-bol-01990,1,2023-10-05 13:30:49,fruhman
142,alb-grc-00118,1,2023-10-05 13:30:51,fruhman
143,aze-irn-01365,1,2023-10-05 13:30:52,fruhman
144,per-bra-02767,0,2023-10-05 13:30:56,fruhman
145,chn-drv-01119,0,2023-10-05 13:31:00,fruhman
146,con-drc-03723,0,2023-10-05 13:31:06,fruhman
147,chn-ind-07400,0,2023-10-05 13:31:11,fruhman
148,drc-bui-00397,1,2023-10-05 13:31:13,fruhman
149,tkm-uzb-01609,1,2023-10-05 13:31:14,fruhman
150,sud-ssd-03020,1,2023-10-05 13:31:16,fruhman
151,usa-can-06075,0,2023-10-05 13:31:21,fruhman
152,tur-syr-01853,1,2023-10-05 13:31:23,fruhman
153,bol-chl-00150,1,2023-10-05 13:31:28,fruhman
154,leb-isr-00094,1,2023-10-05 13:31:30,fruhman
155,usa-mex-01959,1,2023-10-05 13:31:32,fruhman
156,alg-tun-00255,1,2023-10-05 13:31:33,fruhman
157,bra-par-01269,1,2023-10-05 13:31:35,fruhman
158,lib-egy-01520,0,2023-10-05 13:31:39,fruhman
159,nth-bel-01128,1,2023-10-05 13:31:41,fruhman
160,mal-ins-00081,0,2023-10-05 13:31:45,fruhman
161,mld-ukr-01272,1,2023-10-05 13:31:47,fruhman
162,chn-ind-06862,1,2023-10-05 13:31:49,fruhman
163,pol-slo-00049,1,2023-10-05 13:31:53,fruhman
164,bra-bol-07575,1,2023-10-05 13:31:56,fruhman
165,chl-arg-00716,1,2023-10-05 13:31:57,fruhman
166,ind-bng-07074,1,2023-10-05 13:31:59,fruhman
167,mex-gua-01810,1,2023-10-05 13:32:05,fruhman
168,uga-ken-01007,0,2023-10-05 13:32:09,fruhman
169,irn-pak-01288,1,2023-10-05 13:32:16,fruhman
170,taj-uzb-00362,1,2023-10-05 13:32:18,fruhman
171,per-bra-04811,1,2023-10-05 13:32:19,fruhman
172,usa-can-09114,1,2023-10-05 13:32:21,fruhman
173,swz-gmy-00788,1,2023-10-05 13:32:22,fruhman
174,drc-zam-03261,0,2023-10-05 13:32:27,fruhman
175,col-ven-01036,0,2023-10-05 13:32:31,fruhman
176,mex-gua-00846,1,2023-10-05 13:32:36,fruhman
177,cha-lib-00245,0,2023-10-05 13:32:39,fruhman
178,pol-ukr-00440,1,2023-10-05 13:32:41,fruhman
179,jor-sau-01124,1,2023-10-05 13:32:45,fruhman
180,ind-nep-04606,1,2023-10-05 13:32:48,fruhman
181,alb-grc-00438,1,2023-10-05 13:32:54,fruhman
182,aus-hun-00431,1,2023-10-05 13:32:59,fruhman
183,nir-lib-00244,0,2023-10-05 13:33:05,fruhman
184,pol-ukr-00420,0,2023-10-05 13:33:11,fruhman
185,chn-ind-00747,0,2023-10-05 13:33:21,fruhman
186,chn-mya-00859,0,2023-10-05 13:33:23,fruhman
187,cha-lib-01259,0,2023-10-05 13:33:30,fruhman
188,mya-thi-04023,0,2023-10-05 13:33:39,fruhman
189,rus-kzk-16349,0,2023-10-05 13:33:43,fruhman
190,est-lat-00072,1,2023-10-05 13:33:49,fruhman
191,mli-alg-03145,0,2023-10-05 13:33:55,fruhman
192,cha-sud-03412,1,2023-10-05 13:33:57,fruhman
193,ind-bng-02032,1,2023-10-05 13:34:01,fruhman
194,rus-chn-03174,1,2023-10-05 13:34:05,fruhman
195,cam-drv-02550,1,2023-10-05 13:34:07,fruhman
196,frn-spn-01117,0,2023-10-05 13:34:14,fruhman
197,arm-aze-03737,1,2023-10-05 13:34:21,fruhman
198,maa-alg-00154,1,2023-10-05 13:34:27,fruhman
199,gab-con-03223,0,2023-10-05 13:34:32,fruhman
200,chl-arg-09069,0,2023-10-05 13:34:34,fruhman
201,lat-lit-00428,1,2023-10-05 13:34:39,fruhman
202,nir-nig-00939,0,2023-10-05 13:34:44,fruhman
203,bra-bol-03689,0,2023-10-05 13:34:51,fruhman
204,czr-slo-00526,1,2023-10-05 13:34:52,fruhman
205,col-ven-03272,0,2023-10-05 13:34:57,fruhman
206,rus-kzk-00823,1,2023-10-05 13:35:00,fruhman
207,rus-kzk-09168,1,2023-10-05 13:35:09,fruhman
208,bra-arg-00612,0,2023-10-05 13:35:15,fruhman
209,usa-can-10803,1,2023-10-05 13:35:20,fruhman
210,chl-arg-00188,0,2023-10-05 13:35:26,fruhman
211,con-drc-04051,0,2023-10-05 13:35:35,fruhman
212,tkm-kzk-00131,0,2023-10-05 13:35:43,fruhman
213,jor-sau-01411,1,2023-10-05 13:35:50,fruhman
214,thi-cam-01022,1,2023-10-05 13:35:52,fruhman
215,taz-mzm-00951,1,2023-10-05 13:35:57,fruhman
216,col-bra-03102,0,2023-10-05 13:36:01,fruhman
217,usa-can-00511,0,2023-10-05 13:36:03,fruhman
218,bra-uru-01479,1,2023-10-05 13:36:06,fruhman
219,mzm-maw-01684,1,2023-10-05 13:36:10,fruhman
220,usa-mex-06194,1,2023-10-05 13:36:11,fruhman
221,pol-ukr-00884,0,2023-10-05 13:36:19,fruhman
222,zim-saf-00093,1,2023-10-05 13:36:21,fruhman
223,cen-drc-00482,0,2023-10-05 13:36:26,fruhman
224,bra-bol-00232,1,2023-10-05 13:36:29,fruhman
225,gui-sie-01506,1,2023-10-05 13:36:31,fruhman
226,hun-slo-00510,1,2023-10-05 13:36:33,fruhman
227,bra-bol-00847,1,2023-10-05 13:36:34,fruhman
228,sau-yem-01585,1,2023-10-05 13:36:36,fruhman
229,nth-gmy-00600,1,2023-10-05 13:36:38,fruhman
230,per-bra-05023,1,2023-10-05 13:36:40,fruhman
231,zam-nam-00394,1,2023-10-05 13:36:41,fruhman
232,arg-uru-01377,0,2023-10-05 13:36:45,fruhman
233,rus-kzk-01824,1,2023-10-05 13:36:47,fruhman
234,mli-bfo-01946,1,2023-10-05 13:36:54,fruhman
235,tur-syr-00187,1,2023-10-05 13:36:56,fruhman
236,gha-tog-00172,1,2023-10-05 13:36:58,fruhman
237,ven-guy-00188,0,2023-10-05 13:37:01,fruhman
238,rus-kzk-12627,1,2023-10-05 13:37:03,fruhman
239,irq-jor-00231,1,2023-10-05 13:37:07,fruhman
240,pol-czr-00829,1,2023-10-05 13:37:09,fruhman
241,ind-mya-00161,1,2023-10-05 13:37:21,fruhman
242,chn-mon-06631,1,2023-10-05 13:37:23,fruhman
243,sud-ssd-03358,1,2023-10-05 13:37:25,fruhman
244,aze-irn-00058,1,2023-10-05 13:37:27,fruhman
245,pan-col-00477,0,2023-10-05 13:37:31,fruhman
246,bra-bol-03174,1,2023-10-05 13:37:33,fruhman
247,mzm-zim-02537,0,2023-10-05 13:37:38,fruhman
248,saf-swa-00441,1,2023-10-05 13:37:40,fruhman
249,hon-nic-00038,0,2023-10-05 13:37:42,fruhman
250,mor-alg-02152,1,2023-10-05 13:37:48,fruhman
251,maa-alg-00725,0,2023-10-05 13:37:52,fruhman
252,cen-ssd-01520,0,2023-10-05 13:37:57,fruhman
253,cro-slv-01201,1,2023-10-05 13:37:59,fruhman
254,mal-ins-00284,1,2023-10-05 13:38:07,fruhman
255,afg-pak-01616,1,2023-10-05 13:38:08,fruhman
256,col-per-00351,0,2023-10-06 18:21:03,akula
257,drc-zam-04924,0,2023-10-06 18:21:05,akula
258,kyr-uzb-01054,1,2023-10-06 18:21:14,akula
259,frn-swz-00207,0,2023-10-06 18:21:45,akula
260,kyr-chn-01695,1,2023-10-06 18:21:52,akula
261,rus-ukr-02768,1,2023-10-06 18:21:59,akula
262,bra-par-00211,0,2023-10-06 18:22:01,akula
263,chl-arg-03286,1,2023-10-06 18:22:46,akula
264,mli-nir-01650,0,2023-10-06 18:22:51,akula
265,mzm-zim-02980,1,2023-10-06 18:22:55,akula
266,chl-arg-07485,0,2023-10-06 18:22:57,akula
267,bng-mya-00196,0,2023-10-06 18:23:01,akula
268,rus-kzk-05796,1,2023-10-06 18:23:06,akula
269,chl-arg-00625,0,2023-10-06 18:24:15,akula
270,gui-lbr-00368,1,2023-10-06 18:24:18,akula
271,chn-ind-00747,1,2023-10-06 18:24:24,akula
272,usa-can-13237,1,2023-10-06 18:24:27,akula
273,frn-swz-01371,1,2023-10-06 18:24:30,akula
274,uga-ken-01177,0,2023-10-06 18:24:33,akula
275,tur-irq-00520,1,2023-10-06 18:24:37,akula
276,saf-bot-00804,1,2023-10-06 18:24:43,akula
277,uzb-kzk-03850,1,2023-10-06 18:25:05,akula
278,cro-bos-00324,1,2023-10-06 18:25:09,akula
279,irn-afg-02286,1,2023-10-06 18:25:14,akula
280,bra-bol-02751,0,2023-10-06 18:25:21,akula
281,bol-arg-00707,0,2023-10-06 18:25:25,akula
282,taz-zam-00615,0,2023-10-06 18:25:33,akula
283,bol-chl-02134,1,2023-10-06 18:25:35,akula
284,frn-spn-00676,1,2023-10-06 18:25:43,akula
285,mzm-maw-01684,1,2023-10-06 18:25:54,akula
286,rus-chn-07261,1,2023-10-06 18:26:04,akula
287,drc-ang-01530,1,2023-10-06 18:26:06,akula
288,cdi-gui-00796,1,2023-10-06 18:26:12,akula
289,ukr-blr-00380,1,2023-10-06 18:26:16,akula
290,taz-rwa-00460,1,2023-10-06 18:26:18,akula
291,zam-maw-01392,0,2023-10-06 18:26:25,akula
292,ben-nig-00571,1,2023-10-06 18:26:30,akula
293,nir-alg-01163,0,2023-10-06 18:26:32,akula
294,bra-uru-00591,1,2023-10-06 18:26:34,akula
295,gam-sen-01838,0,2023-10-06 18:26:42,akula
296,taj-kyr-02232,1,2023-10-06 18:26:50,akula
297,chl-arg-00914,1,2023-10-07 23:44:25,akula
298,per-bra-04811,1,2023-10-07 23:44:29,akula
299,arg-uru-01377,0,2023-10-07 23:44:31,akula
300,irn-tkm-00840,1,2023-10-07 23:44:36,akula
301,ind-bhu-00254,1,2023-10-07 23:44:42,akula
302,rus-kzk-14385,1,2023-10-07 23:44:45,akula
303,drc-ang-04402,0,2023-10-07 23:44:48,akula
304,eth-eri-00480,0,2023-10-07 23:44:52,akula
305,cha-sud-01450,1,2023-10-07 23:44:56,akula
306,ven-bra-03413,0,2023-10-07 23:44:58,akula
307,hai-dom-00785,1,2023-10-07 23:45:01,akula
308,tkm-uzb-02817,1,2023-10-07 23:45:03,akula
309,pol-rus-00526,1,2023-10-07 23:45:05,akula
310,arg-uru-00177,0,2023-10-07 23:45:07,akula
311,afg-tkm-01297,1,2023-10-07 23:45:12,akula
312,rus-kzk-15242,1,2023-10-07 23:45:14,akula
313,arm-aze-02557,0,2023-10-07 23:45:17,akula
314,chn-mya-04164,1,2023-10-07 23:45:20,akula
315,kyr-uzb-00845,1,2023-10-07 23:45:22,akula
316,arm-irn-00015,1,2023-10-07 23:45:24,akula
317,bra-par-03638,1,2023-10-07 23:45:25,akula
318,som-eth-00509,1,2023-10-07 23:45:27,akula
319,jor-sau-01112,0,2023-10-07 23:45:29,akula
320,chn-ind-09485,0,2023-10-07 23:45:31,akula
321,mzm-zim-02419,0,2023-10-07 23:45:36,akula
322,ind-mya-03498,1,2023-10-07 23:45:38,akula
323,lit-blr-00156,1,2023-10-07 23:45:39,akula
324,kzk-chn-03471,1,2023-10-07 23:45:43,akula
325,tkm-uzb-03250,0,2023-10-07 23:45:46,akula
326,arm-aze-03737,0,2023-10-07 23:45:49,akula
327,pol-ukr-00881,0,2023-10-07 23:45:52,akula
328,kyr-chn-01767,1,2023-10-07 23:45:54,akula
329,afg-pak-03492,0,2023-10-07 23:45:56,akula
330,cos-pan-00490,1,2023-10-07 23:45:58,akula
331,mex-gua-01508,1,2023-10-07 23:46:00,akula
332,bol-arg-01210,0,2023-10-07 23:46:03,akula
333,syr-jor-00414,1,2023-10-07 23:46:08,akula
334,rus-ukr-03078,1,2023-10-07 23:46:11,akula
335,bra-bol-03577,1,2023-10-07 23:46:13,akula
336,tur-syr-01853,1,2023-10-07 23:46:14,akula
337,rus-kzk-15093,1,2023-10-07 23:46:49,akula
338,gmy-pol-00077,1,2023-10-07 23:46:51,akula
339,pol-blr-00864,1,2023-10-07 23:46:53,akula
340,zim-bot-01210,1,2023-10-07 23:46:54,akula
341,zam-maw-01905,0,2023-10-07 23:46:57,akula
342,ukr-blr-01488,0,2023-10-07 23:47:01,akula
343,bra-arg-03409,1,2023-10-07 23:47:04,akula
344,lbr-sie-00033,1,2023-10-07 23:47:08,akula
345,guy-sur-00300,1,2023-10-07 23:47:09,akula
346,con-drc-01111,0,2023-10-07 23:47:12,akula
347,alg-lib-02114,0,2023-10-07 23:47:23,akula
348,saf-les-00195,1,2023-10-07 23:47:28,akula
349,ind-nep-01289,0,2023-10-07 23:47:32,akula
350,cen-drc-01581,0,2023-10-07 23:47:36,akula
351,taj-uzb-00362,1,2023-10-07 23:47:38,akula
352,rus-lat-00424,1,2023-10-07 23:48:11,akula
353,col-ven-01701,0,2023-10-07 23:48:14,akula
354,cen-drc-04065,1,2023-10-07 23:48:47,akula
355,gnb-gui-00392,1,2023-10-07 23:48:56,akula
356,hon-nic-01301,1,2023-10-07 23:48:57,akula
357,chn-ind-09285,1,2023-10-07 23:49:53,akula
358,ind-pak-03572,1,2023-10-07 23:49:55,akula
359,guy-sur-01367,1,2023-10-07 23:49:58,akula
360,taz-zam-00421,0,2023-10-07 23:50:10,akula
361,eqg-gab-00582,0,2023-10-07 23:50:12,akula
362,bra-arg-01293,1,2023-10-07 23:50:14,akula
363,cha-sud-02997,1,2023-10-07 23:50:16,akula
364,chn-ind-00676,1,2023-10-07 23:50:21,akula
365,mld-ukr-01272,1,2023-10-07 23:50:23,akula
366,cha-lib-00245,0,2023-10-07 23:50:25,akula
367,gha-tog-01187,0,2023-10-07 23:50:31,akula
368,mli-maa-04733,0,2023-10-07 23:51:02,akula
369,nir-cha-00701,0,2023-10-07 23:51:07,akula
370,ind-pak-04256,1,2023-10-07 23:51:09,akula
371,kyr-kzk-01321,1,2023-10-07 23:51:11,akula
372,taj-kyr-00735,0,2023-10-07 23:51:13,akula
373,cro-yug-00796,1,2023-10-07 23:51:15,akula
374,jor-isr-00834,1,2023-10-07 23:51:20,akula
375,drc-taz-00872,0,2023-10-07 23:51:22,akula
376,hon-nic-02390,0,2023-10-07 23:51:23,akula
377,col-ecu-00452,1,2023-10-07 23:51:25,akula
378,taz-bui-00551,0,2023-10-07 23:51:28,akula
379,afg-tkm-01504,1,2023-10-07 23:51:31,akula
380,rus-kzk-00530,0,2023-10-07 23:51:33,akula
381,ang-nam-03238,1,2023-10-07 23:51:35,akula
382,rus-kzk-02135,1,2023-10-07 23:51:37,akula
383,ken-ssd-00051,0,2023-10-07 23:51:39,akula
384,rom-ukr-00375,1,2023-10-07 23:51:43,akula
385,alg-lib-02249,0,2023-10-07 23:51:44,akula
386,rus-kzk-00771,0,2023-10-07 23:51:49,akula
387,fin-swd-01336,0,2023-10-07 23:51:51,akula
388,ven-guy-00334,1,2023-10-07 23:51:54,akula
389,gam-sen-02150,0,2023-10-07 23:51:56,akula
390,usa-mex-04556,1,2023-10-07 23:51:58,akula
391,chn-lao-00003,0,2023-10-07 23:52:33,akula
392,chn-lao-00003,1,2023-10-07 23:52:34,akula
393,chn-ind-09566,1,2023-10-07 23:52:35,akula
394,usa-can-19255,0,2023-10-07 23:52:37,akula
395,bra-bol-00232,1,2023-10-07 23:52:39,akula
396,chl-arg-03773,0,2023-10-07 23:52:43,akula
397,rus-lit-00275,1,2023-10-07 23:52:45,akula
398,cam-drv-02550,1,2023-10-07 23:52:51,akula
399,afg-tkm-01526,1,2023-10-07 23:52:54,akula
400,usa-can-06075,0,2023-10-07 23:53:33,akula
401,rus-kzk-01824,1,2023-10-07 23:54:17,akula
402,cen-ssd-01520,0,2023-10-07 23:54:18,akula
403,mzm-zim-03349,0,2023-10-07 23:54:21,akula
404,chn-ind-00838,0,2023-10-07 23:54:24,akula
405,alg-tun-00087,1,2023-10-07 23:54:30,akula
406,chn-ind-05498,1,2023-10-07 23:54:35,akula
407,cha-lib-00318,0,2023-10-07 23:54:37,akula
408,drc-ang-03974,1,2023-10-07 23:55:01,akula
409,lao-drv-03915,1,2023-10-07 23:55:06,akula
410,cao-nig-02137,1,2023-10-07 23:55:09,akula
411,drc-zam-02173,1,2023-10-07 23:55:11,akula
412,cao-cen-00178,1,2023-10-07 23:55:17,akula
413,nir-nig-02644,0,2023-10-07 23:55:19,akula
414,alg-lib-01755,0,2023-10-07 23:55:22,akula
415,aus-ita-00582,1,2023-10-07 23:55:24,akula
416,thi-mal-00169,0,2023-10-07 23:55:27,akula
417,thi-lao-00624,1,2023-10-07 23:55:29,akula
418,hai-dom-00710,1,2023-10-07 23:55:33,akula
419,pol-ukr-00884,0,2023-10-07 23:55:35,akula
420,alg-tun-00255,1,2023-10-07 23:55:39,akula
421,bra-arg-03444,1,2023-10-07 23:55:41,akula
422,mzm-maw-01389,0,2023-10-07 23:55:44,akula
423,sen-maa-01061,1,2023-10-07 23:55:45,akula
424,col-ven-02720,1,2023-10-07 23:55:47,akula
425,blz-gua-00003,1,2023-10-07 23:55:49,akula
426,kyr-uzb-01156,1,2023-10-07 23:55:51,akula
427,bol-arg-01435,1,2023-10-07 23:55:53,akula
428,drc-ssd-00560,0,2023-10-07 23:55:55,akula
429,nir-nig-01826,1,2023-10-07 23:55:56,akula
430,bra-bol-00847,1,2023-10-07 23:55:59,akula
431,jor-sau-01124,0,2023-10-07 23:56:01,akula
432,sud-egy-00670,0,2023-10-07 23:56:02,akula
433,col-ven-01087,1,2023-10-07 23:56:04,akula
434,drc-zam-03261,0,2023-10-07 23:56:07,akula
435,drc-zam-00402,0,2023-10-07 23:56:08,akula
436,nam-bot-00463,1,2023-10-07 23:56:10,akula
437,rus-ukr-00850,1,2023-10-07 23:56:12,akula
438,frn-gmy-00025,0,2023-10-07 23:56:15,akula
439,ind-bng-07477,0,2023-10-07 23:56:36,akula
440,rus-grg-01182,1,2023-10-07 23:56:39,akula
441,ind-bng-05502,1,2023-10-07 23:56:43,akula
442,alg-tun-00503,1,2023-10-07 23:56:47,akula
443,frn-ita-00168,1,2023-10-07 23:56:49,akula
444,lao-drv-04797,1,2023-10-07 23:56:51,akula
445,mli-alg-03145,0,2023-10-07 23:56:53,akula
446,bra-bol-02054,1,2023-10-07 23:56:55,akula
447,hun-slv-00142,1,2023-10-07 23:56:58,akula
448,afg-pak-01616,1,2023-10-07 23:57:00,akula
449,kzk-chn-00317,1,2023-10-07 23:57:02,akula
450,cam-drv-02102,1,2023-10-07 23:57:03,akula
451,nir-bfo-00513,0,2023-10-07 23:57:05,akula
452,rom-ukr-00349,1,2023-10-07 23:57:08,akula
453,bra-par-01496,1,2023-10-07 23:57:11,akula
454,chn-prk-00219,1,2023-10-07 23:57:15,akula
455,rus-kzk-06498,1,2023-10-07 23:57:18,akula
456,cao-nig-02543,0,2023-10-07 23:57:29,akula
457,alb-kos-00244,0,2023-10-07 23:57:53,akula
458,mal-ins-00284,0,2023-10-07 23:57:57,akula
459,eth-ssd-02072,1,2023-10-07 23:57:58,akula
460,maa-mor-01825,0,2023-10-07 23:58:00,akula
461,bra-bol-02122,1,2023-10-07 23:58:02,akula
462,uzb-kzk-00538,1,2023-10-07 23:58:05,akula
463,gua-sal-00091,1,2023-10-07 23:58:06,akula
464,mli-nir-00063,0,2023-10-07 23:58:08,akula
465,frn-spn-00773,1,2023-10-07 23:58:11,akula
466,frn-ita-00604,1,2023-10-07 23:58:16,akula
467,mli-nir-02005,0,2023-10-07 23:58:17,akula
468,ins-png-00667,0,2023-10-07 23:58:19,akula
469,irn-tkm-02216,1,2023-10-07 23:58:20,akula
470,ken-eth-01194,1,2023-10-07 23:58:25,akula
471,sen-maa-01153,1,2023-10-07 23:58:29,akula
472,rus-kzk-12946,0,2023-10-07 23:58:35,akula
473,grg-aze-00435,1,2023-10-07 23:58:36,akula
474,col-bra-03102,0,2023-10-07 23:58:38,akula
475,afg-pak-00028,1,2023-10-07 23:58:40,akula
476,bol-chl-00310,0,2023-10-07 23:58:42,akula
477,cha-lib-01259,0,2023-10-07 23:58:44,akula
478,rus-chn-00406,1,2023-10-07 23:58:45,akula
479,kyr-kzk-02339,1,2023-10-07 23:58:47,akula
480,chl-arg-04967,1,2023-10-07 23:58:48,akula
481,hon-nic-00508,1,2023-10-07 23:58:50,akula
482,ang-zam-01397,0,2023-10-07 23:58:52,akula
483,rus-fin-01565,1,2023-10-07 23:58:54,akula
484,cha-lib-00444,0,2023-10-07 23:58:55,akula
485,gui-sie-00592,0,2023-10-07 23:58:59,akula
486,ken-taz-00370,0,2023-10-07 23:59:06,akula
487,aus-hun-00170,1,2023-10-07 23:59:08,akula
488,hon-nic-00025,1,2023-10-07 23:59:11,akula
489,nir-nig-01561,1,2023-10-07 23:59:15,akula
490,ecu-per-00927,1,2023-10-07 23:59:19,akula
491,cen-ssd-02226,0,2023-10-07 23:59:22,akula
492,chn-mya-03734,1,2023-10-07 23:59:25,akula
493,rus-mon-01716,1,2023-10-07 23:59:26,akula
494,irn-pak-00408,1,2023-10-07 23:59:30,akula
495,rus-chn-09525,1,2023-10-07 23:59:32,akula
496,afg-pak-00703,0,2023-10-07 23:59:33,akula
497,drc-ang-04016,1,2023-10-07 23:59:36,akula
498,chn-drv-01768,0,2023-10-07 23:59:40,akula
499,alg-tun-02087,0,2023-10-07 23:59:46,akula
500,drc-ang-04730,0,2023-10-07 23:59:53,akula
501,jor-sau-01025,0,2023-10-08 00:02:58,akula
502,rus-kzk-16349,0,2023-10-08 00:02:59,akula
503,ind-pak-05269,1,2023-10-08 00:03:07,akula
504,usa-mex-01977,1,2023-10-08 00:03:09,akula
505,usa-mex-04112,1,2023-10-08 00:03:13,akula
506,mex-gua-00846,0,2023-10-08 00:03:17,akula
507,ukr-blr-02281,1,2023-10-08 00:03:20,akula
508,ben-nig-00257,1,2023-10-08 00:03:27,akula
509,rus-chn-04471,0,2023-10-08 00:04:23,akula
510,bel-gmy-00248,1,2023-10-08 00:04:25,akula
511,nam-bot-01715,1,2023-10-08 00:04:30,akula
512,mld-rom-01101,0,2023-10-08 00:04:33,akula
513,tur-syr-02203,1,2023-10-08 00:04:36,akula
514,ind-nep-02553,0,2023-10-08 00:04:37,akula
515,chn-pak-00631,1,2023-10-08 00:04:39,akula
516,mal-ins-01178,0,2023-10-08 00:04:41,akula
517,ind-pak-00399,1,2023-10-08 00:04:43,akula
518,chn-nep-01880,0,2023-10-08 00:04:45,akula
519,usa-can-02020,1,2023-10-08 00:04:46,akula
520,afg-tkm-01952,1,2023-10-08 00:04:49,akula
521,eth-eri-00926,1,2023-10-08 00:04:59,akula
522,sud-egy-01319,0,2023-10-08 00:05:01,akula
523,col-ven-01268,0,2023-10-08 00:05:02,akula
524,irq-jor-00231,1,2023-10-08 00:05:04,akula
525,afg-pak-01018,0,2023-10-08 00:05:06,akula
526,lux-gmy-00297,1,2023-10-08 00:05:10,akula
527,rus-chn-05409,0,2023-10-08 00:05:13,akula
528,cro-bos-00405,0,2023-10-08 00:05:14,akula
529,ukr-blr-01330,0,2023-10-08 00:05:15,akula
530,rus-chn-01116,0,2023-10-08 00:05:16,akula
531,per-bra-03689,1,2023-10-08 00:05:18,akula
532,cam-drv-01122,1,2023-10-08 00:05:20,akula
533,irq-syr-01247,1,2023-10-08 00:05:21,akula
534,bfo-gha-00782,1,2023-10-08 00:19:59,carrino
535,aus-czr-01157,0,2023-10-08 00:20:09,carrino
536,zim-bot-01591,0,2023-10-08 00:20:16,carrino
537,lbr-sie-00033,0,2023-10-08 00:20:37,carrino
538,saf-les-00195,1,2023-10-08 00:21:37,carrino
539,bra-arg-03444,0,2023-10-08 00:21:44,carrino
540,som-eth-02868,1,2023-10-08 00:21:58,carrino
541,frn-spn-00676,1,2023-10-08 00:22:28,carrino
542,cha-lib-01259,0,2023-10-08 00:23:34,carrino
543,con-drc-03723,0,2023-10-08 00:23:44,carrino
544,mzm-zim-01166,0,2023-10-08 00:23:52,carrino
545,chl-arg-00194,1,2023-10-08 00:24:20,carrino
546,par-arg-03690,0,2023-10-08 00:24:23,carrino
547,mli-cdi-00344,1,2023-10-08 00:24:28,carrino
548,cdi-bfo-01063,1,2023-10-08 00:24:54,carrino
549,ken-taz-00370,1,2023-10-08 00:25:01,carrino
550,maa-alg-00154,0,2023-10-08 00:25:41,carrino
551,afg-tkm-01297,1,2023-10-08 00:26:15,carrino
552,mzm-zim-02933,1,2023-10-08 00:26:32,carrino
553,col-ven-02720,1,2023-10-08 00:26:36,carrino
554,sau-yem-02084,0,2023-10-08 00:26:39,carrino
555,ken-taz-00389,1,2023-10-08 00:26:42,carrino
556,ken-ssd-00051,0,2023-10-08 00:26:45,carrino
557,irq-jor-00231,1,2023-10-08 00:26:48,carrino
558,ind-pak-01417,1,2023-10-08 00:26:54,carrino
559,nir-nig-02644,1,2023-10-08 00:27:00,carrino
560,aus-czr-01157,1,2023-10-08 16:37:44,akula
561,chn-mya-01724,0,2023-10-08 16:38:00,akula
562,nic-cos-00129,0,2023-10-08 16:38:02,akula
563,afg-pak-01673,1,2023-10-08 16:38:10,akula
564,ven-bra-00044,0,2023-10-08 16:38:12,akula
565,uga-ken-01386,0,2023-10-08 16:38:16,akula
566,per-bol-01990,1,2023-10-08 16:38:19,akula
567,chn-prk-01241,1,2023-10-08 16:38:22,akula
568,taj-uzb-01348,0,2023-10-08 16:38:25,akula
569,rus-ukr-02827,1,2023-10-08 16:38:32,akula
570,chn-mon-06606,0,2023-10-08 16:38:37,akula
571,ang-nam-00618,1,2023-10-08 16:38:49,akula
572,ang-zam-02149,0,2023-10-08 16:38:52,akula
573,drc-zam-00610,0,2023-10-08 16:38:55,akula
574,mzm-maw-02937,0,2023-10-08 16:39:03,akula
575,ven-bra-03275,0,2023-10-08 16:39:05,akula
576,rus-mon-07655,1,2023-10-08 16:39:14,akula
577,usa-can-15651,1,2023-10-08 16:39:25,akula
578,fin-swd-01267,1,2023-10-08 16:39:31,akula
579,chn-ind-04490,1,2023-10-08 16:39:42,akula
580,arm-aze-00383,1,2023-10-08 16:39:52,akula
581,arg-uru-00892,0,2023-10-08 16:39:56,akula
582,usa-mex-02318,1,2023-10-08 16:40:00,akula
583,rus-kzk-08223,1,2023-10-08 16:40:02,akula
584,mli-maa-02442,0,2023-10-08 16:40:07,akula
585,irn-pak-01288,0,2023-10-08 16:40:10,akula
586,swd-nor-03294,0,2023-10-08 16:40:13,akula
587,chn-ind-07400,1,2023-10-08 16:40:21,akula
588,mzm-zim-01587,1,2023-10-08 16:40:41,akula
589,drc-ang-04423,1,2023-10-08 16:40:45,akula
590,pol-blr-00099,1,2023-10-08 16:40:53,akula
591,rus-kzk-12627,1,2023-10-08 16:41:00,akula
592,mld-ukr-01596,1,2023-10-08 16:41:02,akula
593,taj-uzb-01068,0,2023-10-08 16:41:06,akula
594,usa-can-01300,0,2023-10-08 16:41:46,akula
595,rus-mon-06094,1,2023-10-08 16:41:51,akula
596,nir-nig-00939,0,2023-10-08 16:41:55,akula
597,thi-cam-00401,1,2023-10-08 16:42:00,akula
598,thi-lao-03849,0,2023-10-08 16:42:07,akula
599,irn-afg-01601,0,2023-10-08 16:42:10,akula
600,gui-lbr-00949,1,2023-10-08 16:42:18,akula
601,chn-prk-01800,1,2023-10-08 16:42:21,akula
602,nam-bot-03003,1,2023-10-08 16:42:32,akula
603,sud-egy-00359,0,2023-10-08 16:42:39,akula
604,maa-mor-03829,0,2023-10-08 16:42:41,akula
605,chn-nep-01222,1,2023-10-08 16:42:44,akula
606,ukr-blr-00198,1,2023-10-08 16:42:49,akula
607,usa-mex-01439,0,2023-10-08 16:42:53,akula
608,mzm-zim-01166,0,2023-10-08 16:42:59,akula
609,mya-thi-00664,0,2023-10-08 16:43:03,akula
610,kyr-kzk-02534,1,2023-10-08 16:43:10,akula
611,usa-can-19922,1,2023-10-08 16:43:15,akula
612,irn-tur-00401,1,2023-10-08 16:43:20,akula
613,aze-irn-01365,1,2023-10-08 16:43:26,akula
614,chn-ind-01772,1,2023-10-08 16:43:32,akula
615,uzb-kzk-00304,1,2023-10-08 16:43:36,akula
616,per-bra-02767,0,2023-10-08 16:43:40,akula
617,chl-arg-05773,1,2023-10-08 16:43:42,akula
618,mli-alg-01132,0,2023-10-08 16:44:58,akula
619,thi-cam-01022,1,2023-10-08 16:45:01,akula
620,per-bra-05023,1,2023-10-08 16:45:06,akula
621,bra-uru-01898,1,2023-10-08 16:45:08,akula
622,drc-bui-00397,1,2023-10-08 16:45:11,akula
623,bra-bol-03174,1,2023-10-08 16:45:14,akula
624,irn-pak-01664,0,2023-10-08 16:45:17,akula
625,cam-drv-00497,0,2023-10-08 16:45:23,akula
626,ind-pak-06417,1,2023-10-08 16:45:28,akula
627,czr-slo-00087,0,2023-10-08 16:45:33,akula
628,cdi-gui-00601,1,2023-10-08 16:45:36,akula
629,mli-nir-00778,0,2023-10-08 16:45:39,akula
630,hon-nic-02184,1,2023-10-08 16:45:45,akula
631,zim-saf-00264,1,2023-10-08 16:45:48,akula
632,usa-can-14873,1,2023-10-08 16:45:51,akula
633,mli-sen-00915,0,2023-10-08 16:45:55,akula
634,arm-aze-01299,1,2023-10-08 16:45:59,akula
635,bra-par-03738,1,2023-10-08 16:46:03,akula
636,chl-arg-00712,1,2023-10-08 16:46:17,akula
637,cha-sud-03412,0,2023-10-08 16:46:20,akula
638,ind-mya-00161,1,2023-10-08 16:46:23,akula
639,ben-bfo-00300,1,2023-10-08 16:46:29,akula
640,usa-can-18252,0,2023-10-08 16:46:32,akula
641,chn-mya-02190,1,2023-10-08 16:46:35,akula
642,mor-alg-02152,1,2023-10-08 16:46:41,akula
643,irn-pak-01790,1,2023-10-08 16:46:43,akula
644,jor-sau-01153,0,2023-10-08 16:46:46,akula
645,drc-zam-04914,1,2023-10-08 16:46:51,akula
646,saf-les-00594,1,2023-10-08 16:46:56,akula
647,swz-gmy-00088,0,2023-10-08 16:47:03,akula
648,chl-arg-00188,1,2023-10-08 16:47:07,akula
649,syr-isr-00086,1,2023-10-08 16:47:10,akula
650,bra-bol-02572,0,2023-10-08 16:47:16,akula
651,nir-cha-01888,0,2023-10-08 16:47:20,akula
652,usa-can-07527,0,2023-10-08 16:47:24,akula
653,maa-alg-00154,0,2023-10-08 16:47:26,akula
654,chn-mon-08206,1,2023-10-08 16:47:28,akula
655,rus-chn-03174,1,2023-10-08 16:47:31,akula
656,kyr-kzk-02583,1,2023-10-08 16:47:32,akula
657,alg-lib-01513,0,2023-10-08 16:47:34,akula
658,cro-bos-00964,1,2023-10-08 16:47:36,akula
659,chl-arg-08731,1,2023-10-08 16:47:38,akula
660,col-ven-02702,1,2023-10-08 16:47:41,akula
661,taz-maw-00243,1,2023-10-08 16:47:43,akula
662,cha-sud-00738,0,2023-10-08 16:47:45,akula
663,cam-drv-02454,1,2023-10-08 16:47:47,akula
664,ken-som-01308,0,2023-10-08 16:47:48,akula
665,chn-ind-04444,0,2023-10-08 16:47:50,akula
666,chn-ind-00426,1,2023-10-08 16:47:52,akula
667,per-bra-00102,1,2023-10-08 16:47:54,akula
668,jor-sau-01411,1,2023-10-08 16:47:56,akula
669,rus-kzk-13526,1,2023-10-08 16:47:57,akula
670,ven-guy-00688,1,2023-10-08 16:47:58,akula
671,chn-ind-06862,1,2023-10-08 16:48:00,akula
672,irn-irq-00261,1,2023-10-08 16:48:03,akula
673,rus-ukr-03443,1,2023-10-08 16:48:05,akula
674,mzm-maw-02114,0,2023-10-08 16:48:07,akula
675,drc-zam-00402,0,2023-10-09 02:27:25,carrino
676,afg-tkm-01504,1,2023-10-09 02:27:34,carrino
677,mal-ins-02683,0,2023-10-09 02:27:45,carrino
678,nic-cos-00032,0,2023-10-09 02:27:53,carrino
679,bol-par-01663,0,2023-10-09 02:29:20,carrino
680,usa-mex-06680,0,2023-10-09 02:29:28,carrino
681,sen-maa-01153,0,2023-10-09 02:29:34,carrino
682,rus-ukr-02517,0,2023-10-09 02:29:40,carrino
683,thi-lao-03849,0,2023-10-09 02:29:46,carrino
684,chn-mya-01724,0,2023-10-09 02:29:54,carrino
685,chl-arg-00936,0,2023-10-09 02:29:56,carrino
686,bra-bol-02424,0,2023-10-09 02:30:01,carrino
687,mli-maa-05067,0,2023-10-09 02:30:05,carrino
688,rus-ukr-02976,0,2023-10-09 02:30:09,carrino
689,saf-bot-01086,1,2023-10-09 02:30:21,carrino
690,lao-drv-04797,0,2023-10-09 02:30:25,carrino
691,usa-can-07527,0,2023-10-09 02:30:27,carrino
692,rus-kzk-00771,1,2023-10-09 02:30:33,carrino
693,swz-gmy-00465,0,2023-10-09 02:31:08,carrino
694,mzm-zim-02980,1,2023-10-09 02:31:18,carrino
695,taz-zam-00421,1,2023-10-09 02:31:53,carrino
696,nir-nig-03246,1,2023-10-09 02:32:07,carrino
697,cen-drc-01529,0,2023-10-09 02:32:09,carrino
698,con-drc-03291,1,2023-10-09 02:32:19,carrino
699,mal-ins-01178,0,2023-10-09 02:32:21,carrino
700,rus-ukr-03078,1,2023-10-09 02:32:35,carrino
701,sud-ssd-00119,1,2023-10-09 02:32:43,carrino
702,usa-mex-04112,1,2023-10-09 02:32:45,carrino
703,rus-mon-06094,1,2023-10-09 02:32:56,carrino
704,cao-nig-02012,1,2023-10-09 02:35:15,carrino
705,eth-eri-01299,1,2023-10-09 02:35:17,carrino
706,cam-drv-01122,1,2023-10-09 02:35:47,carrino
707,chn-drv-01750,0,2023-10-09 02:35:53,carrino
708,jor-sau-01112,0,2023-10-09 02:35:54,carrino
709,ken-taz-00760,1,2023-10-09 02:36:00,carrino
710,mli-maa-03684,0,2023-10-09 02:36:06,carrino
711,ind-pak-05269,1,2023-10-09 02:36:10,carrino
712,rus-grg-01182,0,2023-10-09 02:37:13,carrino
713,thi-cam-01643,0,2023-10-09 02:37:27,carrino
714,chl-arg-00625,0,2023-10-09 02:38:14,carrino
715,per-bra-05023,0,2023-10-09 02:38:18,carrino
716,mzm-saf-01057,1,2023-10-09 02:38:23,carrino
717,mzm-zim-02068,1,2023-10-09 02:38:40,carrino
718,ind-bng-07477,0,2023-10-09 02:38:47,carrino
719,rus-ukr-04185,1,2023-10-09 02:39:45,carrino
720,cam-drv-00497,0,2023-10-09 02:39:52,carrino
721,cen-drc-00689,0,2023-10-09 02:39:54,carrino
722,uzb-kzk-03486,0,2023-10-09 02:39:57,carrino
723,drc-ang-04354,1,2023-10-09 02:40:14,carrino
724,ken-som-01308,0,2023-10-09 02:40:19,carrino
725,sud-egy-00359,0,2023-10-09 02:40:21,carrino
726,leb-isr-00094,1,2023-10-09 02:40:23,carrino
727,ind-bng-03609,0,2023-10-09 02:40:42,carrino
728,uga-ken-01386,0,2023-10-09 02:40:46,carrino
729,usa-can-18550,0,2023-10-09 02:40:49,carrino
730,rus-chn-01116,0,2023-10-09 02:40:50,carrino
731,pol-czr-00829,1,2023-10-09 02:41:00,carrino
732,sur-bra-00720,0,2023-10-09 02:41:02,carrino
733,taj-uzb-03622,0,2023-10-09 02:41:04,carrino
734,chn-prk-01800,1,2023-10-09 02:41:06,carrino
735,ukr-blr-02167,1,2023-10-09 02:41:20,carrino
736,mli-nir-00063,0,2023-10-09 02:41:22,carrino
737,mzm-maw-02937,1,2023-10-09 02:43:29,carrino
738,maa-mor-03829,0,2023-10-09 02:43:35,carrino
739,sen-maa-01061,1,2023-10-09 02:43:42,carrino
740,ken-som-01595,1,2023-10-09 02:43:48,carrino
741,gui-lbr-01027,0,2023-10-09 02:43:55,carrino
742,per-bra-04105,1,2023-10-09 02:44:12,carrino
743,gui-sie-01506,1,2023-10-09 02:44:21,carrino
744,hun-slo-00510,1,2023-10-09 02:44:25,carrino
745,rus-ukr-03443,0,2023-10-09 02:44:40,carrino
746,ken-taz-01149,1,2023-10-09 02:44:51,carrino
747,mzm-zim-02419,1,2023-10-09 02:45:07,carrino
748,thi-mal-00214,0,2023-10-09 02:45:09,carrino
749,syr-jor-00414,1,2023-10-09 02:45:22,carrino
750,mal-ins-02389,0,2023-10-09 02:45:25,carrino
751,ind-bng-05502,1,2023-10-09 02:47:01,carrino
752,rus-ukr-00195,0,2023-10-09 02:47:04,carrino
753,gha-tog-01187,0,2023-10-09 02:47:36,carrino
754,drc-rwa-00028,0,2023-10-09 02:47:44,carrino
755,chn-drv-01768,0,2023-10-09 02:47:49,carrino
756,spn-por-03349,1,2023-10-09 02:47:58,carrino
757,mzm-zam-00126,0,2023-10-09 02:48:50,carrino
758,chn-lao-00297,1,2023-10-09 02:48:55,carrino
759,col-ven-02702,0,2023-10-09 02:49:01,carrino
760,ita-snm-00001,1,2023-10-09 02:49:11,carrino
761,cen-drc-00867,0,2023-10-09 02:49:16,carrino
762,sud-egy-01122,0,2023-10-09 02:49:18,carrino
763,arm-aze-00383,1,2023-10-09 02:50:47,carrino
764,uae-oma-00167,0,2023-10-09 02:50:52,carrino
765,mli-nir-00778,0,2023-10-09 02:50:55,carrino
766,sau-yem-01393,0,2023-10-09 02:50:59,carrino
767,ind-pak-07586,0,2023-10-09 02:51:02,carrino
768,bfo-gha-00587,1,2023-10-09 02:51:22,carrino
769,rus-grg-01384,1,2023-10-09 02:51:34,carrino
770,rus-ukr-02534,0,2023-10-09 02:51:38,carrino
771,bol-arg-00707,0,2023-10-09 02:51:40,carrino
772,dji-eri-00249,0,2023-10-09 02:51:42,carrino
773,ken-eth-01194,1,2023-10-09 02:51:52,carrino
774,saf-nam-02287,0,2023-10-09 02:51:56,carrino
775,lao-drv-03915,0,2023-10-09 02:52:05,carrino
776,cen-drc-01581,0,2023-10-09 02:52:07,carrino
777,cdi-gha-00083,1,2023-10-09 02:52:09,carrino
778,irn-tkm-01552,0,2023-10-09 02:52:14,carrino
779,bra-bol-09136,1,2023-10-09 02:52:24,carrino
780,jor-isr-00830,0,2023-10-09 02:52:28,carrino
781,drc-zam-03261,0,2023-10-09 02:52:34,carrino
782,blz-gua-00003,0,2023-10-09 02:52:39,carrino
783,mli-maa-02442,0,2023-10-09 02:52:43,carrino
784,usa-can-02470,1,2023-10-09 02:52:51,carrino
785,bol-arg-00174,0,2023-10-09 02:52:52,carrino
786,arg-uru-01316,0,2023-10-09 02:52:54,carrino
787,rus-ukr-00850,1,2023-10-09 02:52:59,carrino
788,cam-lao-01099,0,2023-10-09 02:53:19,carrino
789,swd-nor-03137,0,2023-10-09 02:53:27,carrino
790,gmy-pol-00077,1,2023-10-09 02:53:50,carrino
791,mzm-zim-03349,1,2023-10-09 02:54:04,carrino
792,taj-uzb-00362,1,2023-10-09 02:54:26,carrino
793,bra-bol-03689,0,2023-10-09 02:54:28,carrino
794,uzb-kzk-03850,1,2023-10-09 02:54:33,carrino
795,nth-bel-00388,0,2023-10-09 02:54:36,carrino
796,zam-nam-00394,0,2023-10-09 02:54:41,carrino
797,grg-aze-00435,1,2023-10-09 02:54:45,carrino
798,maa-mor-01825,0,2023-10-09 02:54:47,carrino
799,per-bra-00102,1,2023-10-09 02:54:54,carrino
800,drc-ssd-00361,0,2023-10-09 02:55:00,carrino
801,ven-bra-03413,0,2023-10-09 02:55:33,carrino
802,ben-nig-00571,1,2023-10-09 02:56:00,carrino
803,cha-lib-00444,0,2023-10-09 02:56:02,carrino
804,mli-maa-01884,0,2023-10-09 02:56:06,carrino
805,rus-kzk-11218,0,2023-10-09 02:56:07,carrino
806,taj-kyr-02232,0,2023-10-09 02:56:27,carrino
807,mal-ins-00934,0,2023-10-09 02:56:33,carrino
808,rus-kzk-01256,0,2023-10-09 02:56:36,carrino
809,cdi-bfo-00666,1,2023-10-09 02:56:47,carrino
810,hon-nic-00038,0,2023-10-09 02:56:50,carrino
811,aus-hun-00170,0,2023-10-09 02:56:54,carrino
812,chn-ind-09590,0,2023-10-09 20:04:38,akula
813,taj-uzb-02512,1,2023-10-09 20:04:47,akula
814,bra-bol-09136,0,2023-10-09 20:04:49,akula
815,eth-ssd-00171,1,2023-10-09 20:04:51,akula
816,saf-bot-01086,1,2023-10-09 20:04:53,akula
817,usa-can-13930,1,2023-10-09 20:04:54,akula
818,cos-pan-00161,1,2023-10-09 20:04:56,akula
819,taj-uzb-03622,0,2023-10-09 20:04:58,akula
820,pol-ukr-00420,0,2023-10-09 20:05:00,akula
821,mli-gui-00416,0,2023-10-09 20:05:03,akula
822,gab-con-03330,0,2023-10-09 20:05:05,akula
823,pol-ukr-00440,1,2023-10-09 20:05:07,akula
824,drc-ang-04354,0,2023-10-09 20:05:10,akula
825,ind-nep-04606,1,2023-10-09 20:05:12,akula
826,rus-kzk-09168,1,2023-10-09 20:05:13,akula
827,nir-nig-03308,1,2023-10-09 20:05:14,akula
828,drc-ang-00973,0,2023-10-09 20:05:17,akula
829,ind-nep-04886,1,2023-10-09 20:05:19,akula
830,mld-rom-00753,1,2023-10-09 20:05:21,akula
831,blz-gua-00141,1,2023-10-09 20:05:25,akula
832,afg-tkm-01262,1,2023-10-09 20:05:26,akula
833,cen-drc-00826,0,2023-10-09 20:05:28,akula
834,ind-bng-07074,1,2023-10-09 20:05:30,akula
835,arm-aze-03815,1,2023-10-09 20:05:32,akula
836,zim-bot-01419,1,2023-10-09 20:05:34,akula
837,ins-png-01995,0,2023-10-09 20:05:37,akula
838,czr-slo-00190,1,2023-10-09 20:05:42,akula
839,rus-lat-00529,1,2023-10-09 20:05:48,akula
840,taz-bui-00260,1,2023-10-09 20:05:50,akula
841,mal-ins-02389,1,2023-10-09 20:05:53,akula
842,sud-ssd-03020,1,2023-10-09 20:05:55,akula
843,con-drc-04051,0,2023-10-09 20:05:58,akula
844,cdi-bfo-01063,0,2023-10-09 20:06:01,akula
845,par-arg-00942,0,2023-10-09 20:06:03,akula
846,rus-kzk-02656,1,2023-10-09 20:06:05,akula
847,usa-mex-03174,1,2023-10-09 20:06:07,akula
848,cha-sud-00964,0,2023-10-09 20:06:10,akula
849,ind-pak-07586,0,2023-10-09 20:06:11,akula
850,per-bra-00800,1,2023-10-09 20:06:13,akula
851,spn-por-03093,0,2023-10-09 20:06:16,akula
852,nth-bel-01128,1,2023-10-09 20:06:21,akula
853,frn-spn-00417,1,2023-10-09 20:06:24,akula
854,par-arg-01431,0,2023-10-09 20:06:27,akula
855,gui-sie-00995,0,2023-10-09 20:06:28,akula
856,con-drc-00935,0,2023-10-09 20:06:30,akula
857,usa-can-11284,1,2023-10-09 20:06:32,akula
858,mal-ins-00298,0,2023-10-09 20:06:33,akula
859,bra-uru-01479,1,2023-10-09 20:06:35,akula
860,ind-pak-03784,1,2023-10-09 20:06:37,akula
861,gam-sen-01285,0,2023-10-09 20:06:40,akula
862,irq-sau-01237,0,2023-10-09 20:06:45,akula
863,bra-bol-07575,0,2023-10-09 20:06:49,akula
864,bfo-gha-00782,1,2023-10-09 20:06:53,akula
865,arm-aze-00284,0,2023-10-09 20:06:57,akula
866,ukr-blr-02167,1,2023-10-09 20:07:01,akula
867,cen-drc-01349,1,2023-10-09 20:07:06,akula
868,nic-cos-00032,0,2023-10-09 20:07:11,akula
869,chl-arg-12631,0,2023-10-09 20:07:14,akula
870,rus-chn-05516,0,2023-10-09 20:07:24,akula
871,rus-ukr-04185,1,2023-10-09 20:07:28,akula
872,arg-uru-01316,0,2023-10-09 20:07:30,akula
873,cha-lib-02702,0,2023-10-09 20:07:32,akula
874,ukr-blr-02379,1,2023-10-09 20:07:35,akula
875,ind-nep-02627,0,2023-10-09 20:07:38,akula
876,chn-nep-02930,0,2023-10-09 20:07:39,akula
877,mac-grc-00692,0,2023-10-09 20:07:45,akula
878,taj-uzb-01503,1,2023-10-09 20:07:48,akula
879,chn-ind-01027,0,2023-10-09 20:07:51,akula
880,usa-mex-06194,1,2023-10-09 20:07:53,akula
881,uzb-kzk-04872,0,2023-10-09 20:07:55,akula
882,rus-kzk-12029,1,2023-10-09 20:07:57,akula
883,gha-tog-00651,0,2023-10-09 20:08:00,akula
884,bel-frn-00484,1,2023-10-09 20:08:03,akula
885,drc-ssd-00582,0,2023-10-09 20:08:05,akula
886,cen-drc-01447,0,2023-10-09 20:08:06,akula
887,rus-chn-09741,1,2023-10-09 20:08:08,akula
888,chn-ind-02174,0,2023-10-09 20:08:13,akula
889,chn-prk-02884,1,2023-10-09 20:08:15,akula
890,cha-sud-00678,0,2023-10-09 20:08:16,akula
891,rus-mon-02225,0,2023-10-09 20:08:18,akula
892,mal-bru-00700,0,2023-10-09 20:08:20,akula
893,sau-uae-01095,1,2023-10-09 20:08:22,akula
894,chn-ind-04405,0,2023-10-09 20:08:25,akula
895,ben-nig-01033,0,2023-10-09 20:08:27,akula
896,cen-cha-00687,1,2023-10-09 20:08:29,akula
897,nir-bfo-01364,0,2023-10-09 20:08:33,akula
898,gab-con-00395,0,2023-10-09 20:08:34,akula
899,irq-sau-00671,0,2023-10-09 20:08:40,akula
900,chn-mon-02639,0,2023-10-09 20:08:41,akula
901,usa-can-00511,0,2023-10-09 20:08:44,akula
902,chn-mya-02870,1,2023-10-09 20:08:46,akula
903,mli-gui-01635,1,2023-10-09 20:09:03,akula
904,bol-par-01663,1,2023-10-09 20:09:05,akula
905,usa-can-17507,0,2023-10-09 20:09:09,akula
906,uzb-kzk-01837,0,2023-10-09 20:09:11,akula
907,bra-par-01496,1,2023-10-09 20:09:13,Skyler
908,mya-thi-04962,1,2023-10-09 20:09:15,akula
909,mli-alg-00777,0,2023-10-09 20:09:18,akula
910,chn-mon-02890,0,2023-10-09 20:09:19,Skyler
911,ind-pak-05269,1,2023-10-09 20:09:24,Skyler
912,mzm-maw-02332,1,2023-10-09 20:09:26,akula
913,chn-ind-09590,0,2023-10-09 20:09:28,Skyler
914,par-arg-00143,1,2023-10-09 20:09:31,Skyler
915,aus-czr-00103,1,2023-10-09 20:09:41,akula
916,mzm-zam-01028,0,2023-10-09 20:09:45,akula
917,chn-mon-02717,0,2023-10-09 20:09:47,akula
918,chn-mon-11995,1,2023-10-09 20:09:50,akula
919,ken-eth-01903,1,2023-10-09 20:09:52,akula
920,ben-bfo-00747,1,2023-10-09 20:09:54,akula
921,chl-arg-02270,0,2023-10-09 20:09:55,akula
922,tur-syr-01588,1,2023-10-09 20:09:57,akula
923,taz-bui-00217,1,2023-10-09 20:10:00,akula
924,guy-bra-03188,0,2023-10-09 20:10:03,akula
925,usa-mex-03318,1,2023-10-09 20:10:05,akula
926,nic-cos-00242,0,2023-10-09 20:10:07,akula
927,mzm-zim-02537,0,2023-10-09 20:10:09,akula
928,ken-som-00595,0,2023-10-09 20:10:10,akula
929,col-per-01528,0,2023-10-09 20:10:11,akula
930,irn-tkm-01552,1,2023-10-09 20:10:14,akula
931,kzk-chn-02257,1,2023-10-09 20:10:16,akula
932,col-ven-03272,0,2023-10-09 20:10:18,akula
933,ken-som-01402,1,2023-10-09 20:10:20,akula
934,chl-arg-13578,0,2023-10-09 20:10:22,akula
935,nir-lib-00207,0,2023-10-09 20:10:24,akula
936,nir-alg-01553,0,2023-10-09 20:10:25,akula
937,usa-can-09075,0,2023-10-09 20:10:35,akula
938,sen-maa-01364,1,2023-10-09 20:10:36,akula
939,ind-mya-00502,0,2023-10-09 20:10:38,akula
940,ven-bra-00547,0,2023-10-09 20:10:41,akula
941,bra-bol-03689,0,2023-10-09 20:10:43,akula
942,afg-pak-01890,0,2023-10-09 20:10:48,akula
943,mex-gua-02164,1,2023-10-09 20:10:52,akula
944,usa-can-16650,0,2023-10-09 20:10:54,akula
945,cha-sud-01273,0,2023-10-09 20:10:56,akula
946,ind-mya-01003,0,2023-10-09 20:10:57,akula
947,chl-arg-00194,1,2023-10-09 20:10:59,akula
948,ind-pak-08038,0,2023-10-09 20:11:00,akula
949,taz-bui-00959,1,2023-10-09 20:11:02,akula
950,swz-gmy-00465,0,2023-10-09 20:11:07,akula
951,gab-con-03223,0,2023-10-09 20:11:09,akula
952,bra-frn-00097,0,2023-10-09 20:11:10,akula
953,sud-egy-03759,0,2023-10-09 20:11:12,akula
954,gam-sen-01859,1,2023-10-09 20:11:19,akula
955,rus-mon-05172,1,2023-10-09 20:11:24,akula
956,kzk-chn-01561,1,2023-10-09 20:11:30,akula
957,chn-ind-05429,1,2023-10-09 20:11:32,akula
958,mli-nir-00777,0,2023-10-09 20:11:35,akula
959,usa-mex-06680,1,2023-10-09 20:11:40,akula
960,frn-spn-01117,0,2023-10-09 20:11:44,akula
961,rus-fin-03059,1,2023-10-09 20:11:48,akula
962,bra-bol-02424,0,2023-10-09 20:11:50,akula
963,usa-can-14757,1,2023-10-09 20:11:53,akula
964,kzk-chn-03378,1,2023-10-09 20:11:55,akula
965,rus-mon-05464,1,2023-10-09 20:12:00,akula
966,uzb-kzk-02117,1,2023-10-09 20:12:02,akula
967,ecu-per-02980,1,2023-10-09 20:12:03,akula
968,eri-sud-00778,0,2023-10-09 20:12:07,akula
969,alb-grc-00118,1,2023-10-09 20:12:09,akula
970,swz-ita-00287,1,2023-10-09 20:12:14,akula
971,irn-afg-00211,1,2023-10-09 20:12:16,akula
972,ven-bra-02359,0,2023-10-09 20:12:17,akula
973,gmy-czr-01014,1,2023-10-09 20:12:25,akula
974,cen-ssd-02164,0,2023-10-09 20:12:27,akula
975,rus-ukr-04860,1,2023-10-09 20:12:30,akula
976,irn-irq-00570,0,2023-10-09 20:12:32,akula
977,taj-kyr-02208,0,2023-10-09 20:12:34,akula
978,chn-mon-03346,0,2023-10-09 20:12:35,akula
979,usa-can-13371,1,2023-10-09 20:12:37,akula
980,irn-tur-00266,1,2023-10-09 20:12:38,akula
981,eri-sud-01041,0,2023-10-09 20:12:42,akula
982,bra-frn-00458,0,2023-10-09 20:12:45,akula
983,uzb-kzk-03588,0,2023-10-09 20:12:48,akula
984,rus-fin-02062,1,2023-10-09 20:12:49,akula
985,gui-lbr-01027,0,2023-10-09 20:12:56,akula
986,mld-ukr-00832,1,2023-10-09 20:12:58,akula
987,chn-mon-12050,1,2023-10-09 20:13:03,akula
988,ins-etm-00172,1,2023-10-09 20:13:05,akula
989,eth-eri-01299,1,2023-10-09 20:13:07,akula
990,spn-por-03160,1,2023-10-09 20:13:09,akula
991,irn-irq-00760,1,2023-10-09 20:13:14,akula
992,sud-ssd-01088,0,2023-10-09 20:13:15,akula
993,nir-lib-00244,0,2023-10-09 20:13:17,akula
994,afg-pak-04715,0,2023-10-09 20:13:21,akula
995,rus-kzk-04869,0,2023-10-09 20:13:25,akula
996,est-lat-00072,1,2023-10-09 20:13:31,akula
997,chn-lao-00297,1,2023-10-09 20:13:33,akula
998,ken-som-01595,1,2023-10-09 20:13:37,akula
999,lao-drv-02161,1,2023-10-09 20:13:39,akula
1000,usa-can-17507,0,2023-10-09 22:09:58,irfan
1001,nth-bel-00388,0,2023-10-09 22:10:24,irfan
1002,nir-lib-00207,0,2023-10-09 22:10:28,irfan
1003,nir-cha-00701,0,2023-10-09 22:10:34,irfan
1004,usa-mex-03174,1,2023-10-09 22:10:41,irfan
1005,usa-can-18550,0,2023-10-09 22:10:43,irfan
1006,sau-kuw-00220,0,2023-10-09 22:10:50,irfan
1007,nir-nig-02644,0,2023-10-09 22:11:05,irfan
1008,rus-grg-00999,0,2023-10-09 22:11:20,irfan
1009,gab-con-00395,0,2023-10-09 22:11:24,irfan
1010,chl-arg-00712,1,2023-10-09 22:11:31,irfan
1011,sau-yem-01393,0,2023-10-09 22:11:36,irfan
1012,uzb-kzk-03486,0,2023-10-09 22:11:38,irfan
1013,spn-por-03160,1,2023-10-09 22:11:43,irfan
1014,taj-uzb-02512,0,2023-10-09 22:12:48,irfan
1015,cro-slv-01201,1,2023-10-09 22:12:56,irfan
1016,bra-arg-03444,0,2023-10-09 22:12:59,irfan
1017,mld-ukr-00832,1,2023-10-09 22:13:02,irfan
1018,arm-aze-00284,0,2023-10-09 22:14:49,irfan
1019,sau-yem-01585,1,2023-10-09 22:22:20,irfan
1020,mli-alg-01380,0,2023-10-09 22:22:22,irfan
1021,gua-sal-00091,1,2023-10-09 22:22:24,irfan
1022,taz-mzm-01484,1,2023-10-09 22:22:27,irfan
1023,irn-afg-02286,1,2023-10-09 22:22:41,irfan
1024,usa-mex-06680,1,2023-10-09 22:22:46,irfan
1025,chn-prk-02884,1,2023-10-09 22:23:06,irfan
1026,cdi-gui-00055,0,2023-10-09 22:23:08,irfan
1027,usa-can-18934,0,2023-10-09 22:23:10,irfan
1028,mal-ins-01656,0,2023-10-09 22:23:12,irfan
1029,arm-aze-03737,0,2023-10-09 22:23:14,irfan
1030,mli-nir-00778,0,2023-10-09 22:23:15,irfan
1031,col-per-02818,0,2023-10-09 22:23:17,irfan
1032,hun-slo-00510,0,2023-10-09 22:23:19,irfan
1033,gmy-czr-01014,0,2023-10-09 22:23:23,irfan
1034,uzb-kzk-01837,0,2023-10-09 22:23:27,irfan
1035,con-drc-03291,0,2023-10-09 22:23:38,irfan
1036,cen-drc-00867,0,2023-10-09 22:23:39,irfan
1037,rus-kzk-03912,0,2023-10-09 22:24:17,irfan
1038,gua-hon-00595,0,2023-10-09 22:24:19,irfan
1039,par-arg-01431,0,2023-10-09 22:24:21,irfan
1040,rus-ukr-05128,0,2023-10-09 22:24:25,irfan
1041,leb-isr-00198,1,2023-10-09 22:24:29,irfan
1042,cen-ssd-02164,0,2023-10-09 22:24:33,irfan
1043,usa-can-02433,0,2023-10-09 22:24:35,irfan
1044,cen-drc-00826,0,2023-10-09 22:24:44,irfan
1045,bra-frn-01010,0,2023-10-09 22:27:32,irfan
1046,irq-syr-00599,0,2023-10-09 22:27:37,irfan
1047,col-per-00351,0,2023-10-09 22:27:40,irfan
1048,rus-kzk-08223,1,2023-10-09 22:28:56,irfan
1049,zam-maw-00896,0,2023-10-09 22:28:59,irfan
1050,ind-nep-04886,0,2023-10-09 22:29:02,irfan
1051,rus-kzk-00823,1,2023-10-09 22:29:08,irfan
1052,par-arg-04510,0,2023-10-09 22:29:13,irfan
1053,mya-thi-03403,0,2023-10-09 22:29:16,irfan
1054,usa-can-09075,0,2023-10-09 22:30:17,irfan
1055,ken-som-01402,0,2023-10-09 22:30:20,irfan
1056,bol-arg-01210,0,2023-10-09 22:31:52,irfan
1057,nir-bfo-01364,0,2023-10-09 22:31:54,irfan
1058,mli-bfo-00697,0,2023-10-09 22:35:04,irfan
1059,rus-ukr-04423,0,2023-10-09 22:35:09,irfan
1060,gha-tog-00651,0,2023-10-09 22:35:11,irfan
1061,cha-sud-01450,0,2023-10-09 22:35:20,irfan
1062,czr-slo-00526,1,2023-10-09 22:35:45,irfan
1063,zim-bot-01419,1,2023-10-09 22:35:53,irfan
1064,est-lat-00072,0,2023-10-10 00:58:12,irfan
1065,mzm-zim-01436,0,2023-10-10 01:18:14,akula
1066,ang-nam-03243,1,2023-10-10 01:18:36,akula
1067,rus-ukr-00195,0,2023-10-10 01:18:47,akula
1068,sud-ssd-03452,0,2023-10-10 01:19:30,akula
1069,irq-sau-01620,1,2023-10-10 01:19:32,akula
1070,afg-taj-02086,1,2023-10-10 01:19:35,akula
1071,gha-tog-00544,1,2023-10-10 01:19:37,akula
1072,chn-mon-00978,0,2023-10-10 01:19:43,akula
1073,aus-hun-00431,1,2023-10-10 01:19:45,akula
1074,col-per-00670,0,2023-10-10 01:19:47,akula
1075,irn-irq-01651,1,2023-10-10 01:19:49,akula
1076,irq-sau-01834,1,2023-10-10 01:19:52,akula
1077,cen-drc-00867,0,2023-10-10 01:19:54,akula
1078,hun-rom-01030,0,2023-10-10 01:19:58,akula
1079,ind-pak-00583,0,2023-10-10 01:20:03,akula
1080,thi-cam-01407,0,2023-10-10 01:20:04,akula
1081,spn-por-02853,1,2023-10-10 01:20:07,akula
1082,czr-slo-00526,1,2023-10-10 01:20:41,akula
1083,mli-maa-03473,0,2023-10-10 01:20:44,akula
1084,tur-syr-02232,1,2023-10-10 01:20:46,akula
1085,chl-arg-03859,1,2023-10-10 01:20:50,akula
1086,ken-taz-00389,1,2023-10-10 01:20:54,akula
1087,fin-nor-01165,1,2023-10-10 01:21:10,akula
1088,taz-zam-00269,0,2023-10-10 01:21:32,akula
1089,usa-can-15206,0,2023-10-10 01:21:38,akula
1090,taz-mzm-00951,1,2023-10-10 01:21:40,akula
1091,bul-rom-00929,0,2023-10-10 01:21:44,akula
1092,usa-mex-00608,1,2023-10-10 01:21:47,akula
1093,swz-ita-01086,0,2023-10-10 01:21:51,akula
1094,bra-bol-04269,1,2023-10-10 01:21:54,akula
1095,sau-yem-01787,0,2023-10-10 01:21:55,akula
1096,afg-taj-02499,1,2023-10-10 01:22:00,akula
1097,ven-guy-01163,0,2023-10-10 01:22:02,akula
1098,taz-mzm-01484,1,2023-10-10 01:22:04,akula
1099,frn-spn-01221,0,2023-10-10 01:22:15,akula
1100,ind-bng-05593,1,2023-10-10 01:22:18,akula
1101,chl-arg-00716,1,2023-10-10 01:22:19,akula
1102,tur-syr-00298,1,2023-10-10 01:22:21,akula
1103,mli-maa-00256,1,2023-10-10 01:22:24,akula
1104,con-ang-00346,0,2023-10-10 01:22:25,akula
1105,rus-ukr-04423,0,2023-10-10 01:22:27,akula
1106,nir-lib-00370,0,2023-10-10 01:22:29,akula
1107,chl-arg-00936,0,2023-10-10 01:22:30,akula
1108,thi-mal-00711,1,2023-10-10 01:22:32,akula
1109,mli-cdi-00344,0,2023-10-10 01:22:35,akula
1110,bol-arg-00174,0,2023-10-10 01:22:37,akula
1111,bol-chl-00150,0,2023-10-10 01:22:38,akula
1112,cao-con-00875,0,2023-10-10 01:22:39,akula
1113,rus-kzk-02689,1,2023-10-10 01:22:41,akula
1114,mld-ukr-02493,1,2023-10-10 01:22:42,akula
1115,sud-ssd-03358,0,2023-10-10 01:22:44,akula
1116,chl-arg-06574,1,2023-10-10 01:22:48,akula
1117,per-bra-02354,0,2023-10-10 01:24:08,akula
1118,tkm-kzk-00131,0,2023-10-10 01:24:11,akula
1119,cao-nig-01441,1,2023-10-10 01:24:12,akula
1120,mal-ins-03426,0,2023-10-10 01:24:14,akula
1121,gab-con-03569,0,2023-10-10 01:24:16,akula
1122,cen-drc-01529,0,2023-10-10 01:24:17,akula
1123,cao-nig-01658,1,2023-10-10 01:24:22,akula
1124,irq-syr-00599,1,2023-10-10 01:25:10,akula
1125,rus-kzk-00091,1,2023-10-10 01:25:11,akula
1126,rus-ukr-03835,1,2023-10-10 01:25:25,akula
1127,lao-drv-02724,0,2023-10-10 01:25:27,akula
1128,ken-taz-00760,1,2023-10-10 01:25:30,akula
1129,ind-pak-00751,1,2023-10-10 01:25:33,akula
1130,chn-prk-02744,0,2023-10-10 01:25:34,akula
1131,zim-saf-00313,0,2023-10-10 01:25:37,akula
1132,pol-czr-00816,1,2023-10-10 01:25:39,akula
1133,gha-tog-00172,1,2023-10-10 01:25:49,akula
1134,chn-mon-01044,0,2023-10-10 01:26:02,akula
1135,mzm-zim-02068,1,2023-10-10 01:26:04,akula
1136,ita-snm-00001,1,2023-10-10 01:26:09,akula
1137,tur-syr-00187,1,2023-10-10 01:26:11,akula
1138,bra-bol-08244,0,2023-10-10 01:26:13,akula
1139,drc-ang-00174,0,2023-10-10 01:26:15,akula
1140,drc-rwa-00028,0,2023-10-10 01:26:17,akula
1141,swz-gmy-00788,1,2023-10-10 01:26:23,akula
1142,cdi-gui-01265,1,2023-10-10 01:26:46,akula
1143,lat-blr-00313,1,2023-10-10 01:26:49,akula
1144,mli-alg-01380,1,2023-10-10 01:26:53,akula
1145,cro-slv-00218,1,2023-10-10 01:26:55,akula
1146,jor-isr-00830,1,2023-10-10 01:27:01,akula
1147,zam-maw-01497,0,2023-10-10 01:27:03,akula
1148,chl-arg-09069,0,2023-10-10 01:27:05,akula
1149,thi-lao-02846,1,2023-10-10 01:27:08,akula
1150,frn-spn-00572,0,2023-10-10 01:27:12,akula
1151,par-arg-04510,0,2023-10-10 01:27:14,akula
1152,drc-ssd-00361,0,2023-10-10 01:27:15,akula
1153,chl-arg-11068,0,2023-10-10 01:27:17,akula
1154,taj-kyr-01056,1,2023-10-10 01:27:19,akula
1155,mld-ukr-01460,0,2023-10-10 01:27:21,akula
1156,hon-nic-00038,0,2023-10-10 01:27:23,akula
1157,bra-bol-06073,1,2023-10-10 01:27:29,akula
1158,taz-rwa-00358,0,2023-10-10 01:27:30,akula
1159,chl-arg-13223,0,2023-10-10 01:27:32,akula
1160,mal-ins-01656,0,2023-10-10 01:27:36,akula
1161,rus-mon-07619,0,2023-10-10 01:27:42,akula
1162,ken-taz-01149,0,2023-10-10 01:27:48,akula
1163,bol-chl-01307,0,2023-10-10 01:27:51,akula
1164,ang-zam-00124,0,2023-10-10 01:27:53,akula
1165,rus-ukr-02517,1,2023-10-10 01:28:00,akula
1166,chl-arg-01761,1,2023-10-10 01:28:07,akula
1167,col-per-02190,0,2023-10-10 01:28:09,akula
1168,cam-lao-01099,0,2023-10-10 01:28:12,akula
1169,taj-kyr-00546,0,2023-10-10 01:28:17,akula
1170,sud-ssd-00119,1,2023-10-10 01:28:24,akula
1171,uzb-kzk-02693,0,2023-10-10 01:28:27,akula
1172,usa-mex-01959,1,2023-10-10 01:28:58,akula
1173,cao-cha-01919,0,2023-10-10 01:29:02,akula
1174,nir-lib-00843,0,2023-10-10 01:29:04,akula
1175,chn-mon-01863,0,2023-10-10 01:29:06,akula
1176,rus-ukr-02976,1,2023-10-10 01:29:09,akula
1177,ken-taz-01196,0,2023-10-10 01:29:11,akula
1178,kyr-chn-01241,1,2023-10-10 01:29:14,akula
1179,uzb-kzk-02686,0,2023-10-10 01:29:25,akula
1180,est-lat-00142,1,2023-10-10 01:29:27,akula
1181,aus-ita-00021,0,2023-10-10 01:29:38,akula
1182,uae-oma-00167,1,2023-10-10 01:29:42,akula
1183,usa-can-01311,1,2023-10-10 01:29:43,akula
1184,bul-tur-00170,1,2023-10-10 01:29:49,akula
1185,alb-grc-00438,0,2023-10-10 01:29:57,akula
1186,cao-cha-01769,0,2023-10-10 01:29:59,akula
1187,swd-nor-03137,0,2023-10-10 01:30:21,akula
1188,irn-irq-02657,1,2023-10-10 01:30:25,akula
1189,bol-par-00650,1,2023-10-10 01:30:28,akula
1190,cam-drv-00946,1,2023-10-10 01:30:29,akula
1191,lat-lit-00428,1,2023-10-10 01:30:31,akula
1192,lat-lit-00603,1,2023-10-10 01:30:32,akula
1193,ang-zam-01565,1,2023-10-10 01:30:34,akula
1194,mzm-saf-01057,0,2023-10-10 01:30:37,akula
1195,cro-yug-00436,1,2023-10-10 01:30:38,akula
1196,lat-lit-00625,1,2023-10-10 01:30:40,akula
1197,ind-nep-00529,1,2023-10-10 01:30:42,akula
1198,gmy-aus-00338,1,2023-10-10 01:30:45,akula
1199,pan-col-00477,0,2023-10-10 01:30:47,akula
1200,sau-yem-01074,0,2023-10-10 01:30:49,akula
1201,mli-cdi-01300,1,2023-10-10 01:30:54,akula
1202,mli-maa-01810,0,2023-10-10 01:30:56,akula
1203,mli-bfo-00697,1,2023-10-10 01:31:00,akula
1204,cao-nig-02012,0,2023-10-10 01:31:03,akula
1205,bra-frn-01010,1,2023-10-10 01:31:06,akula
1206,mli-alg-02976,0,2023-10-10 01:31:07,akula
1207,chl-arg-05014,0,2023-10-10 01:31:35,akula
1208,mli-nir-01989,0,2023-10-10 01:31:37,akula
1209,leb-isr-00094,1,2023-10-10 01:31:39,akula
1210,aus-ita-00689,0,2023-10-10 01:31:41,akula
1211,ind-bng-02377,1,2023-10-10 01:31:42,akula
1212,rus-ukr-02534,1,2023-10-10 01:31:45,akula
1213,leb-isr-00198,1,2023-10-10 01:31:47,akula
1214,ukr-blr-02281,1,2023-10-10 01:39:29,irfan
1215,sur-bra-00720,0,2023-10-10 01:39:31,irfan
1216,rus-fin-02062,1,2023-10-10 01:44:48,irfan
1217,chl-arg-00712,1,2023-10-13 21:38:26,Skyler
1218,cro-yug-00436,1,2023-10-15 20:20:53,ellor
1219,mor-alg-01318,1,2023-10-15 20:20:55,ellor
1220,rus-ukr-02534,1,2023-10-15 20:20:57,ellor
1221,rus-ukr-05128,0,2023-10-15 20:21:01,ellor
1222,sud-ssd-01312,0,2023-10-15 20:21:05,ellor
1223,swz-ita-01086,1,2023-10-15 20:21:15,ellor
1224,gua-hon-00595,1,2023-10-15 20:21:20,ellor
1225,kyr-kzk-01321,1,2023-10-15 20:21:22,ellor
1226,usa-can-09114,1,2023-10-15 20:21:23,ellor
1227,kzk-chn-01561,1,2023-10-15 20:21:26,ellor
1228,usa-can-02470,1,2023-10-15 20:21:27,ellor
1229,jor-isr-00830,1,2023-10-15 20:21:31,ellor
1230,alg-lib-02249,0,2023-10-15 20:21:34,ellor
1231,drc-taz-00872,0,2023-10-15 20:21:36,ellor
1232,usa-can-11284,1,2023-10-15 20:21:38,ellor
1233,taz-rwa-00460,1,2023-10-15 20:21:40,ellor
1234,rus-fin-01565,1,2023-10-15 20:21:43,ellor
1235,irn-tkm-02216,1,2023-10-15 20:21:45,ellor
1236,rus-kzk-15093,1,2023-10-15 20:21:47,ellor
1237,bol-par-00650,1,2023-10-15 20:21:49,ellor
1238,spn-por-02010,1,2023-10-15 20:21:50,ellor
1239,sud-ssd-03020,1,2023-10-15 20:21:53,ellor
1240,gnb-gui-00095,0,2023-10-15 20:21:56,ellor
1241,ind-nep-01289,0,2023-10-15 20:21:58,ellor
1242,pol-ukr-00440,1,2023-10-15 20:22:00,ellor
1243,sud-ssd-00381,1,2023-10-15 20:22:07,ellor
1244,mli-bfo-01946,1,2023-10-15 20:22:09,ellor
1245,chn-ind-09566,1,2023-10-15 20:22:11,ellor
1246,som-eth-01003,0,2023-10-15 20:22:15,ellor
1247,par-arg-00143,1,2023-10-15 20:22:17,ellor
1248,taj-kyr-00546,0,2023-10-15 20:22:25,ellor
1249,czr-slo-00087,1,2023-10-15 20:22:30,ellor
1250,per-bol-01990,1,2023-10-15 20:22:32,ellor
1251,chn-mon-00978,1,2023-10-15 20:22:34,ellor
1252,par-arg-00507,1,2023-10-15 20:22:36,ellor
1253,rus-mon-01716,1,2023-10-15 20:22:37,ellor
1254,cao-nig-02137,1,2023-10-15 20:22:40,ellor
1255,rus-ukr-02976,1,2023-10-15 20:22:43,ellor
1256,usa-mex-02318,1,2023-10-15 20:22:44,ellor
1257,drc-ssd-00582,0,2023-10-15 20:22:47,ellor
1258,aus-czr-00103,1,2023-10-15 20:22:49,ellor
1259,chn-mya-03734,1,2023-10-15 20:22:51,ellor
1260,rus-fin-03059,1,2023-10-15 20:22:52,ellor
1261,rus-chn-03174,1,2023-10-15 20:22:55,ellor
1262,ins-png-00667,0,2023-10-15 20:22:58,ellor
1263,mli-maa-04733,0,2023-10-15 20:23:00,ellor
1264,mli-alg-03145,0,2023-10-15 20:23:02,ellor
1265,irn-afg-00211,1,2023-10-15 20:23:05,ellor
1266,cen-drc-04126,1,2023-10-15 20:23:09,ellor
1267,rus-kzk-06498,1,2023-10-15 20:23:12,ellor
1268,chn-prk-00219,1,2023-10-15 20:23:14,ellor
1269,uzb-kzk-03850,1,2023-10-15 20:23:16,ellor
1270,ken-taz-01196,0,2023-10-15 20:23:19,ellor
1271,swz-ita-01354,1,2023-10-15 20:23:21,ellor
1272,rus-kzk-04869,0,2023-10-15 20:23:23,ellor
1273,usa-can-14757,1,2023-10-15 20:23:25,ellor
1274,col-per-02315,0,2023-10-15 20:23:27,ellor
1275,rus-ukr-04185,1,2023-10-15 20:23:29,ellor
1276,frn-spn-00773,1,2023-10-15 20:23:34,ellor
1277,ben-nig-01033,1,2023-10-15 20:23:45,ellor
1278,maa-mor-03829,0,2023-10-15 20:23:49,ellor
1279,eri-sud-01041,1,2023-10-15 20:23:54,ellor
1280,chn-drv-01338,0,2023-10-15 20:23:58,ellor
1281,rus-lit-00275,1,2023-10-15 20:24:00,ellor
1282,chn-ind-09485,0,2023-10-15 20:24:03,ellor
1283,kzk-chn-00317,1,2023-10-15 20:24:05,ellor
1284,ind-bng-02032,1,2023-10-15 20:24:07,ellor
1285,bra-arg-02040,0,2023-10-15 20:24:09,ellor
1286,mor-alg-02152,1,2023-10-15 20:24:10,ellor
1287,chn-nep-01880,1,2023-10-15 20:24:15,ellor
1288,tur-syr-02048,1,2023-10-15 20:24:17,ellor
1289,tur-syr-01748,1,2023-10-15 20:24:19,ellor
1290,tkm-uzb-00618,0,2023-10-15 20:24:21,ellor
1291,arg-uru-00892,0,2023-10-15 20:24:24,ellor
1292,chn-drv-00346,1,2023-10-15 20:24:26,ellor
1293,sud-ssd-03452,0,2023-10-15 20:24:31,ellor
1294,cos-pan-00490,1,2023-10-15 20:24:33,ellor
1295,mli-maa-05067,1,2023-10-15 20:24:35,ellor
1296,chl-arg-11068,1,2023-10-15 20:24:48,ellor
1297,par-arg-03530,1,2023-10-15 20:25:59,ellor
1298,mli-nir-00063,0,2023-10-15 20:26:02,ellor
1299,cha-lib-00245,0,2023-10-15 20:26:06,ellor
1300,irq-syr-00599,1,2023-10-15 20:26:12,ellor
1301,pol-czr-00816,1,2023-10-15 20:26:14,ellor
1302,arg-uru-01316,0,2023-10-15 20:26:17,ellor
1303,cha-sud-00738,0,2023-10-15 20:26:40,ellor
1304,bul-tur-00170,1,2023-10-15 20:26:43,ellor
1305,ven-bra-02359,0,2023-10-15 20:26:51,ellor
1306,lib-egy-02373,1,2023-10-15 20:26:54,ellor
1307,taz-bui-00551,1,2023-10-15 20:26:56,ellor
1308,drc-zam-04914,1,2023-10-15 20:27:00,ellor
1309,chl-arg-05773,1,2023-10-15 20:27:03,ellor
1310,mli-bfo-02669,1,2023-10-15 20:27:29,ellor
1311,swz-gmy-00788,1,2023-10-15 20:27:32,ellor
1312,irn-irq-00261,1,2023-10-15 20:27:41,ellor
1313,ukr-blr-02281,1,2023-10-15 20:27:48,ellor
1314,chn-mon-02717,0,2023-10-15 20:27:54,ellor
1315,chl-arg-00194,1,2023-10-15 20:27:58,ellor
1316,par-arg-04785,0,2023-10-15 20:28:00,ellor
1317,mng-bos-00339,1,2023-10-15 20:28:02,ellor
1318,afg-tkm-01526,1,2023-10-15 20:28:05,ellor
1319,bra-bol-02054,1,2023-10-15 20:28:06,ellor
1320,chn-mon-01044,0,2023-10-15 20:28:09,ellor
1321,spn-por-02166,1,2023-10-15 20:28:10,ellor
1322,mac-grc-00692,1,2023-10-15 20:28:17,ellor
1323,mal-ins-01178,0,2023-10-15 20:28:19,ellor
1324,alg-lib-01755,1,2023-10-15 20:28:24,ellor
1325,drc-zam-04924,0,2023-10-15 20:28:40,ellor
1326,zam-maw-01905,0,2023-10-15 20:28:45,ellor
1327,frn-ita-00604,1,2023-10-15 20:28:49,ellor
1328,mal-ins-03426,0,2023-10-15 20:28:52,ellor
1329,ind-nep-04606,1,2023-10-15 20:28:55,ellor
1330,tur-syr-01853,1,2023-10-15 20:28:56,ellor
1331,sur-bra-00720,0,2023-10-15 20:28:59,ellor
1332,frn-ita-00168,1,2023-10-15 20:29:02,ellor
1333,gui-sie-00592,0,2023-10-15 20:29:06,ellor
1334,ven-guy-00334,1,2023-10-15 20:29:11,ellor
1335,col-ven-01701,0,2023-10-15 20:29:16,ellor
1336,tur-syr-02203,1,2023-10-15 20:29:24,ellor
1337,mzm-zim-02419,1,2023-10-15 20:29:53,ellor
1338,ind-nep-02553,0,2023-10-15 20:30:27,ellor
1339,rus-fin-02107,1,2023-10-15 20:30:40,ellor
1340,taj-uzb-01068,1,2023-10-15 20:30:44,ellor
1341,hun-yug-00180,1,2023-10-15 20:30:46,ellor
1342,pol-blr-00099,1,2023-10-15 20:31:09,ellor
1343,ben-nir-00188,1,2023-10-15 20:31:12,ellor
1344,kyr-kzk-02583,1,2023-10-15 20:31:13,ellor
1345,thi-lao-00234,1,2023-10-15 20:31:16,ellor
1346,mli-cdi-01300,1,2023-10-15 20:31:19,ellor
1347,chl-arg-00716,1,2023-10-15 20:31:20,ellor
1348,thi-lao-00624,1,2023-10-15 20:31:23,ellor
1349,chl-arg-05014,1,2023-10-15 20:31:27,ellor
1350,mli-maa-00256,1,2023-10-15 20:31:29,ellor
1351,rus-chn-07261,1,2023-10-15 20:31:32,ellor
1352,usa-mex-04112,1,2023-10-15 20:31:40,ellor
1353,sau-oma-01286,0,2023-10-15 20:31:43,ellor
1354,nir-nig-00920,1,2023-10-15 20:31:47,ellor
1355,mya-thi-04023,0,2023-10-15 20:31:49,ellor
1356,cao-nig-01441,1,2023-10-15 20:31:51,ellor
1357,bol-par-01663,1,2023-10-15 20:31:53,ellor
1358,sud-egy-00359,1,2023-10-15 20:31:56,ellor
1359,hon-nic-02390,0,2023-10-15 20:31:58,ellor
1360,swd-nor-01179,0,2023-10-15 20:32:01,ellor
1361,zam-maw-01856,1,2023-10-15 20:32:08,ellor
1362,cen-drc-01635,0,2023-10-15 20:32:11,ellor
1363,chn-ind-01772,1,2023-10-15 20:32:16,ellor
1364,bra-bol-07575,1,2023-10-15 20:32:19,ellor
1365,frn-spn-00417,1,2023-10-15 20:32:21,ellor
1366,drc-bui-00397,1,2023-10-15 20:32:24,ellor
1367,bol-chl-01402,0,2023-10-15 20:32:27,ellor
1368,swz-ita-00151,1,2023-10-15 20:32:29,ellor
1369,drc-ang-00765,1,2023-10-15 20:32:43,ellor
1370,pol-blr-00864,1,2023-10-15 20:32:46,ellor
1371,ken-som-00595,0,2023-10-15 20:32:49,ellor
1372,eth-eri-01449,1,2023-10-15 20:32:51,ellor
1373,con-drc-01453,0,2023-10-15 20:32:54,ellor
1374,cao-con-00875,0,2023-10-15 20:32:56,ellor
1375,zam-maw-01814,0,2023-10-15 20:32:59,ellor
1376,sud-egy-03759,0,2023-10-15 20:33:01,ellor
1377,rus-kzk-02135,1,2023-10-15 20:33:04,ellor
1378,eth-eri-01565,1,2023-10-15 20:33:06,ellor
1379,bol-chl-00150,1,2023-10-15 20:33:09,ellor
1380,gab-con-03569,0,2023-10-15 20:33:11,ellor
1381,chl-arg-09069,0,2023-10-15 20:33:18,ellor
1382,ind-nep-00398,1,2023-10-15 20:33:20,ellor
1383,zim-bot-01419,1,2023-10-15 20:33:22,ellor
1384,rus-kzk-11218,0,2023-10-15 20:33:25,ellor
1385,chn-ind-06862,1,2023-10-15 20:33:29,ellor
1386,chl-arg-08731,1,2023-10-15 20:33:31,ellor
1387,chn-ind-00838,0,2023-10-15 20:33:34,ellor
1388,gha-tog-00651,1,2023-10-15 20:33:37,ellor
1389,ken-som-01308,0,2023-10-15 20:33:40,ellor
1390,mli-gui-00416,1,2023-10-15 20:33:43,ellor
1391,aze-irn-00634,1,2023-10-15 20:33:45,ellor
1392,rus-kzk-14385,1,2023-10-15 20:33:47,ellor
1393,chl-arg-01777,1,2023-10-15 20:33:49,ellor
1394,zam-nam-00394,1,2023-10-15 20:33:52,ellor
1395,mld-ukr-01272,1,2023-10-15 20:33:54,ellor
1396,irn-irq-00760,1,2023-10-15 20:33:56,ellor
1397,ven-bra-02589,0,2023-10-15 20:34:00,ellor
1398,rus-kzk-09168,1,2023-10-15 20:34:01,ellor
1399,mli-gui-01635,1,2023-10-15 20:34:05,ellor
1400,mli-alg-02976,0,2023-10-15 20:34:08,ellor
1401,tkm-uzb-04042,1,2023-10-15 20:34:10,ellor
1402,chl-arg-00914,1,2023-10-15 20:34:12,ellor
1403,col-ven-01036,0,2023-10-15 20:34:16,ellor
1404,drc-ang-00174,0,2023-10-15 20:34:18,ellor
1405,drc-ssd-00361,0,2023-10-15 20:34:20,ellor
1406,par-arg-02402,0,2023-10-15 20:34:22,ellor
1407,per-bra-00102,1,2023-10-15 20:34:24,ellor
1408,rus-ukr-04423,0,2023-10-15 20:34:29,ellor
1409,drc-zam-00402,0,2023-10-15 20:34:33,ellor
1410,cha-lib-02702,0,2023-10-15 20:34:35,ellor
1411,sur-bra-00914,0,2023-10-15 20:34:37,ellor
1412,ind-mya-03249,1,2023-10-15 20:34:38,ellor
1413,chn-pak-00631,1,2023-10-15 20:34:40,ellor
1414,chl-arg-03859,1,2023-10-15 20:34:42,ellor
1415,lat-lit-00625,1,2023-10-15 20:34:44,ellor
1416,gmy-aus-00338,1,2023-10-15 20:34:47,ellor
1417,eth-eri-00926,1,2023-10-15 20:34:50,ellor
1418,par-arg-04767,1,2023-10-15 20:34:52,ellor
1419,nic-cos-00242,1,2023-10-15 20:34:55,ellor
1420,sud-ssd-03358,1,2023-10-15 20:35:05,ellor
1421,chn-mya-02190,1,2023-10-15 20:35:07,ellor
1422,kzk-chn-02257,1,2023-10-15 20:35:08,ellor
1423,chl-arg-00936,0,2023-10-15 20:35:11,ellor
1424,bra-uru-01898,1,2023-10-15 20:35:13,ellor
1425,pan-col-00627,0,2023-10-15 20:35:15,ellor
1426,ind-mya-03498,1,2023-10-15 20:35:17,ellor
1427,ken-taz-00370,1,2023-10-15 20:35:21,ellor
1428,alb-grc-00438,1,2023-10-15 20:35:26,ellor
1429,bra-bol-02122,1,2023-10-15 20:35:29,ellor
1430,pan-col-00477,0,2023-10-15 20:35:31,ellor
1431,tur-syr-02232,1,2023-10-15 20:35:34,ellor
1432,cro-slv-00218,1,2023-10-15 20:35:35,ellor
1433,leb-isr-00198,1,2023-10-15 20:35:37,ellor
1434,drc-zam-02173,1,2023-10-15 20:35:40,ellor
1435,rus-kzk-05796,1,2023-10-15 20:35:41,ellor
1436,ecu-per-00927,1,2023-10-15 20:35:44,ellor
1437,thi-cam-01407,0,2023-10-15 20:35:46,ellor
1438,col-per-02333,1,2023-10-15 20:35:49,ellor
1439,ind-pak-03572,1,2023-10-15 20:35:51,ellor
1440,cam-drv-02454,1,2023-10-15 20:35:53,ellor
1441,lao-drv-03915,1,2023-10-15 20:35:54,ellor
1442,zim-saf-00093,1,2023-10-15 20:35:58,ellor
1443,chl-arg-11840,0,2023-10-15 20:36:01,ellor
1444,gmy-pol-01041,1,2023-10-15 20:36:03,ellor
1445,swd-nor-03294,0,2023-10-15 20:36:06,ellor
1446,chn-ind-09590,0,2023-10-15 20:36:16,ellor
1447,chn-mon-02146,1,2023-10-15 20:36:19,ellor
1448,arg-uru-01377,0,2023-10-15 20:36:21,ellor
1449,dji-eri-00249,0,2023-10-15 20:36:22,ellor
1450,usa-can-10584,1,2023-10-15 20:36:25,ellor
1451,ind-pak-00583,1,2023-10-15 20:36:27,ellor
1452,usa-can-13371,1,2023-10-15 20:36:28,ellor
1453,ind-pak-06417,1,2023-10-15 20:36:31,ellor
1454,usa-mex-04556,1,2023-10-15 20:36:32,ellor
1455,rus-chn-04471,0,2023-10-15 20:36:35,ellor
1456,rom-ukr-00375,1,2023-10-15 20:36:37,ellor
1457,taj-uzb-02512,1,2023-10-15 20:36:39,ellor
1458,afg-tkm-01504,1,2023-10-15 20:36:41,ellor
1459,lao-drv-04797,1,2023-10-15 20:36:43,ellor
1460,sau-yem-01074,0,2023-10-15 20:36:47,ellor
1461,jor-sau-01025,1,2023-10-15 20:36:52,ellor
1462,bra-bol-08244,0,2023-10-15 20:36:54,ellor
1463,gui-sie-00164,1,2023-10-15 20:36:55,ellor
1464,per-chl-00349,0,2023-10-15 20:36:58,ellor
1465,irn-irq-01651,1,2023-10-15 20:37:01,ellor
1466,uzb-kzk-02686,1,2023-10-15 20:37:05,ellor
1467,per-bra-04105,1,2023-10-15 20:37:07,ellor
1468,saf-bot-00265,1,2023-10-15 20:37:08,ellor
1469,ang-zam-01397,0,2023-10-15 20:37:11,ellor
1470,ken-som-01402,1,2023-10-15 20:37:13,ellor
1471,mli-cdi-00344,0,2023-10-15 20:37:15,ellor
1472,mld-rom-00704,1,2023-10-15 20:37:16,ellor
1473,ind-pak-08038,0,2023-10-15 20:37:19,ellor
1474,chn-lao-00003,1,2023-10-15 20:37:24,ellor
1475,drc-ang-04423,1,2023-10-15 20:37:26,ellor
1476,mzm-zim-01587,1,2023-10-15 20:37:28,ellor
1477,rus-lat-00424,1,2023-10-15 20:37:31,ellor
1478,par-arg-03690,0,2023-10-15 20:37:33,ellor
1479,hon-nic-00508,1,2023-10-15 20:37:34,ellor
1480,irq-sau-01237,1,2023-10-15 20:37:37,ellor
1481,par-arg-01042,0,2023-10-15 20:37:39,ellor
1482,irq-sau-00671,1,2023-10-15 20:37:42,ellor
1483,ind-bng-05502,1,2023-10-15 20:37:44,ellor
1484,ang-nam-03238,1,2023-10-15 20:37:46,ellor
1485,hon-nic-02184,1,2023-10-15 20:37:48,ellor
1486,per-bra-03689,1,2023-10-15 20:37:51,ellor
1487,nir-alg-01163,0,2023-10-15 20:37:53,ellor
1488,drc-ang-04354,0,2023-10-15 20:37:56,ellor
1489,rus-grg-00999,1,2023-10-15 20:37:58,ellor
1490,rus-mon-06094,1,2023-10-15 20:38:00,ellor
1491,saf-bot-00335,1,2023-10-15 20:38:02,ellor
1492,mzm-zim-02537,0,2023-10-15 20:38:07,ellor
1493,mli-maa-01884,0,2023-10-15 20:38:09,ellor
1494,cam-drv-00497,0,2023-10-15 20:38:12,ellor
1495,ind-bng-00204,1,2023-10-15 20:38:15,ellor
1496,usa-can-05781,0,2023-10-15 20:38:17,ellor
1497,rus-kzk-03912,1,2023-10-15 20:38:19,ellor
1498,pol-ukr-00881,0,2023-10-15 20:38:21,ellor
1499,usa-can-01311,1,2023-10-15 20:38:24,ellor
1500,nir-lib-00207,0,2023-10-15 20:38:26,ellor
1501,sud-egy-00670,0,2023-10-15 20:38:29,ellor
1502,gnb-gui-00392,1,2023-10-15 20:38:32,ellor
1503,rus-kzk-07482,1,2023-10-15 20:38:34,ellor
1504,nir-nig-01826,1,2023-10-15 20:38:35,ellor
1505,rus-ukr-02827,1,2023-10-15 20:38:38,ellor
1506,gha-tog-01187,0,2023-10-15 20:38:41,ellor
1507,ecu-per-02980,1,2023-10-15 20:38:43,ellor
1508,cha-sud-02997,1,2023-10-15 20:38:45,ellor
1509,mzm-zim-01116,0,2023-10-15 20:38:50,ellor
1510,lux-gmy-00297,1,2023-10-15 20:38:52,ellor
1511,mli-nir-02005,1,2023-10-15 20:38:55,ellor
1512,irq-sau-01620,1,2023-10-15 20:38:57,ellor
1513,sur-frn-00700,1,2023-10-15 20:38:58,ellor
1514,nir-cha-00701,0,2023-10-16 16:48:27,fruhman
1515,taz-mzm-01484,1,2023-10-16 16:48:42,fruhman
1516,bol-chl-02134,1,2023-10-16 16:48:58,fruhman
1517,rus-lat-00424,1,2023-10-16 16:49:11,fruhman
1518,usa-can-01311,1,2023-10-16 16:49:19,fruhman
1519,ven-bra-00044,0,2023-10-16 16:49:32,fruhman
1520,taz-zam-00269,0,2023-10-16 16:49:37,fruhman
1521,arm-aze-01299,1,2023-10-16 16:49:53,fruhman
1522,usa-can-07527,0,2023-10-16 16:49:59,fruhman
1523,con-drc-01453,0,2023-10-16 16:50:07,fruhman
1524,col-ecu-00452,1,2023-10-16 16:50:14,fruhman
1525,bra-arg-00100,0,2023-10-16 16:50:24,fruhman
1526,cao-nig-01658,1,2023-10-16 16:50:29,fruhman
1527,mzm-maw-02332,1,2023-10-16 16:50:36,fruhman
1528,taz-bui-00260,1,2023-10-16 16:50:42,fruhman
1529,nir-nig-01561,1,2023-10-16 16:50:57,fruhman
1530,mli-maa-04733,0,2023-10-16 16:51:00,fruhman
1531,rus-chn-04471,1,2023-10-16 16:51:02,fruhman
1532,rus-lat-00529,1,2023-10-16 16:51:16,fruhman
1533,col-per-01528,0,2023-10-16 16:51:26,fruhman
1534,rus-ukr-02602,1,2023-10-16 16:51:33,fruhman
1535,afg-pak-03492,0,2023-10-16 16:51:43,fruhman
1536,maa-mor-00555,0,2023-10-16 16:51:48,fruhman
1537,arm-irn-00015,1,2023-10-16 16:51:51,fruhman
1538,rus-kzk-14385,1,2023-10-16 16:51:52,fruhman
1539,alg-tun-00503,1,2023-10-16 16:51:54,fruhman
1540,ukr-blr-00380,1,2023-10-16 16:51:57,fruhman
1541,bra-par-01496,1,2023-10-16 16:51:59,fruhman
1542,ind-pak-07586,0,2023-10-16 16:52:06,fruhman
1543,uzb-kzk-03588,1,2023-10-16 16:52:14,fruhman
1544,tun-lib-00357,1,2023-10-16 16:52:18,fruhman
1545,cen-cha-01034,0,2023-10-16 16:52:29,fruhman
1546,alg-tun-02087,1,2023-10-16 16:52:32,fruhman
1547,grc-tur-00054,1,2023-10-16 16:52:43,fruhman
1548,nir-lib-00370,0,2023-10-16 16:52:51,fruhman
1549,spn-por-02853,1,2023-10-16 16:52:54,fruhman
1550,ind-nep-02627,0,2023-10-16 16:53:05,fruhman
1551,mli-cdi-01300,1,2023-10-16 16:53:14,fruhman
1552,rus-fin-03059,1,2023-10-16 16:53:16,fruhman
1553,cha-lib-02702,0,2023-10-16 16:53:23,fruhman
1554,chn-mon-00978,1,2023-10-16 16:53:31,fruhman
1555,mli-sen-00915,1,2023-10-16 16:53:55,fruhman
1556,ang-zam-02149,0,2023-10-16 16:54:01,fruhman
1557,som-eth-01003,1,2023-10-16 16:54:13,fruhman
1558,bfo-gha-00782,1,2023-10-16 16:54:19,fruhman
1559,ken-eth-01194,1,2023-10-16 16:54:22,fruhman
1560,bel-frn-01383,1,2023-10-16 16:54:30,fruhman
1561,uae-oma-00543,1,2023-10-16 16:54:32,fruhman
1562,ven-guy-01702,0,2023-10-16 16:54:39,fruhman
1563,aus-czr-00103,1,2023-10-16 16:54:44,fruhman
1564,usa-can-05781,0,2023-10-16 16:54:49,fruhman
1565,ken-som-00595,1,2023-10-16 16:54:55,fruhman
1566,mex-gua-01508,1,2023-10-16 16:55:02,fruhman
1567,bol-par-00650,1,2023-10-16 16:55:04,fruhman
1568,thi-lao-02846,1,2023-10-16 16:55:06,fruhman
1569,par-arg-00143,1,2023-10-16 16:55:10,fruhman
1570,chn-mya-02190,1,2023-10-16 16:55:19,fruhman
1571,thi-lao-00712,1,2023-10-16 16:55:20,fruhman
1572,chn-drv-01750,1,2023-10-16 16:55:24,fruhman
1573,nir-nig-03246,1,2023-10-16 16:55:30,fruhman
1574,lib-egy-02373,1,2023-10-16 16:55:36,fruhman
1575,cam-drv-02102,1,2023-10-16 16:55:40,fruhman
1576,drc-zam-02173,1,2023-10-16 16:55:44,fruhman
1577,cdi-gui-00055,0,2023-10-16 16:55:51,fruhman
1578,cro-slv-00218,1,2023-10-16 16:55:55,fruhman
1579,chl-arg-00914,1,2023-10-16 16:56:38,fruhman
1580,mzm-zim-01587,1,2023-10-16 16:56:40,fruhman
1581,sen-maa-01153,1,2023-10-16 16:56:41,fruhman
1582,uzb-kzk-00538,1,2023-10-16 16:56:44,fruhman
1583,col-ven-01087,1,2023-10-16 16:56:48,fruhman
1584,irn-afg-00211,1,2023-10-16 16:56:50,fruhman
1585,ven-bra-00547,0,2023-10-16 16:56:55,fruhman
1586,frn-spn-00676,1,2023-10-16 16:56:58,fruhman
1587,taj-kyr-01056,1,2023-10-16 16:57:10,fruhman
1588,som-eth-02868,1,2023-10-16 16:57:14,fruhman
1589,rus-chn-05409,0,2023-10-16 16:57:19,fruhman
1590,usa-can-06120,0,2023-10-16 16:57:27,fruhman
1591,jor-isr-00834,1,2023-10-16 16:57:30,fruhman
1592,arm-aze-03815,1,2023-10-16 16:57:40,fruhman
1593,mal-ins-00298,0,2023-10-16 16:58:06,fruhman
1594,alb-kos-00244,1,2023-10-16 16:58:14,fruhman
1595,tkm-uzb-00618,0,2023-10-16 16:58:18,fruhman
1596,chn-pak-00631,1,2023-10-16 16:58:23,fruhman
1597,uae-oma-00167,1,2023-10-16 16:58:28,fruhman
1598,con-ang-00346,0,2023-10-16 16:58:52,fruhman
1599,nic-cos-00129,0,2023-10-16 16:58:55,fruhman
1600,mli-nir-01757,0,2023-10-16 16:59:00,fruhman
1601,dji-eri-00249,0,2023-10-16 16:59:07,fruhman
1602,drc-ang-00765,1,2023-10-16 16:59:10,fruhman
1603,chn-mya-02870,1,2023-10-16 16:59:25,fruhman
1604,bra-arg-01049,1,2023-10-16 16:59:32,fruhman
1605,afg-pak-00028,1,2023-10-16 16:59:37,fruhman
1606,mal-ins-01656,0,2023-10-16 16:59:47,fruhman
1607,rus-ukr-03078,1,2023-10-16 16:59:49,fruhman
1608,swz-gmy-00088,0,2023-10-16 16:59:54,fruhman
1609,mal-ins-02683,0,2023-10-16 16:59:58,fruhman
1610,rus-ukr-02768,1,2023-10-16 17:00:04,fruhman
1611,rus-chn-05516,0,2023-10-16 17:00:07,fruhman
1612,ind-bng-05593,1,2023-10-16 17:00:09,fruhman
1613,dji-eth-00063,0,2023-10-16 17:00:15,fruhman
1614,yug-rom-00743,1,2023-10-16 17:00:23,fruhman
1615,chn-ind-00838,0,2023-10-16 17:00:33,fruhman
1616,sud-ssd-03452,0,2023-10-16 17:00:42,fruhman
1617,swd-nor-03294,0,2023-10-16 17:00:53,fruhman
1618,dji-eth-00915,1,2023-10-16 17:01:05,fruhman
1619,sud-ssd-00998,0,2023-10-16 17:01:15,fruhman
1620,mya-thi-00664,1,2023-10-16 17:01:24,fruhman
1621,bra-bol-08244,0,2023-10-16 17:01:28,fruhman
1622,mac-grc-00692,1,2023-10-16 17:01:34,fruhman
1623,bol-arg-01210,0,2023-10-16 17:01:40,fruhman
1624,rus-kzk-06915,1,2023-10-16 17:01:44,fruhman
1625,mal-ins-00934,1,2023-10-16 17:01:48,fruhman
1626,mli-bfo-00697,1,2023-10-16 17:01:50,fruhman
1627,rus-chn-09525,1,2023-10-16 17:01:53,fruhman
1628,afg-pak-04715,1,2023-10-16 17:01:58,fruhman
1629,chn-mon-02146,1,2023-10-16 17:02:10,fruhman
1630,bfo-gha-00587,1,2023-10-16 17:02:13,fruhman
1631,chl-arg-01777,1,2023-10-16 17:02:19,fruhman
1632,ukr-blr-02379,1,2023-10-16 17:02:20,fruhman
1633,arm-aze-00284,1,2023-10-16 17:02:25,fruhman
1634,bra-arg-02040,0,2023-10-16 17:02:28,fruhman
1635,mld-rom-01101,0,2023-10-16 17:02:34,fruhman
1636,bra-par-01640,1,2023-10-16 17:02:36,fruhman
1637,mal-ins-01079,0,2023-10-16 17:02:41,fruhman
1638,chn-mon-06200,1,2023-10-16 17:02:43,fruhman
1639,guy-sur-00046,1,2023-10-16 17:02:57,fruhman
1640,eth-eri-01299,1,2023-10-16 17:02:59,fruhman
1641,spn-por-02166,1,2023-10-16 17:03:01,fruhman
1642,lat-lit-00625,1,2023-10-16 17:03:08,fruhman
1643,aze-irn-00634,1,2023-10-16 17:03:11,fruhman
1644,mzm-zim-02926,1,2023-10-16 17:03:15,fruhman
1645,cro-bos-00964,1,2023-10-16 17:03:17,fruhman
1646,tkm-uzb-00666,0,2023-10-16 17:03:20,fruhman
1647,drc-ang-00973,1,2023-10-16 17:03:26,fruhman
1648,cos-pan-00490,1,2023-10-16 17:03:28,fruhman
1649,ind-bng-03609,1,2023-10-16 17:03:30,fruhman
1650,ind-mya-03249,1,2023-10-16 17:03:31,fruhman
1651,tun-lib-00862,1,2023-10-16 17:03:34,fruhman
1652,mli-gui-00416,1,2023-10-16 17:03:39,fruhman
1653,cam-drv-00946,1,2023-10-16 17:03:40,fruhman
1654,gmy-czr-01014,1,2023-10-16 17:03:42,fruhman
1655,mli-gui-01635,1,2023-10-16 17:03:43,fruhman
1656,eth-eri-01571,1,2023-10-16 17:03:45,fruhman
1657,ind-pak-08038,0,2023-10-16 17:03:47,fruhman
1658,cen-ssd-02226,0,2023-10-16 17:03:51,fruhman
1659,saf-bot-00265,1,2023-10-16 17:03:55,fruhman
1660,arm-aze-00383,0,2023-10-16 17:04:01,fruhman
1661,fin-nor-00362,1,2023-10-16 17:04:07,fruhman
1662,chn-ind-01027,0,2023-10-16 17:04:19,fruhman
1663,fin-swd-01336,0,2023-10-16 17:04:35,fruhman
1664,afg-pak-00703,0,2023-10-16 17:04:45,fruhman
1665,tur-syr-02203,1,2023-10-16 17:04:51,fruhman
1666,ind-pak-00399,1,2023-10-16 17:05:01,fruhman
1667,eri-sud-00778,1,2023-10-16 17:05:10,fruhman
1668,frn-spn-00572,1,2023-10-16 17:05:12,fruhman
1669,rus-mon-05464,1,2023-10-16 17:05:14,fruhman
1670,chl-arg-04967,0,2023-10-16 17:05:18,fruhman
1671,col-per-02333,0,2023-10-16 17:05:29,fruhman
1672,rus-kzk-12029,1,2023-10-16 17:05:37,fruhman
1673,rus-ukr-02827,1,2023-10-16 17:05:39,fruhman
1674,chl-arg-11068,0,2023-10-16 17:05:41,fruhman
1675,swd-nor-01179,0,2023-10-16 17:05:57,fruhman
1676,gam-sen-01838,1,2023-10-16 17:06:06,fruhman
1677,bol-par-01713,1,2023-10-16 17:06:12,fruhman
1678,sau-kuw-00220,1,2023-10-16 17:06:15,fruhman
1679,taj-uzb-01068,1,2023-10-16 17:06:28,fruhman
1680,col-per-00670,0,2023-10-16 17:06:43,fruhman
1681,drc-ang-00174,0,2023-10-16 17:06:49,fruhman
1682,bra-arg-03409,1,2023-10-16 17:06:52,fruhman
1683,chl-arg-01761,1,2023-10-16 17:06:55,fruhman
1684,drc-ssd-00560,0,2023-10-16 17:07:04,fruhman
1685,saf-les-00594,1,2023-10-16 17:07:09,fruhman
1686,usa-can-18550,0,2023-10-16 17:07:13,fruhman
1687,mac-kos-00096,1,2023-10-16 17:07:14,fruhman
1688,sau-oma-00642,0,2023-10-16 17:07:18,fruhman
1689,ins-etm-00172,1,2023-10-16 17:07:24,fruhman
1690,col-per-02818,1,2023-10-16 17:07:26,fruhman
1691,drc-ang-01530,1,2023-10-16 17:07:28,fruhman
1692,alg-lib-02114,0,2023-10-16 17:07:32,fruhman
1693,kzk-chn-01561,1,2023-10-16 17:07:37,fruhman
1694,taj-uzb-03622,1,2023-10-16 17:07:49,fruhman
1695,ind-pak-03572,1,2023-10-16 17:07:52,fruhman
1696,ins-png-00667,1,2023-10-16 17:07:58,fruhman
1697,rus-chn-09741,1,2023-10-16 17:08:01,fruhman
1698,chn-ind-04490,1,2023-10-16 17:08:06,fruhman
1699,ins-png-01995,0,2023-10-16 17:08:13,fruhman
1700,usa-can-15651,1,2023-10-16 17:08:15,fruhman
1701,drc-ang-03974,1,2023-10-16 17:08:19,fruhman
1702,bra-arg-01293,1,2023-10-16 17:08:20,fruhman
1703,usa-can-11284,1,2023-10-16 17:08:24,fruhman
1704,ind-nep-04886,1,2023-10-16 17:08:28,fruhman
1705,taz-bui-00217,1,2023-10-16 17:08:34,fruhman
1706,drc-rwa-00028,0,2023-10-16 17:08:43,fruhman
1707,par-arg-03690,0,2023-10-16 17:08:50,fruhman
1708,ind-mya-01003,0,2023-10-16 17:08:57,fruhman
1709,bra-arg-02059,0,2023-10-16 17:09:04,fruhman
1710,mli-bfo-02669,1,2023-10-16 17:09:10,fruhman
1711,rus-kzk-11218,0,2023-10-16 17:09:16,fruhman
1712,usa-can-19255,0,2023-10-16 17:09:21,fruhman
1713,saf-nam-02287,1,2023-10-16 17:09:23,fruhman
1714,cha-lib-00318,0,2023-10-16 17:09:29,fruhman
1715,chl-arg-02270,0,2023-10-16 17:09:32,fruhman
1716,swz-ita-00151,1,2023-10-16 17:09:36,fruhman
1717,cos-pan-00161,1,2023-10-16 17:09:38,fruhman
1718,aus-czr-01157,1,2023-10-16 17:09:53,fruhman
1719,ind-pak-00583,1,2023-10-16 17:09:57,fruhman
1720,rus-fin-01565,1,2023-10-16 17:10:03,fruhman
1721,sau-yem-01074,0,2023-10-16 17:10:09,fruhman
1722,rus-kzk-08223,1,2023-10-16 17:10:12,fruhman
1723,aus-ita-00021,1,2023-10-16 17:10:16,fruhman
1724,usa-can-12055,1,2023-10-16 17:10:20,fruhman
1725,frn-spn-00773,1,2023-10-16 17:10:24,fruhman
1726,chl-arg-08731,1,2023-10-16 17:10:30,fruhman
1727,ken-som-01595,1,2023-10-16 17:10:32,fruhman
1728,par-arg-00507,1,2023-10-16 17:10:35,fruhman
1729,col-per-03105,1,2023-10-16 17:10:41,fruhman
1730,swz-ita-01086,1,2023-10-16 17:10:49,fruhman
1731,ken-taz-00389,1,2023-10-16 17:10:55,fruhman
1732,drc-ang-04016,1,2023-10-16 17:11:01,fruhman
1733,rus-mon-05172,1,2023-10-16 17:11:08,fruhman
1734,chn-mon-08206,1,2023-10-16 17:11:20,fruhman
1735,maa-mor-01825,0,2023-10-16 17:11:24,fruhman
1736,cen-drc-00826,0,2023-10-16 17:11:32,fruhman
1737,col-ven-01268,0,2023-10-16 17:11:40,fruhman
1738,chn-mon-08791,0,2023-10-16 17:11:48,fruhman
1739,ecu-per-00927,1,2023-10-16 17:11:58,fruhman
1740,gmy-pol-01041,1,2023-10-16 17:11:59,fruhman
1741,est-lat-00142,1,2023-10-16 17:12:01,fruhman
1742,gmy-czr-01779,1,2023-10-16 17:12:13,fruhman
1743,nir-cha-01888,0,2023-10-16 17:12:17,fruhman
1744,aus-ita-00582,1,2023-10-16 17:12:19,fruhman
1745,frn-ita-00168,1,2023-10-16 17:12:21,fruhman
1746,irn-tkm-01552,1,2023-10-16 17:12:22,fruhman
1747,mzm-zim-01436,1,2023-10-16 17:12:27,fruhman
1748,grg-aze-00435,1,2023-10-16 17:12:29,fruhman
1749,nir-nig-03308,1,2023-10-16 17:12:30,fruhman
1750,mal-ins-02389,1,2023-10-16 17:12:31,fruhman
1751,mya-thi-03403,1,2023-10-16 17:12:37,fruhman
1752,mzm-zim-02068,1,2023-10-16 17:12:45,fruhman
1753,rus-ukr-03443,1,2023-10-16 17:12:48,fruhman
1754,cro-bos-00405,1,2023-10-16 17:12:52,fruhman
1755,bra-bol-02054,1,2023-10-16 17:12:56,fruhman
1756,sau-yem-01787,0,2023-10-16 17:13:00,fruhman
1757,arg-uru-00177,0,2023-10-16 17:13:04,fruhman
1758,rus-kzk-13526,1,2023-10-16 17:13:06,fruhman
1759,usa-can-13930,1,2023-10-16 17:13:07,fruhman
1760,ind-nep-00529,1,2023-10-16 17:13:08,fruhman
1761,mli-maa-00256,1,2023-10-16 17:13:10,fruhman
1762,irn-afg-02286,1,2023-10-16 17:13:12,fruhman
1763,mya-thi-04962,1,2023-10-16 17:13:13,fruhman
1764,ben-bfo-00747,1,2023-10-16 17:13:15,fruhman
1765,bra-bol-02122,1,2023-10-16 17:13:16,fruhman
1766,ken-taz-00760,1,2023-10-16 17:13:18,fruhman
1767,sud-ssd-00119,1,2023-10-16 17:13:20,fruhman
1768,col-ven-02702,1,2023-10-16 17:13:23,fruhman
1769,usa-can-01300,0,2023-10-16 17:13:25,fruhman
1770,rus-kzk-00837,1,2023-10-16 17:13:26,fruhman
1771,hun-rom-01030,1,2023-10-16 17:13:28,fruhman
1772,alg-lib-01755,1,2023-10-16 17:13:30,fruhman
1773,ven-guy-01163,0,2023-10-16 17:13:33,fruhman
1774,tur-syr-00298,1,2023-10-16 17:13:36,fruhman
1775,cha-sud-01273,1,2023-10-16 17:13:38,fruhman
1776,chl-arg-05014,0,2023-10-16 17:13:43,fruhman
1777,eth-eri-00926,1,2023-10-16 17:13:45,fruhman
1778,irn-afg-01601,0,2023-10-16 17:13:49,fruhman
1779,chn-nep-02930,0,2023-10-16 17:13:53,fruhman
1780,bra-bol-02424,0,2023-10-16 17:13:56,fruhman
1781,cha-sud-00738,0,2023-10-16 17:13:59,fruhman
1782,sud-egy-01319,0,2023-10-16 17:14:02,fruhman
1783,lib-sud-00514,0,2023-10-16 17:14:06,fruhman
1784,mld-rom-00704,1,2023-10-16 17:14:12,fruhman
1785,hai-dom-00785,1,2023-10-16 17:14:13,fruhman
1786,fin-nor-01165,1,2023-10-16 17:14:15,fruhman
1787,par-arg-00942,0,2023-10-16 17:14:18,fruhman
1788,irq-sau-00671,0,2023-10-16 17:14:21,fruhman
1789,uzb-kzk-01837,1,2023-10-16 17:14:25,fruhman
1790,chl-arg-11840,0,2023-10-16 17:14:29,fruhman
1791,con-drc-00935,0,2023-10-16 17:14:39,fruhman
1792,mld-rom-00753,1,2023-10-16 17:14:42,fruhman
1793,bol-arg-01435,1,2023-10-16 17:14:44,fruhman
1794,chn-mon-01044,0,2023-10-16 17:14:47,fruhman
1795,sud-egy-03759,0,2023-10-16 17:14:51,fruhman
1796,bra-bol-02572,0,2023-10-16 17:14:54,fruhman
1797,chn-prk-00219,1,2023-10-16 17:15:01,fruhman
1798,rus-fin-02062,1,2023-10-16 17:15:02,fruhman
1799,nir-alg-01553,0,2023-10-16 17:15:06,fruhman
1800,mli-maa-03473,0,2023-10-16 17:15:10,fruhman
1801,eth-eri-01565,1,2023-10-16 17:15:59,fruhman
1802,usa-can-18934,0,2023-10-16 17:16:02,fruhman
1803,ind-pak-01417,1,2023-10-16 17:16:03,fruhman
1804,par-arg-03813,1,2023-10-16 17:16:05,fruhman
1805,cen-cha-02626,1,2023-10-16 17:16:06,fruhman
1806,rus-kzk-11715,1,2023-10-16 17:16:08,fruhman
1807,eth-eri-01449,1,2023-10-16 17:16:10,fruhman
1808,chn-mya-03734,1,2023-10-16 17:16:11,fruhman
1809,usa-can-13368,1,2023-10-16 17:16:12,fruhman
1810,irn-irq-00261,1,2023-10-16 17:16:13,fruhman
1811,mli-maa-00621,0,2023-10-16 17:16:18,fruhman
1812,lao-drv-02161,1,2023-10-16 17:16:19,fruhman
1813,bra-bol-09136,0,2023-10-16 17:16:23,fruhman
1814,cro-yug-00352,1,2023-10-16 17:16:30,fruhman
1815,chn-prk-01241,1,2023-10-16 17:16:39,fruhman
1816,sur-frn-00114,1,2023-10-16 17:16:58,fruhman
1817,chn-ind-02174,0,2023-10-16 17:17:01,fruhman
1818,zim-bot-01591,1,2023-10-16 17:17:03,fruhman
1819,par-arg-00757,0,2023-10-16 17:17:06,fruhman
1820,cro-yug-00436,1,2023-10-16 17:17:08,fruhman
1821,chl-arg-03859,1,2023-10-16 17:17:10,fruhman
1822,kyr-uzb-01156,1,2023-10-16 17:17:12,fruhman
1823,irq-sau-01620,1,2023-10-16 17:17:14,fruhman
1824,irq-sau-01834,1,2023-10-16 17:17:16,fruhman
1825,chn-ind-09566,1,2023-10-16 17:17:18,fruhman
1826,grc-bul-01131,1,2023-10-16 17:17:21,fruhman
1827,rus-grg-01182,1,2023-10-16 17:17:22,fruhman
1828,usa-can-02020,1,2023-10-16 17:17:24,fruhman
1829,col-ven-01701,0,2023-10-16 17:17:27,fruhman
1830,rus-fin-02107,1,2023-10-16 17:17:29,fruhman
1831,bra-bol-02751,1,2023-10-16 17:17:30,fruhman
1832,taz-bui-00551,1,2023-10-16 17:17:31,fruhman
1833,mor-alg-02495,1,2023-10-16 17:17:36,fruhman
1834,nic-cos-00242,1,2023-10-16 17:17:40,fruhman
1835,eth-eri-00480,1,2023-10-16 17:17:42,fruhman
1836,taz-rwa-00358,0,2023-10-16 17:17:45,fruhman
1837,chn-mya-04164,1,2023-10-16 17:17:48,fruhman
1838,sud-ssd-01312,0,2023-10-16 17:17:50,fruhman
1839,hon-nic-00025,1,2023-10-16 17:17:52,fruhman
1840,chn-ind-04405,0,2023-10-16 17:17:56,fruhman
1841,par-arg-04510,0,2023-10-16 17:17:59,fruhman
1842,rus-mon-07655,1,2023-10-16 17:18:02,fruhman
1843,hai-dom-00710,1,2023-10-16 17:18:03,fruhman
1844,swz-ita-00287,1,2023-10-16 17:18:05,fruhman
1845,tur-irq-00520,1,2023-10-16 17:18:06,fruhman
1846,cen-drc-00689,0,2023-10-16 17:18:10,fruhman
1847,mli-nir-01650,0,2023-10-16 17:18:14,fruhman
1848,ind-bng-02377,1,2023-10-16 17:18:17,fruhman
1849,cen-drc-01349,1,2023-10-16 17:18:18,fruhman
1850,zam-maw-00896,1,2023-10-16 17:18:21,fruhman
1851,mal-bru-00524,1,2023-10-16 17:18:22,fruhman
1852,som-eth-02376,0,2023-10-16 17:18:25,fruhman
1853,taj-uzb-01348,0,2023-10-16 17:18:27,fruhman
1854,gui-lbr-00949,1,2023-10-16 17:18:31,fruhman
1855,gab-con-03330,0,2023-10-16 17:18:34,fruhman
1856,bel-frn-00562,1,2023-10-16 17:18:36,fruhman
1857,irn-irq-00570,0,2023-10-16 17:18:40,fruhman
1858,tur-syr-01588,1,2023-10-16 17:18:42,fruhman
1859,chn-nep-01222,1,2023-10-16 17:18:44,fruhman
1860,rus-mon-07619,1,2023-10-16 17:18:45,fruhman
1861,mal-bru-00700,0,2023-10-16 17:18:49,fruhman
1862,uzb-kzk-04872,1,2023-10-16 17:18:52,fruhman
1863,mzm-zim-02933,1,2023-10-16 17:18:53,fruhman
1864,swz-ita-01354,0,2023-10-16 17:18:56,fruhman
1865,hun-slo-00496,1,2023-10-16 17:18:58,fruhman
1866,thi-lao-03969,0,2023-10-16 17:19:01,fruhman
1867,rus-kzk-12946,1,2023-10-16 17:19:05,fruhman
1868,cdi-gui-00601,1,2023-10-16 17:19:06,fruhman
1869,mal-ins-02858,0,2023-10-16 17:19:09,fruhman
1870,kyr-chn-01241,1,2023-10-16 17:19:12,fruhman
1871,ind-mya-01740,0,2023-10-16 17:19:15,fruhman
1872,col-ven-02720,1,2023-10-16 17:19:17,fruhman
1873,mli-alg-01111,0,2023-10-16 17:19:22,fruhman
1874,par-arg-00994,1,2023-10-16 17:19:25,fruhman
1875,tur-syr-01748,1,2023-10-16 17:19:26,fruhman
1876,irn-irq-00760,1,2023-10-16 17:19:28,fruhman
1877,ang-nam-00618,1,2023-10-16 17:19:29,fruhman
1878,irn-irq-01651,1,2023-10-16 17:19:31,fruhman
1879,cha-sud-00678,0,2023-10-16 17:19:36,fruhman
1880,drc-ang-04402,0,2023-10-16 17:19:39,fruhman
1881,ken-taz-01149,1,2023-10-16 17:19:43,fruhman
1882,syr-isr-00086,1,2023-10-16 17:19:44,fruhman
1883,swd-nor-01375,0,2023-10-16 17:19:47,fruhman
1884,gnb-gui-00095,1,2023-10-16 17:19:49,fruhman
1885,bra-frn-00097,0,2023-10-16 17:19:53,fruhman
1886,aus-ita-00689,0,2023-10-16 17:19:55,fruhman
1887,bra-bol-03577,1,2023-10-16 17:19:57,fruhman
1888,chl-arg-03286,1,2023-10-16 17:19:59,fruhman
1889,mli-nir-01989,0,2023-10-16 17:20:02,fruhman
1890,kzk-chn-00317,1,2023-10-16 17:20:04,fruhman
1891,cen-drc-01581,0,2023-10-16 17:20:08,fruhman
1892,chl-arg-07485,0,2023-10-16 17:20:12,fruhman
1893,mal-ins-03020,0,2023-10-16 17:20:14,fruhman
1894,bra-par-03638,1,2023-10-16 17:20:16,fruhman
1895,chl-arg-03773,1,2023-10-16 17:20:19,fruhman
1896,ang-nam-03243,1,2023-10-16 17:20:20,fruhman
1897,usa-can-19922,0,2023-10-16 17:20:23,fruhman
1898,swd-nor-02831,0,2023-10-16 17:20:26,fruhman
1899,gui-lbr-01100,1,2023-10-16 17:20:28,fruhman
1900,taj-kyr-00546,1,2023-10-16 17:20:31,fruhman
1901,par-arg-01042,0,2023-10-16 17:20:35,fruhman
1902,drc-ang-04423,1,2023-10-16 17:20:37,fruhman
1903,drc-taz-00872,0,2023-10-16 17:20:39,fruhman
1904,som-eth-00509,1,2023-10-16 17:20:41,fruhman
1905,zim-bot-00034,1,2023-10-16 17:20:42,fruhman
1906,saf-nam-02377,1,2023-10-16 17:20:44,fruhman
1907,drc-zam-00610,0,2023-10-16 17:20:47,fruhman
1908,zam-maw-00982,1,2023-10-16 17:20:49,fruhman
1909,frn-gmy-00025,0,2023-10-16 17:20:53,fruhman
1910,eth-ssd-02072,1,2023-10-16 17:20:55,fruhman
1911,alg-lib-02249,0,2023-10-16 17:21:00,fruhman
1912,chn-drv-01768,1,2023-10-16 17:21:02,fruhman
1913,mor-alg-01318,1,2023-10-16 17:21:04,fruhman
1914,taj-uzb-01503,0,2023-10-16 17:21:06,fruhman
1915,kzk-chn-02257,1,2023-10-16 17:21:08,fruhman
1916,irn-irq-02657,1,2023-10-16 17:21:10,fruhman
1917,nir-lib-00843,1,2023-10-16 17:21:13,fruhman
1918,par-arg-04767,1,2023-10-16 17:21:14,fruhman
1919,zam-maw-01856,0,2023-10-16 17:21:20,fruhman
1920,irq-syr-01247,1,2023-10-16 17:21:26,fruhman
1921,col-per-03504,1,2023-10-16 17:21:29,fruhman
1922,cen-drc-04126,1,2023-10-16 17:21:37,fruhman
1923,usa-can-14757,1,2023-10-16 17:21:47,fruhman
1924,ita-snm-00001,1,2023-10-16 17:21:52,fruhman
1925,hon-nic-00508,1,2023-10-16 17:22:05,fruhman
1926,drc-zam-04924,0,2023-10-16 17:22:11,fruhman
1927,afg-tkm-01262,1,2023-10-16 17:22:24,fruhman
1928,ecu-per-02980,1,2023-10-16 17:22:35,fruhman
1929,con-drc-01111,1,2023-10-16 17:22:39,fruhman
1930,eqg-gab-00582,0,2023-10-16 17:22:42,fruhman
1931,cam-drv-02454,1,2023-10-16 17:22:44,fruhman
1932,grc-tur-00467,1,2023-10-16 17:22:46,fruhman
1933,mya-lao-00151,1,2023-10-16 17:22:47,fruhman
1934,mld-ukr-01596,1,2023-10-16 17:22:48,fruhman
1935,mld-ukr-02493,1,2023-10-16 17:22:51,fruhman
1936,jor-sau-01025,0,2023-10-16 17:22:56,fruhman
1937,ind-pak-03784,1,2023-10-16 17:22:59,fruhman
1938,chl-arg-12631,1,2023-10-16 17:23:14,fruhman
1939,chn-mon-03346,0,2023-10-16 17:23:31,fruhman
1940,rus-grg-00999,1,2023-10-16 17:23:45,fruhman
1941,ang-zam-01565,1,2023-10-16 17:23:53,fruhman
1942,rus-kzk-00091,1,2023-10-16 17:23:56,fruhman
1943,irn-pak-01664,0,2023-10-16 17:24:12,fruhman
1944,rus-grg-01384,1,2023-10-16 17:24:15,fruhman
1945,cao-nig-03451,1,2023-10-16 17:24:21,fruhman
1946,usa-can-14873,1,2023-10-16 17:24:24,fruhman
1947,cro-yug-00796,1,2023-10-16 17:24:30,fruhman
1948,par-arg-02157,1,2023-10-16 17:24:37,fruhman
1949,mal-ins-03426,0,2023-10-16 17:24:48,fruhman
1950,kzk-chn-03378,1,2023-10-16 17:24:51,fruhman
1951,cao-nig-02137,1,2023-10-16 17:24:53,fruhman
1952,afg-taj-02086,1,2023-10-16 17:24:55,fruhman
1953,taj-kyr-01437,1,2023-10-16 17:25:12,fruhman
1954,taz-rwa-00460,1,2023-10-16 17:25:19,fruhman
1955,eth-ssd-00171,1,2023-10-16 17:25:34,fruhman
1956,nam-bot-01715,1,2023-10-16 17:25:37,fruhman
1957,irn-tkm-02216,1,2023-10-16 17:25:42,fruhman
1958,col-ven-00013,1,2023-10-16 17:25:45,fruhman
1959,zam-maw-01392,0,2023-10-16 17:25:55,fruhman
1960,mld-ukr-00832,1,2023-10-16 17:26:03,fruhman
1961,bel-gmy-00248,1,2023-10-16 17:26:06,fruhman
1962,per-bra-04105,1,2023-10-16 17:26:12,fruhman
1963,gua-hon-00595,1,2023-10-16 17:26:15,fruhman
1964,ang-zam-00124,0,2023-10-16 17:26:20,fruhman
1965,zam-maw-01497,0,2023-10-16 17:26:24,fruhman
1966,kyr-uzb-00845,1,2023-10-16 17:26:29,fruhman
1967,eri-sud-01041,0,2023-10-16 17:26:33,fruhman
1968,bol-chl-01307,1,2023-10-16 17:26:36,fruhman
1969,usa-can-12895,1,2023-10-16 17:26:40,fruhman
1970,chl-arg-13223,0,2023-10-16 17:26:45,fruhman
1971,rus-kzk-15093,1,2023-10-16 17:26:47,fruhman
1972,blz-gua-00003,1,2023-10-16 17:26:48,fruhman
1973,rus-ukr-03835,1,2023-10-16 17:26:53,fruhman
1974,chn-prk-01800,1,2023-10-16 17:26:54,fruhman
1975,nam-bot-03003,1,2023-10-16 17:26:55,fruhman
1976,chn-prk-02744,0,2023-10-16 17:26:58,fruhman
1977,par-arg-02402,0,2023-10-16 17:27:03,fruhman
1978,chn-nep-01264,1,2023-10-16 17:27:08,fruhman
1979,rus-kzk-00530,0,2023-10-16 17:27:21,fruhman
1980,kzk-chn-03471,1,2023-10-16 17:27:35,fruhman
1981,bra-bol-06073,1,2023-10-16 17:27:36,fruhman
1982,est-lat-00702,1,2023-10-16 17:27:40,fruhman
1983,uga-ken-01177,0,2023-10-16 17:28:00,fruhman
1984,taz-bui-00959,1,2023-10-16 17:28:14,fruhman
1985,sud-ssd-04246,1,2023-10-16 17:28:23,fruhman
1986,eth-ssd-01152,1,2023-10-16 17:28:29,fruhman
1987,rus-ukr-05128,0,2023-10-16 17:28:36,fruhman
1988,mli-alg-00777,0,2023-10-16 17:28:43,fruhman
1989,frn-spn-00417,1,2023-10-16 17:28:52,fruhman
1990,mli-alg-01132,0,2023-10-16 17:29:00,fruhman
1991,som-eth-02943,0,2023-10-16 17:29:26,fruhman
1992,mzm-maw-02937,1,2023-10-16 17:29:43,fruhman
1993,eth-sud-00689,0,2023-10-16 17:30:17,fruhman
1994,ven-bra-02589,1,2023-10-16 17:30:25,fruhman
1995,chl-arg-13578,0,2023-10-16 17:30:30,fruhman
1996,frn-spn-01221,1,2023-10-16 17:30:36,fruhman
1997,rom-ukr-00349,1,2023-10-16 17:30:41,fruhman
1998,ben-nig-00257,1,2023-10-16 17:30:47,fruhman
1999,usa-mex-01977,1,2023-10-16 17:30:50,fruhman
2000,bra-bol-04269,1,2023-10-16 17:30:59,fruhman
2001,mli-nir-02005,1,2023-10-16 17:31:06,fruhman
2002,frn-swz-00207,1,2023-10-16 17:31:13,fruhman
2003,frn-swz-01379,1,2023-10-16 17:31:28,fruhman
2004,mzm-maw-01389,1,2023-10-16 17:31:36,fruhman
2005,gab-con-00395,0,2023-10-16 17:31:42,fruhman
2006,ben-nig-00571,1,2023-10-16 17:31:45,fruhman
2007,bra-frn-00458,0,2023-10-16 17:31:49,fruhman
2008,mli-alg-01380,1,2023-10-16 17:32:29,fruhman
2009,gab-con-03569,0,2023-10-16 17:32:34,fruhman
2010,spn-por-03093,1,2023-10-16 17:32:40,fruhman
2011,cao-nig-02543,0,2023-10-16 17:32:49,fruhman
2012,rus-kzk-01256,0,2023-10-16 17:32:52,fruhman
2013,hun-slv-00142,1,2023-10-16 17:32:55,fruhman
2014,irn-tur-00266,1,2023-10-16 17:32:57,fruhman
2015,nir-nig-00920,1,2023-10-16 17:33:00,fruhman
2016,cen-ssd-00971,0,2023-10-16 17:33:05,fruhman
2017,cen-drc-01529,0,2023-10-16 17:33:08,fruhman
2018,mli-alg-02976,0,2023-10-16 17:33:12,fruhman
2019,saf-bot-00335,1,2023-10-16 17:33:17,fruhman
2020,cha-sud-00964,0,2023-10-16 17:33:20,fruhman
2021,mli-alg-02998,0,2023-10-16 17:33:23,fruhman
2022,gam-sen-01285,0,2023-10-16 17:33:29,fruhman
2023,ben-nig-01033,1,2023-10-16 17:33:31,fruhman
2024,taj-kyr-02232,1,2023-10-16 17:33:35,fruhman
2025,bra-par-03738,1,2023-10-16 17:33:36,fruhman
2026,kyr-kzk-02583,1,2023-10-16 17:33:39,fruhman
2027,chn-ind-04444,1,2023-10-16 17:33:46,fruhman
2028,ind-bng-07477,1,2023-10-16 17:33:48,fruhman
2029,rus-ukr-04860,1,2023-10-16 17:33:51,fruhman
2030,par-arg-03530,1,2023-10-16 17:33:53,fruhman
2031,thi-mal-00214,0,2023-10-16 17:34:06,fruhman
2032,ven-guy-00334,1,2023-10-16 17:34:11,fruhman
2033,bra-uru-00591,1,2023-10-16 17:34:23,fruhman
2034,nir-alg-01163,0,2023-10-16 17:35:22,fruhman
2035,per-chl-00349,0,2023-10-16 17:35:28,fruhman
2036,gam-sen-01859,1,2023-10-16 17:35:33,fruhman
2037,rus-ukr-00850,1,2023-10-16 17:35:40,fruhman
2038,gmy-pol-00077,1,2023-10-16 17:35:47,fruhman
2039,rus-kzk-15242,1,2023-10-16 17:35:50,fruhman
2040,mli-maa-01884,0,2023-10-16 17:35:58,fruhman
2041,par-arg-04785,0,2023-10-16 17:36:03,fruhman
2042,gnb-gui-00392,1,2023-10-16 17:36:08,fruhman
2043,bra-uru-01898,1,2023-10-16 17:36:14,fruhman
2044,grg-aze-00058,1,2023-10-16 17:36:21,fruhman
2045,kyr-chn-01695,1,2023-10-16 17:36:28,fruhman
2046,rus-grg-01596,1,2023-10-16 17:36:32,fruhman
2047,taz-maw-00243,1,2023-10-16 17:36:43,fruhman
2048,usa-mex-00608,1,2023-10-16 17:36:46,fruhman
2049,gnb-sen-00845,0,2023-10-16 17:36:54,fruhman
2050,cao-cen-00178,1,2023-10-16 17:37:00,fruhman
2051,taz-zam-00421,1,2023-10-16 17:37:08,fruhman
2052,kyr-chn-01767,1,2023-10-16 17:37:25,fruhman
2053,taz-zam-00615,1,2023-10-16 17:37:27,fruhman
2054,ind-bhu-00254,1,2023-10-16 17:37:32,fruhman
2055,chl-arg-05773,1,2023-10-16 17:37:36,fruhman
2056,ind-pak-04256,1,2023-10-16 17:37:41,fruhman
2057,grc-bul-00912,0,2023-10-16 17:37:46,fruhman
2058,gui-lbr-00368,1,2023-10-16 17:37:50,fruhman
2059,mli-maa-01234,1,2023-10-16 17:37:54,fruhman
2060,per-bol-01737,1,2023-10-16 17:37:59,fruhman
2061,chn-ind-09285,1,2023-10-16 17:38:08,fruhman
2062,cha-sud-02997,1,2023-10-16 17:38:10,fruhman
2063,ang-zam-01397,0,2023-10-16 17:38:15,fruhman
2064,sud-ssd-00381,1,2023-10-16 17:38:21,fruhman
2065,thi-cam-00401,1,2023-10-16 17:38:26,fruhman
2066,mli-maa-01810,1,2023-10-16 17:38:39,fruhman
2067,kyr-kzk-01321,1,2023-10-16 17:38:42,fruhman
2068,usa-mex-03318,1,2023-10-16 17:38:51,fruhman
2069,gui-lbr-01027,1,2023-10-16 17:38:55,fruhman
2070,saf-nam-02288,1,2023-10-16 17:38:58,fruhman
2071,ben-nir-00188,1,2023-10-16 17:39:00,fruhman
2072,gui-sie-00164,1,2023-10-16 17:39:05,fruhman
2073,gui-sie-00592,0,2023-10-16 17:39:11,fruhman
2074,gui-sie-00942,0,2023-10-16 17:39:26,fruhman
2075,bul-rom-00929,1,2023-10-16 17:39:28,fruhman
2076,mli-maa-03684,0,2023-10-16 17:39:31,fruhman
2077,bul-tur-00170,1,2023-10-16 17:39:37,fruhman
2078,per-bra-00800,1,2023-10-16 17:39:40,fruhman
2079,cdi-bfo-00834,1,2023-10-16 17:39:53,fruhman
2080,cam-drv-01122,1,2023-10-16 17:40:00,fruhman
2081,chl-arg-06574,1,2023-10-16 17:40:13,fruhman
2082,gui-sie-00995,0,2023-10-16 17:40:29,fruhman
2083,guy-bra-03188,0,2023-10-16 17:40:37,fruhman
2084,ben-tog-00008,1,2023-10-16 17:40:44,fruhman
2085,mli-maa-05067,0,2023-10-16 17:40:59,fruhman
2086,mli-maa-05234,0,2023-10-16 17:41:02,fruhman
2087,cam-lao-01099,0,2023-10-16 17:41:07,fruhman
2088,ind-nep-02553,0,2023-10-16 17:41:17,fruhman
2089,bol-chl-00310,0,2023-10-16 17:41:22,fruhman
2090,mng-bos-00339,1,2023-10-16 17:41:32,fruhman
2091,rus-lit-00275,1,2023-10-16 17:41:45,fruhman
2092,zam-maw-01905,0,2023-10-16 17:41:53,fruhman
2093,chn-bhu-01336,1,2023-10-16 17:41:57,fruhman
2094,mzm-saf-01057,0,2023-10-16 17:42:04,fruhman
2095,cen-drc-01953,1,2023-10-16 17:42:08,fruhman
2096,ind-bng-03285,1,2023-10-16 17:42:12,fruhman
2097,kyr-kzk-02339,1,2023-10-16 17:42:16,fruhman
2098,guy-sur-00300,1,2023-10-16 17:42:18,fruhman
2099,sud-egy-00777,1,2023-10-16 17:42:23,fruhman
2100,rus-mon-01716,1,2023-10-16 17:42:30,fruhman
2101,ven-bra-02359,0,2023-10-16 17:42:35,fruhman
2102,per-bra-02354,0,2023-10-16 17:42:41,fruhman
2103,hon-nic-01301,1,2023-10-16 17:42:54,fruhman
2104,usa-can-13371,1,2023-10-16 17:43:06,fruhman
2105,cao-cha-00511,1,2023-10-16 17:43:11,fruhman
2106,guy-sur-01367,1,2023-10-16 17:43:15,fruhman
2107,cen-drc-03090,1,2023-10-16 17:43:26,fruhman
2108,uga-ken-01386,0,2023-10-16 17:43:32,fruhman
2109,cen-drc-04065,1,2023-10-16 17:43:54,fruhman
2110,usa-can-13237,1,2023-10-16 17:43:58,fruhman
2111,rom-ukr-00375,1,2023-10-16 17:44:01,fruhman
2112,kyr-kzk-02534,1,2023-10-16 17:44:04,fruhman
2113,bol-arg-00174,1,2023-10-16 17:44:06,fruhman
2114,hon-nic-00741,1,2023-10-16 17:44:10,fruhman
2115,uzb-kzk-00304,1,2023-10-16 17:44:11,fruhman
2116,cao-cha-01769,1,2023-10-16 17:44:14,fruhman
2117,pol-blr-00099,1,2023-10-16 17:44:17,fruhman
2118,hon-nic-02184,1,2023-10-16 17:44:22,fruhman
2119,usa-can-14780,0,2023-10-16 17:44:25,fruhman
2120,arg-uru-00892,0,2023-10-16 17:44:27,fruhman
2121,mzm-zam-00126,0,2023-10-16 17:44:29,fruhman
2122,rus-kzk-02135,1,2023-10-16 17:44:31,fruhman
2123,hon-nic-02390,0,2023-10-16 17:44:37,fruhman
2124,cdi-gha-00083,1,2023-10-16 17:44:39,fruhman
2125,cen-ssd-02164,0,2023-10-16 17:44:43,fruhman
2126,lao-drv-02724,0,2023-10-16 17:44:47,fruhman
2127,chn-drv-02550,0,2023-10-16 17:44:50,fruhman
2128,kyr-uzb-01054,1,2023-10-16 17:44:54,fruhman
2129,ind-mya-00502,0,2023-10-16 17:44:56,fruhman
2130,spn-por-03349,1,2023-10-16 17:44:58,fruhman
2131,mzm-zam-01028,1,2023-10-16 17:45:00,fruhman
2132,rus-mon-02225,0,2023-10-16 17:45:04,fruhman
2133,uzb-kzk-02117,1,2023-10-16 17:45:06,fruhman
2134,mzm-zim-00697,1,2023-10-16 17:45:15,fruhman
2135,saf-bot-01703,1,2023-10-16 17:45:17,fruhman
2136,chn-mon-11639,1,2023-10-16 17:45:20,fruhman
2137,ind-mya-03498,1,2023-10-16 17:45:21,fruhman
2138,mzm-zim-01116,1,2023-10-16 17:45:23,fruhman
2139,cen-cha-00687,1,2023-10-16 17:45:24,fruhman
2140,ind-nep-00398,1,2023-10-16 17:45:26,fruhman
2141,mzm-zim-01166,0,2023-10-16 17:45:29,fruhman
2142,rus-kzk-04869,0,2023-10-16 17:45:34,fruhman
2143,ind-nep-01289,0,2023-10-16 17:45:37,fruhman
2144,lat-blr-00313,1,2023-10-16 17:45:39,fruhman
2145,lat-lit-00603,1,2023-10-16 17:45:44,fruhman
2146,chn-mon-02639,0,2023-10-16 17:45:46,fruhman
2147,pol-blr-00864,1,2023-10-16 17:45:48,fruhman
2148,cdi-bfo-01063,0,2023-10-16 17:45:51,fruhman
2149,mzm-zim-03349,0,2023-10-16 17:45:54,fruhman
2150,cdi-gui-01265,1,2023-10-16 17:45:57,fruhman
2151,nic-cos-00032,1,2023-10-16 17:45:59,fruhman
2152,zim-bot-00443,1,2023-10-16 17:46:00,fruhman
2153,bol-arg-00707,0,2023-10-16 17:46:05,fruhman
2154,tur-syr-02048,1,2023-10-16 17:46:06,fruhman
2155,pol-czr-00816,1,2023-10-16 17:46:08,fruhman
2156,chn-drv-00346,1,2023-10-16 17:46:10,fruhman
2157,chn-ind-00426,1,2023-10-16 17:46:12,fruhman
2158,chn-ind-00676,0,2023-10-16 17:46:16,fruhman
2159,rus-chn-00406,1,2023-10-16 17:46:18,fruhman
2160,zim-bot-00573,1,2023-10-16 17:46:20,fruhman
2161,chn-ind-05429,1,2023-10-16 17:46:22,fruhman
2162,rus-kzk-02656,1,2023-10-16 17:46:24,fruhman
2163,rus-kzk-02689,1,2023-10-16 17:46:27,fruhman
2164,rus-kzk-05796,1,2023-10-16 17:46:29,fruhman
2165,rus-kzk-06498,1,2023-10-16 17:46:31,fruhman
2166,rus-kzk-10680,1,2023-10-16 17:46:33,fruhman
2167,chn-ind-05498,1,2023-10-16 17:46:34,fruhman
2168,saf-bot-00804,1,2023-10-16 17:46:36,fruhman
2169,saf-les-00195,1,2023-10-16 17:46:38,fruhman
2170,sau-oma-01286,0,2023-10-16 17:46:41,fruhman
2171,chn-mon-02212,0,2023-10-16 17:46:44,fruhman
2172,chn-ind-09485,0,2023-10-16 17:46:46,fruhman
2173,thi-cam-01407,0,2023-10-16 17:46:50,fruhman
2174,chn-mon-11995,1,2023-10-16 17:46:52,fruhman
2175,sau-yem-02084,1,2023-10-16 17:46:55,fruhman
2176,sen-maa-01061,1,2023-10-16 17:46:57,fruhman
2177,sen-maa-01364,1,2023-10-16 17:46:59,fruhman
2178,ang-nam-03238,1,2023-10-16 17:47:02,fruhman
2179,ukr-blr-01330,0,2023-10-16 17:47:03,fruhman
2180,spn-por-02010,1,2023-10-16 17:47:09,fruhman
2181,sud-egy-00670,0,2023-10-16 17:47:13,fruhman
2182,sud-egy-01122,0,2023-10-16 17:47:16,fruhman
2183,sud-ssd-01088,0,2023-10-16 17:47:18,fruhman
2184,thi-lao-00234,1,2023-10-16 17:47:21,fruhman
2185,thi-lao-00624,1,2023-10-16 17:47:23,fruhman
2186,thi-mal-00169,0,2023-10-16 17:47:27,fruhman
2187,ven-guy-00688,1,2023-10-16 17:47:29,fruhman
2188,thi-mal-00711,1,2023-10-16 17:47:30,fruhman
2189,tkm-uzb-04042,1,2023-10-16 17:47:32,fruhman
2190,thi-mal-01023,1,2023-10-16 17:47:34,fruhman
2191,ukr-blr-01488,0,2023-10-16 17:47:37,fruhman
2192,ven-bra-03275,0,2023-10-16 17:47:39,fruhman
2193,usa-can-15206,1,2023-10-16 17:47:43,fruhman
2194,usa-can-16650,0,2023-10-16 17:47:46,fruhman
2195,usa-can-16932,0,2023-10-16 17:47:49,fruhman
2196,usa-can-16964,0,2023-10-16 17:47:51,fruhman
2197,usa-can-17507,0,2023-10-16 17:47:54,fruhman
2198,usa-mex-01439,1,2023-10-16 17:47:57,fruhman
2199,usa-mex-03174,1,2023-10-16 17:48:00,fruhman
2200,usa-mex-04556,1,2023-10-16 17:48:03,fruhman
2201,uzb-kzk-02686,0,2023-10-16 17:48:08,fruhman
2202,uzb-kzk-02693,0,2023-10-16 17:48:12,fruhman
2203,zim-bot-01210,1,2023-10-16 17:48:14,fruhman
2204,zim-bot-02024,0,2023-10-16 17:48:19,fruhman
2205,zim-saf-00313,1,2023-10-16 17:48:22,fruhman
2206,afg-taj-02499,1,2023-10-16 17:48:24,fruhman
2207,blz-gua-00141,1,2023-10-18 23:16:42,Skyler
2208,chn-mya-02870,1,2023-10-18 23:16:47,Skyler
2209,rus-kzk-16349,0,2023-10-18 23:16:52,Skyler
2210,drc-zam-00610,0,2023-10-18 23:16:53,Skyler
2211,usa-can-18934,0,2023-10-18 23:16:55,Skyler
2212,afg-pak-00703,0,2023-10-18 23:17:03,Skyler
2213,usa-can-16932,0,2023-10-18 23:17:06,Skyler
2214,taj-uzb-01348,0,2023-10-18 23:17:10,Skyler
2215,bra-bol-06073,1,2023-10-18 23:17:22,Skyler
2216,rus-kzk-00837,0,2023-10-18 23:17:29,Skyler
2217,eqg-gab-00582,0,2023-10-18 23:17:30,Skyler
2218,mal-bru-00700,0,2023-10-18 23:40:00,Skyler
2219,thi-lao-00234,1,2023-10-18 23:48:23,Skyler
2220,chn-ind-00676,1,2023-10-18 23:49:09,Skyler
2221,ven-guy-00188,0,2023-10-18 23:49:11,Skyler
2222,kyr-chn-01241,1,2023-10-18 23:49:14,Skyler
2223,chn-mya-00859,0,2023-10-18 23:49:16,Skyler
2224,cha-sud-03412,0,2023-10-18 23:49:19,Skyler
2225,cen-drc-01349,1,2023-10-18 23:49:22,Skyler
2226,bra-frn-00097,0,2023-10-18 23:49:25,Skyler
2227,uzb-kzk-03588,0,2023-10-18 23:49:27,Skyler
2228,gui-lbr-00368,1,2023-10-18 23:49:29,Skyler
2229,aus-ita-00021,0,2023-10-18 23:49:36,Skyler
2230,usa-can-12055,1,2023-10-18 23:49:37,Skyler
2231,usa-can-15206,0,2023-10-18 23:49:45,Skyler
2232,ukr-blr-02379,1,2023-10-18 23:49:47,Skyler
2233,uae-oma-00543,1,2023-10-18 23:49:49,Skyler
2234,bra-frn-00458,0,2023-10-18 23:49:51,Skyler
2235,usa-can-16932,0,2023-10-18 23:49:53,Skyler
2236,eri-sud-00778,0,2023-10-18 23:49:57,Skyler
2237,mli-bfo-01946,0,2023-10-18 23:49:59,Skyler
2238,rus-grg-01384,1,2023-10-18 23:50:05,Skyler
2239,bra-bol-02572,0,2023-10-18 23:50:07,Skyler
2240,gui-sie-00942,0,2023-10-18 23:50:10,Skyler
2241,gmy-czr-01779,0,2023-10-18 23:50:13,Skyler
2242,rus-kzk-02656,1,2023-10-18 23:50:16,Skyler
2243,aus-hun-00431,1,2023-10-18 23:50:29,Skyler
2244,est-lat-00142,1,2023-10-18 23:50:31,Skyler
2245,chn-mya-04164,1,2023-10-18 23:50:37,Skyler
2246,rus-grg-01596,1,2023-10-18 23:50:39,Skyler
2247,usa-can-00511,0,2023-10-18 23:50:51,Skyler
2248,guy-sur-01367,1,2023-10-18 23:50:55,Skyler
2249,maa-alg-00725,0,2023-10-18 23:50:56,Skyler
2250,alg-tun-00503,1,2023-10-18 23:51:06,Skyler
2251,per-bra-04811,1,2023-10-18 23:51:08,Skyler
2252,frn-spn-00572,0,2023-10-18 23:51:13,Skyler
2253,rus-ukr-02602,1,2023-10-18 23:51:15,Skyler
2254,con-drc-04051,0,2023-10-18 23:51:17,Skyler
2255,cha-sud-01273,0,2023-10-18 23:51:19,Skyler
2256,chl-arg-01761,1,2023-10-18 23:51:22,Skyler
2257,chn-prk-01241,1,2023-10-18 23:51:26,Skyler
2258,rus-ukr-02602,1,2023-10-18 23:51:27,Skyler
2259,bra-par-00211,0,2023-10-18 23:51:29,Skyler
2260,gui-lbr-01100,1,2023-10-18 23:51:36,Skyler
2261,col-ven-01087,1,2023-10-18 23:51:43,Skyler
2262,tkm-uzb-00666,0,2023-10-18 23:51:44,Skyler
2263,rus-ukr-03835,1,2023-10-18 23:51:52,Skyler
2264,usa-can-09114,1,2023-10-18 23:51:53,Skyler
2265,cha-sud-00678,0,2023-10-18 23:51:57,Skyler
2266,irn-tur-00266,1,2023-10-18 23:52:05,Skyler
2267,sud-ssd-00381,0,2023-10-18 23:52:09,Skyler
2268,chn-mon-01863,0,2023-10-19 00:14:29,carrino
2269,taz-bui-00959,1,2023-10-19 00:14:48,carrino
2270,drc-ang-04016,1,2023-10-19 00:14:56,carrino
2271,est-lat-00702,1,2023-10-19 00:14:57,carrino
2272,mzm-zim-02926,0,2023-10-19 00:15:05,carrino
2273,irn-tkm-00840,1,2023-10-19 00:15:11,carrino
2274,ind-mya-00502,0,2023-10-19 00:15:16,carrino
2275,chn-prk-02748,0,2023-10-19 00:15:20,carrino
2276,zim-bot-00034,1,2023-10-19 00:15:25,carrino
2277,pol-czr-00829,1,2023-10-19 00:15:36,carrino
2278,afg-tkm-01262,1,2023-10-19 00:15:50,carrino
2279,ben-nir-00188,1,2023-10-19 00:16:07,carrino
2280,bol-chl-00310,1,2023-10-19 00:16:16,carrino
2281,col-ven-03272,0,2023-10-19 00:16:20,carrino
2282,ind-pak-01417,1,2023-10-19 00:16:26,carrino
2283,usa-can-19255,0,2023-10-19 00:16:28,carrino
2284,eth-eri-01571,1,2023-10-19 00:16:40,carrino
2285,irn-tur-00401,1,2023-10-19 00:16:46,carrino
2286,chl-arg-00188,1,2023-10-19 00:16:53,carrino
2287,per-bra-00800,0,2023-10-19 00:18:31,carrino
2288,eth-sud-01384,0,2023-10-19 00:18:37,carrino
2289,bra-uru-01479,1,2023-10-19 00:18:41,carrino
2290,bol-chl-01402,1,2023-10-19 00:18:56,carrino
2291,saf-bot-00335,0,2023-10-19 00:19:01,carrino
2292,irn-irq-02657,1,2023-10-19 00:19:13,carrino
2293,lib-egy-01487,1,2023-10-19 00:19:13,carrino
2294,par-arg-03530,1,2023-10-19 00:19:31,carrino
2295,mld-ukr-01460,0,2023-10-19 00:19:32,carrino
2296,mli-maa-03473,0,2023-10-19 00:19:41,carrino
2297,afg-tkm-01297,1,2023-10-19 00:19:55,carrino
2298,mal-ins-02683,0,2023-10-19 00:19:58,carrino
2299,par-arg-00507,1,2023-10-19 00:20:03,carrino
2300,chn-nep-01222,0,2023-10-19 00:20:57,carrino
2301,thi-cam-01643,0,2023-10-19 00:21:16,carrino
2302,taz-bui-00217,1,2023-10-19 00:21:22,carrino
2303,rus-grg-01596,1,2023-10-19 00:21:31,carrino
2304,mld-rom-00704,1,2023-10-19 00:21:37,carrino
2305,rus-lat-00529,1,2023-10-19 00:21:44,carrino
2306,taz-zam-00615,1,2023-10-19 00:22:13,carrino
2307,chn-nep-01264,1,2023-10-19 00:22:25,carrino
2308,frn-spn-01117,1,2023-10-19 00:22:38,carrino
2309,ins-etm-00172,1,2023-10-19 00:22:42,carrino
2310,ven-bra-03275,0,2023-10-19 00:22:44,carrino
2311,mya-thi-04023,0,2023-10-19 00:22:48,carrino
2312,drc-ang-04402,1,2023-10-19 00:22:57,carrino
2313,bng-mya-00196,0,2023-10-19 00:23:05,carrino
2314,col-ven-01268,1,2023-10-19 00:23:16,carrino
2315,usa-mex-06194,1,2023-10-19 00:23:28,carrino
2316,alb-kos-00244,1,2023-10-19 00:23:44,carrino
2317,usa-can-13368,1,2023-10-19 00:23:48,carrino
2318,fin-nor-01165,1,2023-10-19 00:23:55,carrino
2319,bol-chl-01307,0,2023-10-19 00:24:01,carrino
2320,mzm-zim-02926,1,2023-10-19 00:24:08,carrino
2321,col-ecu-00452,0,2023-10-19 00:24:12,carrino
2322,sud-ssd-04246,1,2023-10-19 00:24:17,carrino
2323,irn-afg-01601,0,2023-10-19 00:24:19,carrino
2324,thi-lao-00712,1,2023-10-19 00:24:47,carrino
2325,usa-can-18252,0,2023-10-19 00:24:51,carrino
2326,col-per-01528,0,2023-10-19 00:24:53,carrino
2327,usa-can-19922,1,2023-10-19 00:24:59,carrino
2328,bra-arg-00100,0,2023-10-19 00:25:06,carrino
2329,nam-bot-00463,1,2023-10-19 00:25:07,carrino
2330,fin-nor-01393,0,2023-10-19 00:25:16,carrino
2331,cam-drv-00946,1,2023-10-19 00:25:22,carrino
2332,drc-ang-04730,1,2023-10-19 00:25:32,carrino
2333,sud-egy-00777,0,2023-10-19 00:25:33,carrino
2334,gab-con-03330,0,2023-10-19 00:25:38,carrino
2335,jor-isr-00834,0,2023-10-19 00:25:42,carrino
2336,sud-egy-00777,1,2023-10-19 00:25:53,carrino
2337,chn-nep-01264,1,2023-10-19 00:26:00,carrino
2338,ukr-blr-01488,0,2023-10-19 00:26:07,carrino
2339,mya-thi-04962,1,2023-10-19 00:26:12,carrino
2340,jor-sau-01124,0,2023-10-19 00:26:14,carrino
2341,con-ang-00346,0,2023-10-19 00:26:20,carrino
2342,mli-maa-00621,0,2023-10-19 00:26:24,carrino
2343,saf-bot-00265,1,2023-10-19 00:26:45,carrino
2344,bol-arg-01435,1,2023-10-19 00:27:01,carrino
2345,hai-dom-00710,1,2023-10-19 00:27:36,carrino
2346,mex-gua-00846,1,2023-10-19 00:27:43,carrino
2347,bol-chl-02134,1,2023-10-19 00:27:52,carrino
2348,tur-syr-02048,1,2023-10-19 00:27:56,carrino
2349,taj-uzb-01503,0,2023-10-19 00:27:58,carrino
2350,nam-bot-01715,1,2023-10-19 00:28:02,carrino
2351,chn-ind-05429,1,2023-10-19 00:28:09,carrino
2352,con-drc-00935,0,2023-10-19 00:28:15,carrino
2353,taz-maw-00243,1,2023-10-19 00:28:20,carrino
2354,nir-cha-01888,0,2023-10-19 00:28:22,carrino
2355,rus-kzk-11715,1,2023-10-19 00:28:26,carrino
2356,spn-por-02166,1,2023-10-19 00:28:33,carrino
2357,zim-bot-00573,1,2023-10-19 00:28:37,carrino
2358,par-arg-02402,0,2023-10-19 00:28:39,carrino
2359,rus-kzk-00091,0,2023-10-19 00:28:40,carrino
2360,cao-cen-00178,1,2023-10-19 00:28:44,carrino
2361,sau-yem-02084,0,2023-10-19 00:28:49,carrino
2362,par-arg-00994,1,2023-10-19 00:28:53,carrino
2363,mli-bfo-02669,1,2023-10-19 00:28:59,carrino
2364,chn-mon-06200,0,2023-10-19 00:29:01,carrino
2365,usa-mex-01439,1,2023-10-19 00:29:06,carrino
2366,mng-bos-00339,1,2023-10-19 00:29:10,carrino
2367,rus-chn-09525,1,2023-10-19 00:29:16,carrino
2368,gnb-gui-00095,1,2023-10-19 00:29:21,carrino
2369,rus-ukr-02768,1,2023-10-19 00:30:17,carrino
2370,arm-aze-01299,1,2023-10-19 00:30:24,carrino
2371,uae-oma-00543,1,2023-10-19 00:30:34,carrino
2372,cha-lib-00318,0,2023-10-19 00:30:39,carrino
2373,chn-mon-02146,1,2023-10-19 00:30:44,carrino
2374,nic-cos-00129,0,2023-10-19 00:30:46,carrino
2375,cao-nig-02543,1,2023-10-19 00:30:54,carrino
2376,ins-png-01995,0,2023-10-19 00:31:01,carrino
2377,mld-ukr-01596,1,2023-10-19 00:31:10,carrino
2378,hun-slv-00142,1,2023-10-19 00:31:14,carrino
2379,swd-nor-01375,0,2023-10-19 00:31:19,carrino
2380,mli-maa-00621,0,2023-10-19 00:31:25,carrino
2381,chn-nep-02930,0,2023-10-19 00:31:31,carrino
2382,zim-saf-00093,0,2023-10-19 00:31:40,carrino
2383,eth-eri-01571,1,2023-10-19 00:31:42,carrino
2384,mzm-zim-01436,1,2023-10-19 00:31:54,carrino
2385,fin-nor-01393,1,2023-10-19 00:32:02,carrino
2386,saf-bot-00804,1,2023-10-19 00:32:08,carrino
2387,bra-bol-02751,0,2023-10-19 00:32:21,carrino
2388,mli-sen-00915,1,2023-10-19 00:32:27,carrino
2389,saf-nam-02377,1,2023-10-19 00:34:17,carrino
2390,ind-nep-00529,1,2023-10-19 00:34:31,carrino
2391,irn-irq-00570,0,2023-10-19 00:34:43,carrino
2392,pol-rus-00526,1,2023-10-19 00:34:47,carrino
2393,cen-drc-01635,0,2023-10-19 00:34:55,carrino
2394,rus-fin-02107,1,2023-10-19 00:35:28,carrino
2395,sen-maa-01364,1,2023-10-19 00:35:38,carrino
2396,uzb-kzk-00304,1,2023-10-19 00:35:44,carrino
2397,per-bra-02354,0,2023-10-19 00:35:48,carrino
2398,rus-kzk-11715,1,2023-10-19 00:35:54,carrino
2399,bol-par-01713,0,2023-10-19 00:36:03,carrino
2400,ind-pak-03784,1,2023-10-19 00:36:11,carrino
2401,bol-par-01713,1,2023-10-19 00:36:14,carrino
2402,aus-ita-00689,0,2023-10-19 00:36:33,carrino
2403,cao-cha-01769,1,2023-10-19 00:36:39,carrino
2404,swd-nor-01375,0,2023-10-19 00:36:43,carrino
2405,ven-guy-00188,0,2023-10-19 00:36:45,carrino
2406,syr-isr-00086,0,2023-10-19 00:36:49,carrino
2407,fin-swd-00355,1,2023-10-19 00:37:04,carrino
2408,zim-bot-01591,1,2023-10-19 00:37:10,carrino
2409,mli-maa-01810,1,2023-10-19 00:37:16,carrino
2410,mzm-maw-02114,1,2023-10-19 00:37:20,carrino
2411,rus-ukr-04860,0,2023-10-19 00:37:26,carrino
2412,ang-nam-00618,1,2023-10-19 00:37:31,carrino
2413,gui-lbr-00949,1,2023-10-19 00:37:39,carrino
2414,chn-mon-08206,1,2023-10-19 00:37:44,carrino
2415,cdi-gui-00055,0,2023-10-19 00:38:29,carrino
2416,est-lat-00702,1,2023-10-19 00:38:33,carrino
2417,par-arg-00757,1,2023-10-19 00:38:38,carrino
2418,saf-bot-01703,1,2023-10-19 00:38:42,carrino
2419,afg-tkm-01526,1,2023-10-19 00:38:48,carrino
2420,aus-ita-00582,1,2023-10-19 00:38:52,carrino
2421,rus-mon-05464,1,2023-10-19 00:39:01,carrino
2422,rus-chn-05409,0,2023-10-19 00:39:03,carrino
2423,bra-par-03738,0,2023-10-19 00:39:06,carrino
2424,ind-mya-01003,0,2023-10-19 00:39:17,carrino
2425,bra-arg-00100,0,2023-10-19 00:39:19,carrino
2426,uzb-kzk-00538,1,2023-10-19 00:39:25,carrino
2427,mli-maa-01234,1,2023-10-19 00:39:31,carrino
2428,mex-gua-01508,1,2023-10-19 00:39:46,carrino
2429,ind-nep-00398,1,2023-10-19 00:39:52,carrino
2430,pan-col-00627,0,2023-10-19 00:39:54,carrino
2431,nir-lib-00244,0,2023-10-19 00:39:56,carrino
2432,taz-mzm-00951,1,2023-10-19 00:40:01,carrino
2433,gab-con-03223,0,2023-10-19 00:40:06,carrino
2434,mli-maa-01234,1,2023-10-19 00:40:11,carrino
2435,bul-rom-00929,0,2023-10-19 00:40:13,carrino
2436,rus-mon-05172,0,2023-10-19 00:40:18,carrino
2437,bel-frn-00562,1,2023-10-19 00:42:30,carrino
2438,bra-bol-04269,1,2023-10-19 00:42:35,carrino
2439,saf-bot-01703,1,2023-10-19 00:42:37,carrino
2440,chn-ind-01027,0,2023-10-19 00:42:40,carrino
2441,sud-ssd-04246,1,2023-10-19 00:42:44,carrino
2442,rus-kzk-06915,0,2023-10-19 00:42:49,carrino
2443,col-per-00670,0,2023-10-19 00:42:51,carrino
2444,eth-eri-01449,1,2023-10-19 00:42:57,carrino
2445,gmy-pol-01041,1,2023-10-19 00:43:04,carrino
2446,ind-bng-02032,1,2023-10-19 00:43:08,carrino
2447,ven-guy-01702,1,2023-10-19 00:43:20,carrino
2448,gha-tog-00544,1,2023-10-19 00:43:23,carrino
2449,dji-eth-00063,1,2023-10-19 00:43:27,carrino
2450,tun-lib-00357,1,2023-10-19 00:43:31,carrino
2451,afg-pak-03492,0,2023-10-19 00:43:35,carrino
2452,gui-lbr-01100,1,2023-10-19 00:43:38,carrino
2453,chn-bhu-01336,0,2023-10-19 00:43:42,carrino
2454,chl-arg-04967,0,2023-10-19 00:43:48,carrino
2455,rus-mon-07619,0,2023-10-19 00:43:53,carrino
2456,usa-can-06120,0,2023-10-19 00:43:54,carrino
2457,uzb-kzk-02117,1,2023-10-19 00:43:58,carrino
2458,con-drc-01111,0,2023-10-19 00:44:01,carrino
2459,mzm-zim-02933,1,2023-10-19 00:44:12,carrino
2460,uzb-kzk-04872,1,2023-10-19 00:44:15,carrino
2461,cro-yug-00352,0,2023-10-19 00:44:19,carrino
2462,kyr-chn-01695,1,2023-10-19 00:44:24,carrino
2463,mli-maa-03684,0,2023-10-19 00:44:28,carrino
2464,gui-sie-00942,1,2023-10-19 00:44:32,carrino
2465,irn-pak-01790,1,2023-10-19 00:44:36,carrino
2466,aze-irn-00058,1,2023-10-19 00:44:38,carrino
2467,col-per-02818,0,2023-10-19 00:44:43,carrino
2468,hai-dom-00785,1,2023-10-19 00:44:48,carrino
2469,con-drc-01453,0,2023-10-19 00:44:49,carrino
2470,zim-bot-02024,1,2023-10-19 00:44:55,carrino
2471,taj-kyr-01437,1,2023-10-19 00:45:02,carrino
2472,cha-sud-00964,0,2023-10-19 00:45:07,carrino
2473,mld-rom-00753,1,2023-10-19 00:45:12,carrino
2474,rus-kzk-12627,1,2023-10-19 00:45:14,carrino
2475,chl-arg-13223,0,2023-10-19 00:45:17,carrino
2476,zam-maw-01814,0,2023-10-19 00:45:21,carrino
2477,mac-kos-00096,1,2023-10-19 00:45:25,carrino
2478,chl-arg-13578,0,2023-10-19 00:45:27,carrino
2479,kyr-chn-01767,1,2023-10-19 00:45:32,carrino
2480,chl-arg-07485,0,2023-10-19 00:45:45,carrino
2481,ind-pak-00751,1,2023-10-19 00:45:52,carrino
2482,taj-kyr-01056,0,2023-10-19 00:45:58,carrino
2483,gui-sie-00164,1,2023-10-19 00:46:06,carrino
2484,som-eth-02943,0,2023-10-19 00:46:10,carrino
2485,usa-can-05781,0,2023-10-19 00:46:11,carrino
2486,usa-can-01300,0,2023-10-19 00:46:13,carrino
2487,rus-chn-09741,1,2023-10-19 00:46:18,carrino
2488,ind-mya-00161,0,2023-10-19 00:46:21,carrino
2489,frn-swz-01371,1,2023-10-19 00:46:31,carrino
2490,jor-sau-01153,0,2023-10-19 00:48:04,carrino
2491,ven-guy-00688,1,2023-10-19 00:48:11,carrino
2492,aze-irn-01365,1,2023-10-19 00:48:16,carrino
2493,saf-les-00594,1,2023-10-19 00:48:19,carrino
2494,gmy-czr-01779,0,2023-10-19 00:48:25,carrino
2495,aus-slv-00496,1,2023-10-19 00:48:31,carrino
2496,mli-maa-05234,0,2023-10-19 00:48:34,carrino
2497,irn-pak-01664,0,2023-10-19 00:48:36,carrino
2498,chn-drv-02550,1,2023-10-19 00:48:42,carrino
2499,thi-cam-00401,1,2023-10-19 00:48:51,carrino
2500,arm-aze-02557,0,2023-10-19 00:48:57,carrino
2501,dji-eth-00063,1,2023-10-19 00:49:02,carrino
2502,afg-pak-04715,0,2023-10-19 00:49:04,carrino
2503,bra-par-01269,1,2023-10-19 16:00:00,akula
2504,afg-tkm-01952,0,2023-10-19 16:00:05,akula
2505,bel-gmy-00248,1,2023-10-19 16:00:07,akula
2506,kyr-kzk-02534,1,2023-10-19 16:00:08,akula
2507,chn-ind-00747,1,2023-10-19 16:00:10,akula
2508,eth-eri-00480,0,2023-10-19 16:00:11,akula
2509,chl-arg-01777,1,2023-10-19 16:00:13,akula
2510,pol-ukr-00884,0,2023-10-19 16:00:19,akula
2511,zim-bot-02024,1,2023-10-19 16:00:25,akula
2512,chn-mon-06606,0,2023-10-19 16:00:27,akula
2513,gui-sie-01506,1,2023-10-19 16:00:32,akula
2514,chn-mon-02212,0,2023-10-19 16:00:35,akula
2515,chn-ind-00426,1,2023-10-19 16:00:37,akula
2516,mli-maa-05234,0,2023-10-19 16:00:41,akula
2517,chn-prk-02744,0,2023-10-19 16:00:44,akula
2518,drc-ang-01530,1,2023-10-19 16:00:46,akula
2519,taz-bui-00260,1,2023-10-19 16:00:49,akula
2520,frn-spn-01221,0,2023-10-19 16:00:55,akula
2521,par-arg-00757,0,2023-10-19 16:00:57,akula
2522,mac-kos-00096,1,2023-10-19 16:01:02,akula
2523,alg-lib-01513,0,2023-10-19 16:01:06,akula
2524,uzb-kzk-02693,0,2023-10-19 16:01:09,akula
2525,taj-kyr-00735,0,2023-10-19 16:01:11,akula
2526,aus-slv-00496,1,2023-10-19 16:01:16,akula
2527,mzm-zam-00126,0,2023-10-19 16:01:20,akula
2528,chl-arg-02270,0,2023-10-19 16:01:22,akula
2529,sen-maa-02372,0,2023-10-19 16:01:24,akula
2530,grc-tur-00467,1,2023-10-19 16:01:29,akula
2531,ven-guy-01163,0,2023-10-19 16:01:31,akula
2532,aze-irn-00058,1,2023-10-19 16:01:33,akula
2533,guy-sur-00046,0,2023-10-19 16:01:35,akula
2534,rus-kzk-06915,1,2023-10-19 16:01:37,akula
2535,bra-arg-03409,1,2023-10-19 16:01:41,akula
2536,gnb-sen-00845,0,2023-10-19 16:01:47,akula
2537,chl-arg-11840,0,2023-10-19 16:01:48,akula
2538,tur-syr-00298,1,2023-10-19 16:01:50,akula
2539,kyr-kzk-02339,1,2023-10-19 16:01:54,akula
2540,hon-nic-00741,1,2023-10-19 16:01:56,akula
2541,drc-ssd-00560,0,2023-10-19 16:01:57,akula
2542,eth-eri-01565,1,2023-10-19 16:01:59,akula
2543,drc-ang-00765,0,2023-10-19 16:02:03,akula
2544,cen-drc-01447,0,2023-10-19 16:02:04,akula
2545,bra-bol-00232,1,2023-10-19 16:03:20,akula
2546,guy-sur-00046,0,2023-10-19 16:03:22,akula
2547,swz-ita-01354,1,2023-10-19 16:03:24,akula
2548,fin-swd-01336,0,2023-10-19 16:03:27,akula
2549,som-eth-00509,1,2023-10-19 16:03:29,akula
2550,rus-mon-02225,0,2023-10-19 16:03:34,akula
2551,lib-egy-01487,1,2023-10-19 16:03:37,akula
2552,tkm-kzk-00131,0,2023-10-19 16:03:42,akula
2553,arm-aze-03815,1,2023-10-19 16:03:46,akula
2554,ven-bra-00044,0,2023-10-19 16:03:48,akula
2555,usa-can-02020,1,2023-10-19 16:03:54,akula
2556,chn-ind-02174,0,2023-10-19 16:04:02,akula
2557,ben-bfo-00300,1,2023-10-19 16:04:07,akula
2558,thi-cam-01022,1,2023-10-19 16:04:09,akula
2559,con-drc-03723,0,2023-10-19 16:04:12,akula
2560,ind-nep-02627,0,2023-10-19 16:04:14,akula
2561,thi-lao-02728,1,2023-10-19 16:04:17,akula
2562,kyr-uzb-00845,1,2023-10-19 16:04:19,akula
2563,usa-mex-03318,1,2023-10-19 16:04:23,akula
2564,jor-sau-01411,1,2023-10-19 16:04:25,akula
2565,eth-ssd-00171,1,2023-10-19 16:04:27,akula
2566,aze-irn-00634,1,2023-10-19 16:04:29,akula
2567,ken-eth-01903,1,2023-10-19 16:04:31,akula
2568,hon-nic-00741,1,2023-10-19 16:04:32,akula
2569,irq-sau-01834,1,2023-10-19 16:04:34,akula
2570,pol-slo-00049,1,2023-10-19 16:04:38,akula
2571,afg-tkm-01952,1,2023-10-19 16:04:40,akula
2572,bra-par-01269,1,2023-10-19 16:04:41,akula
2573,sau-yem-01585,1,2023-10-19 16:04:44,akula
2574,irn-pak-00408,0,2023-10-19 16:04:49,akula
2575,frn-swz-01379,1,2023-10-19 16:04:53,akula
2576,mal-bru-00524,1,2023-10-19 16:04:58,akula
2577,sud-ssd-00998,0,2023-10-19 16:05:04,akula
2578,ven-bra-00547,0,2023-10-19 16:05:07,akula
2579,ind-pak-04256,1,2023-10-19 16:05:09,akula
2580,usa-can-13930,1,2023-10-19 16:05:11,akula
2581,eth-ssd-01152,1,2023-10-19 16:05:19,akula
2582,mal-bru-00524,1,2023-10-19 16:05:22,akula
2583,mor-alg-01681,0,2023-10-19 16:05:27,akula
2584,taz-rwa-00358,0,2023-10-19 16:05:33,akula
2585,frn-swz-00207,1,2023-10-19 16:05:38,akula
2586,uga-ken-01007,0,2023-10-19 16:05:42,akula
2587,eth-ssd-01152,1,2023-10-19 16:05:44,akula
2588,hun-rom-01030,0,2023-10-19 16:05:51,akula
2589,rus-mon-07655,1,2023-10-19 16:05:54,akula
2590,kyr-uzb-01054,1,2023-10-19 16:05:57,akula
2591,alb-grc-00118,1,2023-10-19 16:05:59,akula
2592,par-arg-00942,0,2023-10-19 16:06:03,akula
2593,eth-ssd-01289,1,2023-10-19 16:06:06,akula
2594,thi-mal-00711,1,2023-10-19 16:06:12,akula
2595,hon-nic-01301,1,2023-10-19 16:06:14,akula
2596,guy-sur-00300,1,2023-10-19 16:06:17,akula
2597,col-per-02190,0,2023-10-19 16:06:19,akula
2598,usa-can-06120,0,2023-10-19 16:06:23,akula
2599,ben-tog-00008,1,2023-10-19 16:06:24,akula
2600,ind-bhu-00254,1,2023-10-19 16:06:30,akula
2601,mli-nir-00777,0,2023-10-19 16:06:34,akula
2602,rus-kzk-00530,0,2023-10-19 16:06:38,akula
2603,irq-syr-01247,1,2023-10-19 16:06:42,akula
2604,kyr-uzb-01156,1,2023-10-19 16:06:48,akula
2605,afg-taj-02086,1,2023-10-19 16:06:49,akula
2606,taz-zam-00269,1,2023-10-19 16:06:57,akula
2607,tur-syr-01748,1,2023-10-19 16:06:58,akula
2608,cao-nig-03451,1,2023-10-19 16:07:00,akula
2609,gnb-sen-00845,0,2023-10-19 16:07:04,akula
2610,chl-arg-03286,1,2023-10-19 16:07:06,akula
2611,lat-lit-00428,1,2023-10-19 16:07:08,akula
2612,ben-bfo-00747,1,2023-10-19 16:07:12,akula
2613,alg-tun-00087,1,2023-10-19 16:07:15,akula
2614,gam-sen-01285,1,2023-10-19 16:07:19,akula
2615,usa-can-12895,0,2023-10-19 16:07:25,akula
2616,swz-gmy-00088,0,2023-10-19 16:07:27,akula
2617,par-arg-02157,1,2023-10-19 16:07:36,akula
2618,rus-kzk-00823,1,2023-10-19 16:07:38,akula
2619,thi-lao-00712,1,2023-10-19 16:07:39,akula
2620,maa-alg-00725,0,2023-10-19 16:07:44,akula
2621,eth-ssd-01289,1,2023-10-19 16:07:46,akula
2622,ven-bra-02589,0,2023-10-19 16:07:52,akula
2623,lat-blr-00313,1,2023-10-19 16:08:00,akula
2624,ven-guy-01702,0,2023-10-19 16:08:09,akula
2625,par-arg-00994,0,2023-10-19 16:08:15,akula
2626,sau-oma-00642,0,2023-10-19 16:08:19,akula
2627,mor-alg-01681,0,2023-10-19 16:08:21,akula
2628,chl-arg-03773,0,2023-10-19 16:08:24,akula
2629,saf-nam-02287,1,2023-10-19 16:08:27,akula
2630,cro-yug-00796,1,2023-10-19 16:08:47,akula
2631,hun-slo-00496,1,2023-10-19 16:08:50,akula
2632,bel-frn-00484,1,2023-10-19 16:08:53,akula
2633,irn-pak-01288,0,2023-10-19 16:08:57,akula
2634,eth-ssd-02072,1,2023-10-19 16:08:59,akula
2635,bel-frn-00562,1,2023-10-19 16:09:04,akula
2636,lib-egy-01520,0,2023-10-19 16:09:08,akula
2637,ind-pak-00399,1,2023-10-19 16:09:10,akula
2638,ind-bng-02377,1,2023-10-19 16:09:12,akula
2639,col-per-02315,0,2023-10-19 16:09:17,akula
2640,bra-arg-02059,0,2023-10-19 16:09:19,akula
2641,kzk-chn-03378,1,2023-10-19 16:09:24,akula
2642,grc-bul-00912,0,2023-10-19 16:09:37,akula
2643,bra-arg-00612,0,2023-10-19 16:09:43,akula
2644,chl-arg-06574,1,2023-10-19 16:09:51,akula
2645,guy-bra-00252,0,2023-10-19 16:09:53,akula
2646,chl-arg-06632,1,2023-10-19 16:09:58,akula
2647,rus-chn-00406,1,2023-10-19 16:10:01,akula
2648,cao-nig-03451,1,2023-10-19 16:10:04,akula
2649,mli-nir-01650,0,2023-10-19 16:10:07,akula
2650,usa-can-02433,1,2023-10-20 15:21:12,akula
2651,kzk-chn-03471,1,2023-10-20 15:21:14,akula
2652,uga-ken-01007,0,2023-10-20 15:21:16,akula
2653,lib-egy-01520,0,2023-10-20 15:21:18,akula
2654,par-arg-01042,0,2023-10-20 15:21:21,akula
2655,frn-swz-01379,1,2023-10-20 15:21:25,akula
2656,zam-maw-00896,0,2023-10-20 15:21:28,akula
2657,yug-rom-00743,1,2023-10-20 15:21:31,akula
2658,saf-nam-02288,1,2023-10-20 15:21:33,akula
2659,zam-maw-00982,1,2023-10-20 15:21:36,akula
2660,col-per-02333,1,2023-10-20 15:21:39,akula
2661,rus-kzk-07482,1,2023-10-20 15:21:41,akula
2662,mor-alg-01318,1,2023-10-20 15:21:44,akula
2663,ind-bng-03285,1,2023-10-20 15:21:46,akula
2664,uga-ken-01177,0,2023-10-20 15:21:48,akula
2665,rus-kzk-00837,0,2023-10-20 15:21:51,akula
2666,hun-yug-00180,1,2023-10-20 15:21:53,akula
2667,rus-chn-05516,0,2023-10-20 15:21:57,akula
2668,grc-bul-00912,0,2023-10-20 15:21:59,akula
2669,sur-bra-00914,0,2023-10-20 15:22:01,akula
2670,bel-frn-01383,1,2023-10-20 15:22:03,akula
2671,gam-sen-01838,1,2023-10-20 15:22:06,akula
2672,usa-mex-00608,1,2023-10-20 15:22:09,akula
2673,usa-can-06075,0,2023-10-20 15:22:11,akula
2674,rus-kzk-01256,0,2023-10-20 15:22:13,akula
2675,lao-drv-02161,1,2023-10-20 15:22:15,akula
2676,alg-lib-02114,0,2023-10-20 15:22:17,akula
2677,lao-drv-02724,0,2023-10-20 15:22:19,akula
2678,col-per-03105,1,2023-10-20 15:22:20,akula
2679,eth-sud-00689,0,2023-10-20 15:22:22,akula
2680,ukr-blr-00198,1,2023-10-20 15:22:24,akula
2681,nir-alg-01553,0,2023-10-20 15:22:26,akula
2682,chn-mon-02212,0,2023-10-20 15:22:28,akula
2683,chl-arg-06632,1,2023-10-20 15:22:30,akula
2684,lat-lit-00603,1,2023-10-20 15:22:32,akula
2685,afg-pak-01018,1,2023-10-20 15:22:36,akula
2686,mli-nir-01757,0,2023-10-20 15:22:39,akula
2687,usa-can-13368,1,2023-10-20 15:22:40,akula
2688,sen-maa-02372,0,2023-10-20 15:22:42,akula
2689,gam-sen-01859,1,2023-10-20 15:22:47,akula
2690,bra-arg-00612,0,2023-10-20 15:22:48,akula
2691,chn-mon-12050,1,2023-10-20 15:22:53,akula
2692,rus-kzk-10680,1,2023-10-20 15:22:57,akula
2693,nam-bot-03003,1,2023-10-20 15:22:59,akula
2694,sud-ssd-00998,0,2023-10-20 15:23:01,akula
2695,chn-prk-02748,0,2023-10-20 15:23:02,akula
2696,zim-saf-00491,0,2023-10-20 15:23:05,akula
2697,nir-bfo-00513,1,2023-10-20 15:23:11,akula
2698,swz-ita-00151,1,2023-10-20 15:23:13,akula
2699,gui-sie-00995,0,2023-10-20 15:23:14,akula
2700,ind-bng-03285,1,2023-10-20 15:23:16,akula
2701,sud-ssd-01088,0,2023-10-20 15:23:18,akula
2702,gam-sen-02150,0,2023-10-20 15:23:24,akula
2703,ind-bng-03609,1,2023-10-20 15:23:26,akula
2704,rus-kzk-01824,1,2023-10-20 15:23:27,akula
2705,bra-arg-01049,1,2023-10-20 15:23:29,akula
2706,chl-arg-12631,1,2023-10-20 15:23:31,akula
2707,cam-drv-02102,1,2023-10-20 15:23:32,akula
2708,usa-can-10584,1,2023-10-20 15:23:35,akula
2709,swz-ita-00287,1,2023-10-20 15:23:38,akula
2710,eth-sud-00689,0,2023-10-20 15:23:41,akula
2711,grc-tur-00327,1,2023-10-20 15:23:42,akula
2712,yug-rom-00743,1,2023-10-20 15:23:46,akula
2713,sur-frn-00114,1,2023-10-20 15:23:48,akula
2714,usa-can-14780,0,2023-10-20 15:23:50,akula
2715,bra-par-01640,1,2023-10-20 15:23:51,akula
2716,bra-bol-00847,1,2023-10-20 15:23:53,akula
2717,rus-kzk-02689,1,2023-10-20 15:23:54,akula
2718,zam-maw-00982,1,2023-10-20 15:23:56,akula
2719,bra-par-03638,1,2023-10-20 15:23:57,akula
2720,zam-maw-01392,0,2023-10-20 15:24:00,akula
2721,lib-egy-02373,1,2023-10-20 15:24:02,akula
2722,lib-sud-00514,0,2023-10-20 15:24:03,akula
2723,arm-irn-00015,1,2023-10-20 15:24:05,akula
2724,usa-can-10803,1,2023-10-20 15:24:06,akula
2725,sau-oma-00642,1,2023-10-20 15:24:09,akula
2726,zam-maw-01497,0,2023-10-20 15:24:10,akula
2727,bra-arg-01049,1,2023-10-20 15:24:12,akula
2728,zam-maw-01856,1,2023-10-20 15:24:20,akula
2729,ben-tog-00008,1,2023-10-20 15:24:22,akula
2730,saf-nam-02288,1,2023-10-20 15:24:23,akula
2731,lib-sud-00514,0,2023-10-20 15:24:24,akula
2732,saf-nam-02377,1,2023-10-20 15:24:26,akula
2733,taj-kyr-01381,1,2023-10-20 15:24:28,akula
2734,bra-arg-01293,1,2023-10-20 15:24:29,akula
2735,rus-kzk-10680,1,2023-10-20 15:24:32,akula
2736,chn-bhu-01336,1,2023-10-20 15:24:36,akula
2737,bra-par-01640,1,2023-10-20 15:24:38,akula
2738,usa-can-10803,1,2023-10-20 15:24:49,akula
2739,chn-mon-02639,0,2023-10-20 15:24:53,akula
2740,usa-can-12055,1,2023-10-20 15:24:55,akula
2741,ang-nam-03243,1,2023-10-20 15:24:57,akula
2742,mor-alg-02495,0,2023-10-20 15:24:59,akula
2743,gha-tog-00172,1,2023-10-20 15:25:01,akula
2744,col-bra-03102,0,2023-10-20 15:25:02,akula
2745,lit-blr-00156,1,2023-10-20 15:25:05,akula
2746,nir-lib-00370,0,2023-10-20 15:25:06,akula
2747,guy-bra-00252,0,2023-10-20 15:25:09,akula
2748,taj-kyr-01381,1,2023-10-20 15:25:13,akula
2749,maa-mor-00555,0,2023-10-20 15:25:30,akula
2750,eth-sud-01384,0,2023-10-20 15:25:34,akula
2751,par-arg-03813,1,2023-10-20 15:25:36,akula
2752,cen-cha-01034,0,2023-10-20 15:25:39,akula
2753,ind-bng-05593,1,2023-10-20 15:25:42,akula
2754,cdi-bfo-00666,0,2023-10-20 15:25:45,akula
2755,grc-bul-01131,1,2023-10-20 15:25:47,akula
2756,guy-bra-03188,0,2023-10-20 15:25:49,akula
2757,pol-slo-00049,1,2023-10-20 15:25:54,akula
2758,mzm-maw-01389,0,2023-10-20 15:25:56,akula
2759,thi-lao-02728,1,2023-10-20 15:25:58,akula
2760,mli-nir-01757,0,2023-10-20 15:25:59,akula
2761,cro-bos-00964,1,2023-10-20 15:26:01,akula
2762,maa-mor-00555,0,2023-10-20 15:26:02,akula
2763,rus-kzk-15242,1,2023-10-20 15:26:04,akula
2764,zim-bot-00034,1,2023-10-20 15:26:06,akula
2765,alg-tun-00087,1,2023-10-20 15:26:08,akula
2766,bra-arg-02040,0,2023-10-20 15:26:10,akula
2767,cam-drv-02550,0,2023-10-20 15:26:14,akula
2768,hon-nic-00025,1,2023-10-20 15:26:18,akula
2769,rus-kzk-12029,1,2023-10-20 15:26:19,akula
2770,zim-bot-00443,1,2023-10-20 15:26:20,akula
2771,ind-bng-00204,1,2023-10-20 15:26:21,akula
2772,chn-drv-00346,1,2023-10-20 15:26:23,akula
2773,zim-bot-00443,1,2023-10-20 15:26:24,akula
2774,per-chl-00349,0,2023-10-20 15:26:25,akula
2775,nir-lib-00843,1,2023-10-20 15:26:29,akula
2776,chn-drv-01119,0,2023-10-20 15:26:32,akula
2777,mld-ukr-02493,1,2023-10-20 15:26:34,akula
2778,usa-can-12895,1,2023-10-20 15:26:40,akula
2779,spn-por-03349,1,2023-10-20 15:26:42,akula
2780,usa-mex-01959,1,2023-10-20 15:26:43,akula
2781,thi-lao-02846,1,2023-10-20 15:26:45,akula
2782,rus-kzk-12946,1,2023-10-20 15:26:47,akula
2783,cen-cha-01034,0,2023-10-20 15:26:49,akula
2784,mal-ins-02858,0,2023-10-20 15:26:50,akula
2785,mal-ins-00081,0,2023-10-20 15:26:54,akula
2786,zim-bot-00573,1,2023-10-20 15:26:56,akula
2787,fin-nor-00362,1,2023-10-20 15:27:02,akula
2788,som-eth-01003,0,2023-10-20 15:27:07,akula
2789,sur-frn-00114,1,2023-10-20 15:27:14,akula
2790,cen-drc-04218,0,2023-10-20 15:27:18,akula
2791,chn-mon-08791,0,2023-10-20 15:27:20,akula
2792,grc-bul-01131,1,2023-10-20 15:27:28,akula
2793,alg-tun-00255,1,2023-10-20 15:27:30,akula
2794,mal-ins-00081,0,2023-10-20 15:27:34,akula
2795,bel-frn-01383,1,2023-10-20 15:27:37,akula
2796,rus-kzk-13526,1,2023-10-20 15:27:39,akula
2797,sau-oma-01286,0,2023-10-20 15:27:42,akula
2798,bra-bol-03174,1,2023-10-20 15:27:44,akula
2799,pol-ukr-00420,0,2023-10-20 15:27:47,akula
2800,chn-drv-01119,0,2023-10-20 15:27:51,akula
2801,saf-swa-00441,1,2023-10-20 15:27:53,akula
2802,bra-bol-03577,1,2023-10-20 15:27:55,akula
2803,mal-ins-00284,1,2023-10-20 15:28:02,akula
2804,saf-swa-00441,1,2023-10-20 15:28:04,akula
2805,chn-ind-04444,0,2023-10-20 15:28:06,akula
2806,mli-nir-01989,0,2023-10-20 15:28:07,akula
2807,usa-can-16650,0,2023-10-20 15:28:09,akula
2808,mzm-maw-01684,1,2023-10-20 15:28:11,akula
2809,cen-ssd-02226,0,2023-10-20 15:28:14,akula
2810,ang-zam-01565,1,2023-10-20 15:28:17,akula
2811,sau-kuw-00220,1,2023-10-20 15:28:19,akula
2812,cdi-bfo-00834,1,2023-10-20 15:28:21,akula
2813,sau-uae-01095,1,2023-10-20 15:28:23,akula
2814,mal-ins-00298,0,2023-10-20 15:28:24,akula
2815,nir-nig-00920,1,2023-10-20 15:28:26,akula
2816,cao-cha-00511,1,2023-10-20 15:28:27,akula
2817,cos-pan-00161,1,2023-10-20 15:28:29,akula
2818,usa-can-13237,1,2023-10-20 15:28:30,akula
2819,sau-yem-01787,0,2023-10-20 15:28:32,akula
2820,cro-slv-01201,1,2023-10-20 15:28:39,akula
2821,mex-gua-01810,1,2023-10-20 15:28:45,akula
2822,mor-alg-02495,1,2023-10-20 15:28:47,akula
2823,chn-drv-01338,1,2023-10-20 15:28:49,akula
2824,col-per-03105,1,2023-10-20 15:28:50,akula
2825,thi-mal-01023,1,2023-10-20 15:28:52,akula
2826,ind-bng-07074,1,2023-10-20 15:28:53,akula
2827,zim-bot-01210,1,2023-10-20 15:28:55,akula
2828,ben-tog-01572,0,2023-10-20 15:28:57,akula
2829,zim-saf-00264,1,2023-10-20 15:28:59,akula
2830,usa-can-14780,0,2023-10-20 15:29:01,akula
2831,mal-ins-00934,1,2023-10-20 15:29:02,akula
2832,chn-ind-07400,0,2023-10-20 15:29:09,akula
2833,chn-mon-02890,0,2023-10-20 15:29:11,akula
2834,nir-nig-00939,0,2023-10-20 15:29:16,akula
2835,mal-ins-01079,0,2023-10-20 15:29:18,akula
2836,thi-lao-03969,0,2023-10-20 15:29:21,akula
2837,usa-can-14873,1,2023-10-20 15:29:23,akula
2838,zim-saf-00313,1,2023-10-20 15:29:27,akula
2839,grc-tur-00054,1,2023-10-20 15:29:29,akula
2840,cen-drc-00482,0,2023-10-20 15:29:30,akula
2841,ind-mya-01237,0,2023-10-20 15:29:33,akula
2842,mal-ins-01079,0,2023-10-20 15:29:35,akula
2843,bra-arg-02059,0,2023-10-20 15:29:36,akula
2844,grc-tur-00054,1,2023-10-20 15:29:37,akula
2845,bra-uru-00591,1,2023-10-20 15:29:40,akula
2846,mal-ins-02858,0,2023-10-20 15:29:41,akula
2847,par-arg-02157,1,2023-10-20 15:29:44,akula
2848,ang-zam-00124,0,2023-10-20 15:29:46,akula
2849,fin-nor-00362,1,2023-10-20 15:29:48,akula
2850,usa-can-15651,1,2023-10-20 15:29:49,akula
2851,mzm-zim-00697,1,2023-10-20 15:29:53,akula
2852,chn-drv-01750,0,2023-10-20 15:29:58,akula
2853,col-per-03504,1,2023-10-20 15:30:00,akula
2854,mzm-zam-01028,0,2023-10-20 15:30:05,akula
2855,som-eth-02943,0,2023-10-20 15:30:07,akula
2856,mal-ins-03020,0,2023-10-20 15:30:08,akula
2857,cao-cha-00511,1,2023-10-20 15:30:10,akula
2858,ind-mya-01237,0,2023-10-20 15:30:13,akula
2859,thi-lao-03969,0,2023-10-20 15:30:14,akula
2860,fin-nor-00564,0,2023-10-20 15:30:16,akula
2861,chn-mon-03346,0,2023-10-20 15:30:17,akula
2862,som-eth-02376,0,2023-10-20 15:30:19,akula
2863,cen-drc-01953,1,2023-10-20 15:30:21,akula
2864,chn-drv-02550,0,2023-10-20 15:30:26,akula
2865,chn-ind-04405,1,2023-10-20 15:30:28,akula
2866,cdi-bfo-00834,0,2023-10-20 15:30:35,akula
2867,cdi-gui-01265,1,2023-10-20 15:30:38,akula
2868,mya-lao-00151,1,2023-10-20 15:30:40,akula
2869,grc-tur-00327,1,2023-10-20 15:30:42,akula
2870,par-arg-03813,1,2023-10-20 15:30:44,akula
2871,som-eth-02376,0,2023-10-20 15:30:45,akula
2872,som-eth-02868,1,2023-10-20 15:30:47,akula
2873,cao-cha-01919,0,2023-10-20 15:30:49,akula
2874,col-per-03504,1,2023-10-20 15:30:51,akula
2875,cdi-gha-00083,1,2023-10-20 15:30:53,akula
2876,taj-kyr-01437,1,2023-10-20 15:30:55,akula
2877,fin-nor-00564,0,2023-10-20 15:30:58,akula
2878,mal-ins-03020,0,2023-10-20 15:30:59,akula
2879,chn-ind-04490,1,2023-10-20 15:31:02,akula
2880,col-ven-00013,1,2023-10-20 15:31:03,akula
2881,mex-gua-01810,0,2023-10-20 15:31:07,akula
2882,hun-slo-00496,1,2023-10-20 15:31:09,akula
2883,chn-ind-05498,1,2023-10-20 15:31:11,akula
2884,ind-mya-01740,0,2023-10-20 15:31:12,akula
2885,ind-mya-01740,0,2023-10-20 15:31:16,akula
2886,mld-rom-01101,0,2023-10-20 15:31:18,akula
2887,spn-por-02010,1,2023-10-20 15:31:20,akula
2888,chn-ind-09285,1,2023-10-20 15:31:21,akula
2889,cro-bos-00324,1,2023-10-20 15:31:24,akula
2890,mex-gua-02164,1,2023-10-20 15:31:26,akula
2891,afg-taj-02499,1,2023-10-20 15:31:28,akula
2892,mya-lao-00151,1,2023-10-20 15:31:29,akula
2893,zim-saf-00491,1,2023-10-20 15:31:31,akula
2894,thi-mal-00169,0,2023-10-20 15:31:34,akula
2895,ind-mya-03249,1,2023-10-20 15:31:35,akula
2896,spn-por-02853,1,2023-10-20 15:31:37,akula
2897,nir-nig-01561,1,2023-10-20 15:31:40,akula
2898,thi-mal-00214,0,2023-10-20 15:31:42,akula
2899,col-ven-00013,0,2023-10-20 15:31:44,akula
2900,mli-alg-00777,0,2023-10-20 15:31:49,akula
2901,afg-pak-00028,1,2023-10-20 15:31:53,akula
2902,mli-alg-01111,0,2023-10-20 15:31:55,akula
2903,cro-bos-00405,1,2023-10-20 15:32:00,akula
2904,afg-pak-01616,1,2023-10-20 15:32:02,akula
2905,mli-alg-01111,0,2023-10-20 15:32:03,akula
2906,rom-ukr-00349,1,2023-10-20 15:32:05,akula
2907,spn-por-03093,1,2023-10-20 15:32:12,akula
2908,grc-tur-00467,1,2023-10-20 15:32:15,akula
2909,mli-alg-01132,0,2023-10-20 15:32:17,akula
2910,chn-mon-06200,1,2023-10-20 15:32:21,akula
2911,mli-alg-02998,0,2023-10-20 15:32:24,akula
2912,cro-yug-00352,1,2023-10-20 15:32:26,akula
2913,chn-mon-06631,0,2023-10-20 15:32:30,akula
2914,sud-egy-01122,0,2023-10-20 15:32:32,akula
2915,alg-tun-02087,1,2023-10-20 15:32:35,akula
2916,mya-thi-00664,0,2023-10-20 15:32:38,akula
2917,mli-alg-02998,0,2023-10-20 15:32:40,akula
2918,chn-mon-06631,0,2023-10-20 15:32:48,akula
2919,par-arg-04767,1,2023-10-20 15:32:49,akula
2920,afg-pak-01673,1,2023-10-20 15:32:53,akula
2921,thi-mal-01023,1,2023-10-20 15:32:55,akula
2922,fin-swd-00355,1,2023-10-20 15:32:58,akula
2923,usa-can-16964,0,2023-10-20 15:32:59,akula
2924,mya-thi-03403,1,2023-10-20 15:33:01,akula
2925,usa-can-16964,0,2023-10-20 15:33:03,akula
2926,mzm-maw-02332,1,2023-10-20 15:33:07,akula
2927,afg-pak-01890,0,2023-10-20 15:33:13,akula
2928,nir-nig-03246,1,2023-10-20 15:33:14,akula
2929,sud-egy-01319,0,2023-10-20 15:33:16,akula
2930,cdi-gui-00601,1,2023-10-20 15:33:18,akula
2931,mzm-zim-00697,1,2023-10-20 15:33:23,akula
2932,sud-ssd-01312,0,2023-10-20 15:33:27,akula
2933,mzm-zim-01116,1,2023-10-20 15:33:33,akula
2934,nir-nig-03308,1,2023-10-20 15:33:35,akula
2935,nth-bel-01128,1,2023-10-20 15:33:37,akula
2936,nth-gmy-00600,1,2023-10-20 15:33:39,akula
2937,ben-nig-00257,1,2023-10-20 15:33:44,akula
2938,usa-mex-01977,1,2023-10-20 15:33:46,akula
2939,par-arg-04785,0,2023-10-20 15:33:48,akula
2940,nth-gmy-00600,1,2023-10-20 15:33:50,akula
2941,ang-zam-02149,0,2023-10-20 15:33:55,akula
2942,chn-mon-08791,0,2023-10-20 15:33:56,akula
2943,ukr-blr-00380,1,2023-10-20 15:33:58,akula
2944,sur-frn-00700,1,2023-10-20 15:34:00,akula
2945,cen-drc-01953,1,2023-10-20 15:34:07,akula
2946,cao-nig-01658,1,2023-10-20 15:34:10,akula
2947,arg-uru-00177,0,2023-10-20 15:34:15,akula
2948,per-bol-01737,1,2023-10-20 15:34:17,akula
2949,col-ven-01036,0,2023-10-20 15:34:19,akula
2950,czr-slo-00190,1,2023-10-20 15:34:25,akula
2951,per-bol-01737,1,2023-10-20 15:34:27,akula
2952,per-bra-02767,0,2023-10-20 15:34:30,akula
2953,ben-tog-01572,0,2023-10-20 15:34:35,akula
2954,swd-nor-01179,0,2023-10-20 15:34:36,akula
2955,fin-swd-01267,1,2023-10-20 15:34:38,akula
2956,ukr-blr-01330,0,2023-10-20 15:34:40,akula
2957,grg-aze-00058,1,2023-10-20 15:34:43,akula
2958,grg-aze-00058,1,2023-10-20 15:34:47,akula
2959,swd-nor-02831,0,2023-10-20 15:34:50,akula
2960,bfo-gha-00587,1,2023-10-20 15:34:52,akula
2961,swd-nor-02831,0,2023-10-20 15:34:55,akula
2962,chn-mon-11639,1,2023-10-20 15:34:59,akula
2963,cdi-gui-00796,1,2023-10-20 15:35:02,akula
2964,taj-kyr-02208,0,2023-10-20 15:35:13,akula
2965,dji-eth-00915,1,2023-10-20 15:35:15,akula
2966,tkm-uzb-00618,0,2023-10-20 15:35:17,akula
2967,tkm-uzb-00666,0,2023-10-20 15:35:19,akula
2968,cen-cha-00687,1,2023-10-20 15:35:20,akula
2969,tkm-uzb-01609,1,2023-10-20 15:35:23,akula
2970,tkm-uzb-01609,1,2023-10-20 15:35:29,akula
2971,tkm-uzb-02817,1,2023-10-20 15:35:33,akula
2972,tkm-uzb-03250,0,2023-10-20 15:35:36,akula
2973,tkm-uzb-04042,1,2023-10-20 15:35:38,akula
2974,tun-lib-00357,0,2023-10-20 15:35:41,akula
2975,cen-cha-02626,1,2023-10-20 15:35:43,akula
2976,tun-lib-00862,0,2023-10-20 15:35:46,akula
2977,chn-mon-11639,1,2023-10-20 15:35:50,akula
2978,tun-lib-00862,0,2023-10-20 15:35:53,akula
2979,tur-irq-00520,1,2023-10-20 15:35:55,akula
2980,chn-mya-00859,0,2023-10-20 15:35:57,akula
2981,tur-syr-00187,1,2023-10-20 15:35:59,akula
2982,tur-syr-01588,1,2023-10-20 15:36:00,akula
2983,cen-cha-02626,1,2023-10-20 15:36:07,akula
2984,cen-drc-00102,0,2023-10-20 15:36:09,akula
2985,cen-drc-00102,0,2023-10-20 15:36:14,akula
2986,cen-drc-00482,0,2023-10-20 15:36:15,akula
2987,cen-drc-00689,0,2023-10-21 14:57:14,Skyler
2988,cen-drc-03090,1,2023-10-21 14:57:17,Skyler
2989,cen-drc-03090,1,2023-10-21 14:57:19,Skyler
2990,cen-drc-04065,1,2023-10-21 14:57:22,Skyler
2991,cen-drc-04126,0,2023-10-21 14:57:24,Skyler
2992,cen-drc-04218,0,2023-10-21 14:57:26,Skyler
2993,cen-ssd-00971,0,2023-10-21 14:57:29,Skyler
2994,cen-ssd-00971,0,2023-10-21 14:57:31,Skyler
2995,cen-ssd-01520,0,2023-10-21 14:57:33,Skyler
2996,chn-mon-11995,1,2023-10-21 14:57:39,Skyler
2997,dji-eth-00915,0,2023-10-21 14:57:55,Skyler
2998,drc-ang-00973,0,2023-10-21 14:59:30,Skyler
2999,frn-gmy-00025,0,2023-10-21 14:59:35,Skyler
3000,drc-ang-03974,0,2023-10-21 14:59:53,Skyler
